,question,main_entity,image_url
0,What sport can you use this for?,this,./val2014/COCO_val2014_000000297147.jpg
1,Name the type of plant this is?,this plant,./val2014/COCO_val2014_000000339761.jpg
2,What toy is this?,this,./val2014/COCO_val2014_000000357586.jpg
3,Which part of this animal would be in use of it was playing the game that is played with the items the man is holding?,this animal,./val2014/COCO_val2014_000000094922.jpg
4,What could this gentleman be carrying in that red bag?,this gentleman,./val2014/COCO_val2014_000000207611.jpg
5,Who leaves a toilet like this?,toilet like this,./val2014/COCO_val2014_000000572399.jpg
6,A center affixed unit like this one in a kitchen is called a what?,this one,./val2014/COCO_val2014_000000575970.jpg
7,Why might someone go to this place?,this place,./val2014/COCO_val2014_000000304557.jpg
8,What does this grow from?,this,./val2014/COCO_val2014_000000218365.jpg
9,What is that man doing with the bat?,that man,./val2014/COCO_val2014_000000286313.jpg
10,Is this at a salt water beach or a lake?,this,./val2014/COCO_val2014_000000029984.jpg
11,Who designed the statues?,statues,./val2014/COCO_val2014_000000011511.jpg
12,What is the name of the items the hot dog are topped with?,items,./val2014/COCO_val2014_000000323460.jpg
13,What is this desk used for?,this desk,./val2014/COCO_val2014_000000516916.jpg
14,What type of bike is on the ground?,bike on the ground,./val2014/COCO_val2014_000000021711.jpg
15,What type of plane is that?,plane is that,./val2014/COCO_val2014_000000313386.jpg
16,Is this a room for a boy or girl?,this a room,./val2014/COCO_val2014_000000402639.jpg
17,In what year was this desert first introduced?,this desert,./val2014/COCO_val2014_000000457584.jpg
18,What is this surf trick called?,this surf trick,./val2014/COCO_val2014_000000488377.jpg
19,What do they call running around the bases on a single hit?,bases on a single hit,./val2014/COCO_val2014_000000301753.jpg
20,Why is this plugged in?,this,./val2014/COCO_val2014_000000183319.jpg
21,What is the shape?,the shape,./val2014/COCO_val2014_000000397063.jpg
22,What is the horsepower of the truck pulling the load?,truck,./val2014/COCO_val2014_000000497660.jpg
23,What kind of skiing is this person engaged in?,this person,./val2014/COCO_val2014_000000235784.jpg
24,What is the person in the photo wearing?,person in the photo,./val2014/COCO_val2014_000000319073.jpg
25,What is the name of the board he is on?,board he,./val2014/COCO_val2014_000000514468.jpg
26,Name the material used to make this car seat shown in this picture?,this car seat,./val2014/COCO_val2014_000000437126.jpg
27,What part of the face is the toothbrush in?,toothbrush,./val2014/COCO_val2014_000000518287.jpg
28,What flavor is this pastry?,this pastry,./val2014/COCO_val2014_000000380459.jpg
29,What kind of container are the flowers in?,the flowers,./val2014/COCO_val2014_000000500200.jpg
30,What country does this appear to be?,this,./val2014/COCO_val2014_000000315668.jpg
31,Which of the foods in the picture is best for you to eat when you have a cold?,foods in the picture,./val2014/COCO_val2014_000000373662.jpg
32,What do teenage pranksters do to this animal?,this animal,./val2014/COCO_val2014_000000429369.jpg
33,How many watts is that microwave?,that microwave,./val2014/COCO_val2014_000000427341.jpg
34,What is this type of blanket called?,this type of blanket,./val2014/COCO_val2014_000000393836.jpg
35,What south american country usually has this climate?,this climate,./val2014/COCO_val2014_000000017984.jpg
36,What american restaurant features an open kitchen with visible cooking area such as this?,open kitchen,./val2014/COCO_val2014_000000326837.jpg
37,What other big vehicle is often painted about the same shade as this vehicle?,this vehicle,./val2014/COCO_val2014_000000278032.jpg
38,What brand is this wine?,this wine,./val2014/COCO_val2014_000000111032.jpg
39,What would happen if these items fall to the ground?,these items,./val2014/COCO_val2014_000000509641.jpg
40,What brand of suit is the man in the image wearing?,the suit,./val2014/COCO_val2014_000000341309.jpg
41,Where might i buy a print that resembles this photo?,this photo,./val2014/COCO_val2014_000000112160.jpg
42,What are the rolled black food items called?,rolled black food items,./val2014/COCO_val2014_000000264540.jpg
43,What type of bird is this?,bird is this,./val2014/COCO_val2014_000000108982.jpg
44,How can you tell that the people are not upset?,people,./val2014/COCO_val2014_000000292971.jpg
45,How fast is the vehicle pictured capable of reaching?,vehicle pictured,./val2014/COCO_val2014_000000190204.jpg
46,Name the type of hat the man is wearing?,hat,./val2014/COCO_val2014_000000377486.jpg
47,What sates are these grown in?,these,./val2014/COCO_val2014_000000128280.jpg
48,How does the bread taste?,bread taste,./val2014/COCO_val2014_000000131841.jpg
49,What is this type of mack truck used for?,this type of mack truck,./val2014/COCO_val2014_000000130516.jpg
50,What type of platform should this vehicle be on?,this vehicle,./val2014/COCO_val2014_000000284548.jpg
51,What is the term for the effect used in this photo?,this photo,./val2014/COCO_val2014_000000506945.jpg
52,What is the small white outdoor house like building called?,small white outdoor house,./val2014/COCO_val2014_000000424744.jpg
53,What can the woman do with this toy?,this toy,./val2014/COCO_val2014_000000568148.jpg
54,Is this boy a professional player or still in high school?,this boy,./val2014/COCO_val2014_000000085772.jpg
55,What is the decorative fabric on the floor called?,decorative fabric,./val2014/COCO_val2014_000000139684.jpg
56,Is this in a home kitchen or commercial kitchen?,this,./val2014/COCO_val2014_000000473208.jpg
57,Which type of helmet is used by the sport person shown in this picture?,helmet,./val2014/COCO_val2014_000000303024.jpg
58,Which brand of slipper is shown in this picture?,slipper,./val2014/COCO_val2014_000000534252.jpg
59,Who directed the 2012 movie shown on the television in the picture?,movie shown on the television,./val2014/COCO_val2014_000000164924.jpg
60,What time of day is it?,time of day,./val2014/COCO_val2014_000000119785.jpg
61,Is this bathroom high or low end?,this bathroom,./val2014/COCO_val2014_000000051191.jpg
62,Name one famous person whom also has a black and white one of these?,one of these,./val2014/COCO_val2014_000000194313.jpg
63,Which item in this room is usually to wash hands?,item in this room,./val2014/COCO_val2014_000000332512.jpg
64,What are the white objects on this animals head called?,white objects,./val2014/COCO_val2014_000000376358.jpg
65,Which airline has this insignia?,this insignia,./val2014/COCO_val2014_000000395978.jpg
66,When was the cola brand on the signs founded?,cola brand on the signs,./val2014/COCO_val2014_000000216254.jpg
67,What type of hat is this gentleman wearing?,this hat,./val2014/COCO_val2014_000000291370.jpg
68,What character does this clock look like?,this clock,./val2014/COCO_val2014_000000330405.jpg
69,What fruit comes from these trees?,these trees,./val2014/COCO_val2014_000000050514.jpg
70,What type of skiing is being done here?,skiing,./val2014/COCO_val2014_000000566634.jpg
71,What is this animal famously known for?,this animal,./val2014/COCO_val2014_000000156999.jpg
72,Are these animals mammals or insects?,these animals,./val2014/COCO_val2014_000000453520.jpg
73,If it gets cold enough what will happen to the area being stepped over?,area being stepped over,./val2014/COCO_val2014_000000328284.jpg
74,How tall do these animals get?,these animals,./val2014/COCO_val2014_000000233553.jpg
75,What is the breed of this cat?,this cat,./val2014/COCO_val2014_000000358976.jpg
76,Is this fruit or veggies?,this fruit or veggies,./val2014/COCO_val2014_000000105040.jpg
77,Why so many green vegetables?,green vegetables,./val2014/COCO_val2014_000000537982.jpg
78,What unpleasant emotional state does this weather phenomenon often cause?,this weather phenomenon,./val2014/COCO_val2014_000000235221.jpg
79,What kind of oven is on the table?,oven on the table,./val2014/COCO_val2014_000000485424.jpg
80,How do people use this?,this,./val2014/COCO_val2014_000000286422.jpg
81,What small cloth is used to wipe the face or eating this meal?,small cloth,./val2014/COCO_val2014_000000519271.jpg
82,What is this truck moving?,this truck,./val2014/COCO_val2014_000000144985.jpg
83,Which phase is that moon in?,that moon,./val2014/COCO_val2014_000000560566.jpg
84,What kind of animal is clearly displayed on the cover of this bed?,animal on the cover,./val2014/COCO_val2014_000000343068.jpg
85,What is a type of horseback sport?,horseback sport,./val2014/COCO_val2014_000000152702.jpg
86,What item might be used to warm this item of furniture?,this item of furniture,./val2014/COCO_val2014_000000160393.jpg
87,What fills the balloons?,balloons,./val2014/COCO_val2014_000000259761.jpg
88,Would this article of furniture typically be for public or private use?,this article of furniture,./val2014/COCO_val2014_000000388398.jpg
89,How many passengers can this plane accomodate?,this plane,./val2014/COCO_val2014_000000407146.jpg
90,What knocked the guy off his chair?,the guy off his chair,./val2014/COCO_val2014_000000552573.jpg
91,What is the purpose of the logos on this truck?,logos on this truck,./val2014/COCO_val2014_000000100006.jpg
92,What is the purpose of these objects?,these objects,./val2014/COCO_val2014_000000568555.jpg
93,What happens here?,here,./val2014/COCO_val2014_000000287328.jpg
94,What company is this plane flying for?,this plane,./val2014/COCO_val2014_000000564911.jpg
95,Name the type of curtains shown in this picture?,curtains,./val2014/COCO_val2014_000000447117.jpg
96,What animal does the meat on the pizza come from?,meat on the pizza,./val2014/COCO_val2014_000000329455.jpg
97,How do you turn this on?,this,./val2014/COCO_val2014_000000136572.jpg
98,How tall is this animal usually?,this animal,./val2014/COCO_val2014_000000577524.jpg
99,How much tomato sauce is in this dish?,this dish,./val2014/COCO_val2014_000000270753.jpg
100,What brand of blue jeans is the skateboarder wearing?,blue jeans,./val2014/COCO_val2014_000000223157.jpg
101,Is this bird diurnal or nocturnal?,this bird,./val2014/COCO_val2014_000000308764.jpg
102,What is the white cloud behind the jet called?,white cloud,./val2014/COCO_val2014_000000294030.jpg
103,How heavy is this object?,this object,./val2014/COCO_val2014_000000274156.jpg
104,What restaraunt is this at?,this,./val2014/COCO_val2014_000000552221.jpg
105,What breed of dog is this?,this dog,./val2014/COCO_val2014_000000468487.jpg
106,What musical instrument is this man playing?,this man playing,./val2014/COCO_val2014_000000515612.jpg
107,Does this type of train transport people or cargo?,this type of train,./val2014/COCO_val2014_000000208524.jpg
108,What kind of dog is this?,dog is this,./val2014/COCO_val2014_000000197097.jpg
109,What is the name of this dish?,this dish,./val2014/COCO_val2014_000000236542.jpg
110,On what holiday do people traditionally eat this bird?,this bird,./val2014/COCO_val2014_000000104119.jpg
111,What do these animals generally eat?,these animals,./val2014/COCO_val2014_000000226459.jpg
112,What could a person use this for?,this,./val2014/COCO_val2014_000000274957.jpg
113,What is a group of these animals called?,these animals,./val2014/COCO_val2014_000000134119.jpg
114,What toe related phrase is most commonly associated with this sport?,this sport,./val2014/COCO_val2014_000000170852.jpg
115,What is the type of blade being used in this photo?,blade being used,./val2014/COCO_val2014_000000166704.jpg
116,Where are fruits like this best found?,fruits like this,./val2014/COCO_val2014_000000410004.jpg
117,How long does this animal usually live?,this animal,./val2014/COCO_val2014_000000063973.jpg
118,People that pledge to give per mile monies for those participating in these types of events are called what?,these types of events,./val2014/COCO_val2014_000000097988.jpg
119,What retractable appendage could this animal use to destroy the chair?,this animal,./val2014/COCO_val2014_000000495996.jpg
120,What event is this?,this,./val2014/COCO_val2014_000000298051.jpg
121,What other item is this company famous for manufacturing?,this company,./val2014/COCO_val2014_000000292188.jpg
122,What is the arrow indicating?,arrow,./val2014/COCO_val2014_000000573527.jpg
123,Why would animals do this?,this,./val2014/COCO_val2014_000000546171.jpg
124,What area of a school might this be?,this,./val2014/COCO_val2014_000000398992.jpg
125,For how long should the man in this picture continue to brush his teeth?,man in this picture,./val2014/COCO_val2014_000000315986.jpg
126,What kind of bird is this?,bird is this,./val2014/COCO_val2014_000000041867.jpg
127,How would you dress for this setting?,this setting,./val2014/COCO_val2014_000000170849.jpg
128,What new company has created competition for this type of transportation?,this type of transportation,./val2014/COCO_val2014_000000180329.jpg
129,What weather phenomenon most likely happened?,weather phenomenon,./val2014/COCO_val2014_000000534194.jpg
130,How many calories is in a food like this?,food like this,./val2014/COCO_val2014_000000019579.jpg
131,What single verb can be used to describe the action in this photo?,this photo,./val2014/COCO_val2014_000000276964.jpg
132,What kind of park is this picture taken in?,this picture,./val2014/COCO_val2014_000000540740.jpg
133,Who is the motorcycle manufacture?,motorcycle manufacture,./val2014/COCO_val2014_000000024396.jpg
134,What kind of shakers are on the table?,shakers,./val2014/COCO_val2014_000000513283.jpg
135,What low calorie way of cooking the green vegetables involves heating them over hot water?,green vegetables,./val2014/COCO_val2014_000000299355.jpg
136,What kind of serving utensil is used to serve this pizza?,this pizza,./val2014/COCO_val2014_000000384822.jpg
137,What type of process is occurring here?,process,./val2014/COCO_val2014_000000568358.jpg
138,What waterway is this boat on?,this boat,./val2014/COCO_val2014_000000035726.jpg
139,Is this illegal or legal?,this,./val2014/COCO_val2014_000000229383.jpg
140,Where can i buy flowers like these?,flowers like these,./val2014/COCO_val2014_000000254277.jpg
141,What do you call the device that keeps boats in place at sea?,the device,./val2014/COCO_val2014_000000340472.jpg
142,What kind of bird are they?,they,./val2014/COCO_val2014_000000100811.jpg
143,This man is speaking into a?,a?,./val2014/COCO_val2014_000000359126.jpg
144,What type of clothing are the men wearing?,clothing,./val2014/COCO_val2014_000000306415.jpg
145,What kind of glass is used to make that shower enclosure?,that shower enclosure,./val2014/COCO_val2014_000000058472.jpg
146,What is brown on the plate?,brown on the plate,./val2014/COCO_val2014_000000425848.jpg
147,What type of music is this child playing?,this child,./val2014/COCO_val2014_000000058690.jpg
148,Who invented the headgear worn here?,headgear worn,./val2014/COCO_val2014_000000154721.jpg
149,What material are those suits made out of?,those suits,./val2014/COCO_val2014_000000169089.jpg
150,What sport is this?,this,./val2014/COCO_val2014_000000388422.jpg
151,What sport is this?,this,./val2014/COCO_val2014_000000383229.jpg
152,What type of person would you call if this happened in your house?,this,./val2014/COCO_val2014_000000424668.jpg
153,Is this the beach or sahara?,this,./val2014/COCO_val2014_000000381709.jpg
154,What type of bread is on this sandwhich?,bread on this sandwhich,./val2014/COCO_val2014_000000208649.jpg
155,What religion does the statue belone to?,the statue,./val2014/COCO_val2014_000000395531.jpg
156,What type of food is this?,this,./val2014/COCO_val2014_000000172686.jpg
157,What kind of cat is this and what are some depictions of this breed of cat in fiction?,this breed of cat,./val2014/COCO_val2014_000000408736.jpg
158,In what city is the restaurant the man in the green hat is eating at?,restaurant,./val2014/COCO_val2014_000000281601.jpg
159,Is this animal a carnivore herbivore or omnivore?,this animal,./val2014/COCO_val2014_000000526721.jpg
160,What ingredient is missing from the picture to make a pb and j sandwich?,ingredient,./val2014/COCO_val2014_000000013490.jpg
161,What is the lighing like?,the lighing,./val2014/COCO_val2014_000000147415.jpg
162,What kind of slope is pictured here?,slope pictured,./val2014/COCO_val2014_000000030719.jpg
163,What source of energy does this vehicle use?,this vehicle,./val2014/COCO_val2014_000000408621.jpg
164,What are the two items that this athlete has in either hand?,this athlete,./val2014/COCO_val2014_000000214244.jpg
165,What is the rack on the bus used for?,rack on the bus,./val2014/COCO_val2014_000000549048.jpg
166,What is this woman playing with?,this woman,./val2014/COCO_val2014_000000294776.jpg
167,How do you make this dish?,this dish,./val2014/COCO_val2014_000000296634.jpg
168,What could this guy be doing?,this guy,./val2014/COCO_val2014_000000212288.jpg
169,Where were these vegetables grown?,these vegetables,./val2014/COCO_val2014_000000270554.jpg
170,The food in the photo contains which healthy vitamins?,food in the photo,./val2014/COCO_val2014_000000497439.jpg
171,What topping are on the hotdog?,topping,./val2014/COCO_val2014_000000581451.jpg
172,Which political figure is being referenced on the child's shirt?,child's shirt,./val2014/COCO_val2014_000000236884.jpg
173,What is this fireplace made of?,this fireplace,./val2014/COCO_val2014_000000226161.jpg
174,The picture on the laptop is called a what?,picture on the laptop,./val2014/COCO_val2014_000000031016.jpg
175,How well done is this steak cooked?,this steak,./val2014/COCO_val2014_000000472034.jpg
176,What type of bird is this?,bird is this,./val2014/COCO_val2014_000000581702.jpg
177,What beverages are pictured in this phot?,beverages,./val2014/COCO_val2014_000000084889.jpg
178,What kind of sign is this?,this sign,./val2014/COCO_val2014_000000193261.jpg
179,What continent s is are this bird found on?,this bird,./val2014/COCO_val2014_000000492349.jpg
180,What is needed to use this vehicle?,this vehicle,./val2014/COCO_val2014_000000313093.jpg
181,What breed are these two dogs?,these two dogs,./val2014/COCO_val2014_000000067532.jpg
182,What base is this guy on?,this guy on,./val2014/COCO_val2014_000000139072.jpg
183,What tooth is named after this type of animal?,this type of animal,./val2014/COCO_val2014_000000111548.jpg
184,What celestial body controls the movements of the body of water featured in this photo?,body of water,./val2014/COCO_val2014_000000173138.jpg
185,What are the white lines marked for?,white lines,./val2014/COCO_val2014_000000191585.jpg
186,How big do these animals get?,these animals,./val2014/COCO_val2014_000000367082.jpg
187,What kind of race is this?,this race,./val2014/COCO_val2014_000000145295.jpg
188,What might be the weight of this luggage?,this luggage,./val2014/COCO_val2014_000000240605.jpg
189,Was the person old or young?,No element to extract.,./val2014/COCO_val2014_000000272738.jpg
190,What breed of horse is that?,horse is that,./val2014/COCO_val2014_000000137803.jpg
191,Is the light ambient or natural?,light,./val2014/COCO_val2014_000000109532.jpg
192,What black veggie is on this pizza?,black veggie,./val2014/COCO_val2014_000000451683.jpg
193,The people in this photo are wearing what outfits which can be considered business formal?,people in this photo,./val2014/COCO_val2014_000000450993.jpg
194,What is this bench made out of?,this bench,./val2014/COCO_val2014_000000543112.jpg
195,What causes these waves?,these waves,./val2014/COCO_val2014_000000544574.jpg
196,What could make this room brighter?,this room,./val2014/COCO_val2014_000000292617.jpg
197,What is the name of that device that's holding the towels?,that device,./val2014/COCO_val2014_000000483179.jpg
198,What small appliance is that stuffed animal inside?,stuffed animal,./val2014/COCO_val2014_000000199681.jpg
199,What sport is this kind of racquet used to play?,this kind of racquet,./val2014/COCO_val2014_000000311465.jpg
200,How fast can the vehicle in the foreground go?,vehicle in the foreground,./val2014/COCO_val2014_000000312341.jpg
201,What items are spinning in the background which can be used to control electricity?,items,./val2014/COCO_val2014_000000048067.jpg
202,What object is synonymous with a rodent in this image?,this image,./val2014/COCO_val2014_000000464263.jpg
203,When was this item first invented?,this item,./val2014/COCO_val2014_000000500717.jpg
204,What brand is the black laptop?,black laptop,./val2014/COCO_val2014_000000459164.jpg
205,What type of train is that freight or passenger?,train is that,./val2014/COCO_val2014_000000435742.jpg
206,What kind of plane is this?,this plane,./val2014/COCO_val2014_000000574785.jpg
207,What do the triangles on the back of this bus mean?,this bus,./val2014/COCO_val2014_000000389684.jpg
208,This type of bus can be found in what popular city?,type of bus,./val2014/COCO_val2014_000000514376.jpg
209,What is a common term for the type of roadway the truck is entering?,type of roadway,./val2014/COCO_val2014_000000079955.jpg
210,What is the cartoon character's name who is wearing the red hat?,cartoon character wearing,./val2014/COCO_val2014_000000379842.jpg
211,What sense is this animal known for?,this animal,./val2014/COCO_val2014_000000043345.jpg
212,What is in the woman's hand?,woman's hand,./val2014/COCO_val2014_000000579337.jpg
213,If this chair where outside it might be made from what reed like material?,this chair,./val2014/COCO_val2014_000000505132.jpg
214,Where does this vehicle stop?,this vehicle,./val2014/COCO_val2014_000000184321.jpg
215,What causes the staining to occur?,staining,./val2014/COCO_val2014_000000460621.jpg
216,What are the benefits of drinking coffee?,coffee,./val2014/COCO_val2014_000000467022.jpg
217,Is this surfer regular footed or goofy footed?,this surfer,./val2014/COCO_val2014_000000302388.jpg
218,What is used to stuff those pillows?,those pillows,./val2014/COCO_val2014_000000345385.jpg
219,What are those wide leaved plants next to the bench called?,those wide leaved plants,./val2014/COCO_val2014_000000189782.jpg
220,Is this a legal or illegal fire hydrant color?,this,./val2014/COCO_val2014_000000035894.jpg
221,What object is this?,this,./val2014/COCO_val2014_000000058910.jpg
222,How many calories does this meal contain?,this meal,./val2014/COCO_val2014_000000434763.jpg
223,What kind of instrument is on the refrigerator?,instrument on the refrigerator,./val2014/COCO_val2014_000000569251.jpg
224,What type of cake is this?,this,./val2014/COCO_val2014_000000021639.jpg
225,How do we know that this bathroom is probably in a high rise building?,this bathroom,./val2014/COCO_val2014_000000358883.jpg
226,Who invented the sports equipment being used here?,sports equipment,./val2014/COCO_val2014_000000267837.jpg
227,When was this gaming system first released?,this gaming system,./val2014/COCO_val2014_000000435807.jpg
228,Where is this?,this,./val2014/COCO_val2014_000000504101.jpg
229,What type of car is this?,car is this,./val2014/COCO_val2014_000000559270.jpg
230,Who wrote the famous novels about the young wizard named on this bus?,this bus,./val2014/COCO_val2014_000000412349.jpg
231,What type of race would these kids compete in?,these kids,./val2014/COCO_val2014_000000191846.jpg
232,What brand is this device?,this device,./val2014/COCO_val2014_000000099581.jpg
233,Is the ocean calm or rough in this scene?,this scene,./val2014/COCO_val2014_000000008981.jpg
234,What is the board made of?,board,./val2014/COCO_val2014_000000507171.jpg
235,Can you guess the drink brand name shown in this picture?,drink brand name,./val2014/COCO_val2014_000000464857.jpg
236,What is in every drawer?,every drawer,./val2014/COCO_val2014_000000053965.jpg
237,What language is that sign in?,that sign,./val2014/COCO_val2014_000000335981.jpg
238,What animal is this boat mimicing?,this boat,./val2014/COCO_val2014_000000413320.jpg
239,What is the name of the knot used on this tie?,this tie,./val2014/COCO_val2014_000000475053.jpg
240,What type of currency is mainly accepted by this item?,this item,./val2014/COCO_val2014_000000417588.jpg
241,What climate would contain a lake like this?,lake like this,./val2014/COCO_val2014_000000109907.jpg
242,How did this man get in the air?,this man,./val2014/COCO_val2014_000000118406.jpg
243,How many teeth does this animal use to have?,this animal,./val2014/COCO_val2014_000000155291.jpg
244,What birds are those?,those,./val2014/COCO_val2014_000000389869.jpg
245,What kinds of dogs are those?,those,./val2014/COCO_val2014_000000370701.jpg
246,What types of buildings have these?,these,./val2014/COCO_val2014_000000124018.jpg
247,What is the scientific name for this group of animals?,this group of animals,./val2014/COCO_val2014_000000428178.jpg
248,What kind of hat is the person in orange shorts wearing?,hat,./val2014/COCO_val2014_000000332852.jpg
249,What is the walls in this photo made from?,this photo,./val2014/COCO_val2014_000000546219.jpg
250,What animal is the woman's shirt replicating the pelt?,woman's shirt,./val2014/COCO_val2014_000000502001.jpg
251,What is the purpose of the red rag?,red rag,./val2014/COCO_val2014_000000080219.jpg
252,What is this animal known for?,this animal,./val2014/COCO_val2014_000000007108.jpg
253,What other professional sport is famous for requiring leaps such as that seen here?,leaps such as that,./val2014/COCO_val2014_000000163118.jpg
254,What grip does this woman have on this tennis racket?,this tennis racket,./val2014/COCO_val2014_000000501898.jpg
255,What type of american currency would you stick in the machine?,american currency,./val2014/COCO_val2014_000000485406.jpg
256,Who uses this device?,this device,./val2014/COCO_val2014_000000528731.jpg
257,What material is the jacket made from?,the jacket,./val2014/COCO_val2014_000000397587.jpg
258,What year was this sport invented?,this sport,./val2014/COCO_val2014_000000057086.jpg
259,Where in the world do these types of animals live?,these types of animals,./val2014/COCO_val2014_000000164497.jpg
260,What does the plugged in item do?,plugged in item,./val2014/COCO_val2014_000000297269.jpg
261,The man wearing a hat what is the name of that hat?,hat,./val2014/COCO_val2014_000000305050.jpg
262,What type of watch is this?,watch,./val2014/COCO_val2014_000000392174.jpg
263,How long has ultimate frisbee been an official sport?,ultimate frisbee,./val2014/COCO_val2014_000000385918.jpg
264,Can you guess the aircraft model shown in this picture?,aircraft model,./val2014/COCO_val2014_000000139871.jpg
265,What type of dog is pictured?,dog is pictured,./val2014/COCO_val2014_000000108315.jpg
266,Name the bike model shown in this picture?,bike model,./val2014/COCO_val2014_000000457683.jpg
267,What is being cast onto the table?,cast onto the table,./val2014/COCO_val2014_000000167818.jpg
268,Who invented this kind of suit?,this kind of suit,./val2014/COCO_val2014_000000296684.jpg
269,What is causing the circles on the table?,circles on the table,./val2014/COCO_val2014_000000218404.jpg
270,What kind of lights are over these mirrors?,lights over these mirrors,./val2014/COCO_val2014_000000431306.jpg
271,This plane is passing by a part of what type of vehicle?,This plane,./val2014/COCO_val2014_000000383621.jpg
272,What is the name of the bar that holds the bike up in this picture?,bike up in this picture,./val2014/COCO_val2014_000000371890.jpg
273,What kind of sink is on the wall?,sink on the wall,./val2014/COCO_val2014_000000448320.jpg
274,What year was this plane made?,this plane,./val2014/COCO_val2014_000000137950.jpg
275,What operating system is on this computer?,this computer,./val2014/COCO_val2014_000000358763.jpg
276,What is the name of the trick being performed?,trick being performed,./val2014/COCO_val2014_000000434746.jpg
277,What normally can be seen crossing this?,this,./val2014/COCO_val2014_000000286671.jpg
278,Where does this food grow?,this food,./val2014/COCO_val2014_000000315744.jpg
279,What section is the player standing on?,player standing on,./val2014/COCO_val2014_000000056091.jpg
280,What type of kitchen is this?,this kitchen,./val2014/COCO_val2014_000000507081.jpg
281,What is he waiting to do?,he,./val2014/COCO_val2014_000000529850.jpg
282,What type of phone is this woman using?,phone,./val2014/COCO_val2014_000000182840.jpg
283,Which class are these students most likely attending?,these students,./val2014/COCO_val2014_000000019036.jpg
284,What is this workspace called?,this workspace,./val2014/COCO_val2014_000000528311.jpg
285,What is the person doing?,the person,./val2014/COCO_val2014_000000099592.jpg
286,Is this creme an acid or base?,this creme,./val2014/COCO_val2014_000000230226.jpg
287,What are the features of this phone?,this phone,./val2014/COCO_val2014_000000202343.jpg
288,The man in the orange shirt has a device what is this device used for?,this device,./val2014/COCO_val2014_000000142815.jpg
289,Who invented this item?,this item,./val2014/COCO_val2014_000000494345.jpg
290,What century is this?,this,./val2014/COCO_val2014_000000271025.jpg
291,What type of cellphone are both women using?,both women,./val2014/COCO_val2014_000000419158.jpg
292,Which large predatory feline is often a dark color like this animal?,this animal,./val2014/COCO_val2014_000000078426.jpg
293,How many minutes per pound does the bird in the woman's hands have to be cooked?,bird in the woman's hands,./val2014/COCO_val2014_000000446812.jpg
294,What brand is this stove?,this stove,./val2014/COCO_val2014_000000546463.jpg
295,What is required for all these devices to be connected to the internet without wires?,these devices,./val2014/COCO_val2014_000000475043.jpg
296,What print is on the mans shirt?,print on the mans shirt,./val2014/COCO_val2014_000000162952.jpg
297,Can you guess the ingredients used to make this dish?,this dish,./val2014/COCO_val2014_000000117170.jpg
298,How long does it take to learn this sport?,this sport,./val2014/COCO_val2014_000000484331.jpg
299,What type of horses are being ridin?,horses,./val2014/COCO_val2014_000000048555.jpg
300,How heavy is this machine?,this machine,./val2014/COCO_val2014_000000140651.jpg
301,What forms of transportation are there?,there,./val2014/COCO_val2014_000000383777.jpg
302,The puppy pictured here is a native of what chilly state?,puppy pictured here,./val2014/COCO_val2014_000000421902.jpg
303,What cartoon is on the side of the plane?,side of the plane,./val2014/COCO_val2014_000000537427.jpg
304,What breed is this dog?,this dog,./val2014/COCO_val2014_000000424432.jpg
305,Why would we suspect that this is not a summer time scene?,this,./val2014/COCO_val2014_000000190313.jpg
306,Is the basket on the ground open or closed?,basket on the ground,./val2014/COCO_val2014_000000322106.jpg
307,What age are the two people?,two people,./val2014/COCO_val2014_000000521142.jpg
308,What brand of watch is pictured?,watch,./val2014/COCO_val2014_000000133034.jpg
309,What popular food product is associated with this mode of transport?,this mode of transport,./val2014/COCO_val2014_000000376625.jpg
310,What kinds of clouds are those?,clouds,./val2014/COCO_val2014_000000460145.jpg
311,What activities could you engage in at this place?,this place,./val2014/COCO_val2014_000000333434.jpg
312,What plant is near the zebra?,plant near the zebra,./val2014/COCO_val2014_000000419371.jpg
313,What kind of plane is this?,plane is this,./val2014/COCO_val2014_000000192535.jpg
314,What team is the player from?,player,./val2014/COCO_val2014_000000494855.jpg
315,When was this type of two wheeled vehicle invented?,this type of vehicle,./val2014/COCO_val2014_000000535519.jpg
316,What kind of birds are these?,these birds,./val2014/COCO_val2014_000000567383.jpg
317,Who's the guy on the left?,guy on the left,./val2014/COCO_val2014_000000490739.jpg
318,What amusement ride is pictured?,amusement ride,./val2014/COCO_val2014_000000315610.jpg
319,What would you practice inside this building?,this building,./val2014/COCO_val2014_000000442223.jpg
320,What household chore do people use the white appliance for?,white appliance,./val2014/COCO_val2014_000000170630.jpg
321,If someone is doing this without a saddle they are said to be doing what?,this,./val2014/COCO_val2014_000000256470.jpg
322,Can you guess the family or breed to which the dog belongs to?,dog,./val2014/COCO_val2014_000000386637.jpg
323,Where can you get these?,these,./val2014/COCO_val2014_000000535253.jpg
324,Which type of metal is used for making this toilet?,this toilet,./val2014/COCO_val2014_000000055002.jpg
325,At which holiday would you traditionally eat this food?,this food,./val2014/COCO_val2014_000000165675.jpg
326,Can you name the place where this bird is seen?,this bird,./val2014/COCO_val2014_000000539604.jpg
327,What are the white veggies?,white veggies,./val2014/COCO_val2014_000000493799.jpg
328,What country or countries will you find these birds in?,these birds,./val2014/COCO_val2014_000000293452.jpg
329,How would this train stop itself on the tracks?,this train,./val2014/COCO_val2014_000000379800.jpg
330,How do we know this is not summertime?,this,./val2014/COCO_val2014_000000224567.jpg
331,What kind of umbrella are those in the background?,umbrella are those,./val2014/COCO_val2014_000000353001.jpg
332,What kind of plant is this wreath made from?,this wreath,./val2014/COCO_val2014_000000464296.jpg
333,Which occupation sniffs this item before drinking?,this item,./val2014/COCO_val2014_000000467250.jpg
334,What nationality are these children appear to be?,these children,./val2014/COCO_val2014_000000569314.jpg
335,What does the second light mean?,second light,./val2014/COCO_val2014_000000228122.jpg
336,What grade are these kids in?,these kids,./val2014/COCO_val2014_000000188862.jpg
337,Egyptians worshiped these animals?,these animals,./val2014/COCO_val2014_000000070353.jpg
338,Where is that kind of sign found?,that kind of sign,./val2014/COCO_val2014_000000288799.jpg
339,Is the christmas tree real or fake?,christmas tree,./val2014/COCO_val2014_000000015386.jpg
340,This holder is also called a shoe what?,this holder,./val2014/COCO_val2014_000000000042.jpg
341,In which direction is the wind blowing?,the wind,./val2014/COCO_val2014_000000518615.jpg
342,Is the man cross country skiing or is he in a race?,man,./val2014/COCO_val2014_000000164848.jpg
343,The sandwich in this photo was wrapped in what?,this photo,./val2014/COCO_val2014_000000051174.jpg
344,What room is this?,this,./val2014/COCO_val2014_000000211192.jpg
345,What mechanism propels the vehicle in this picture?,vehicle in this picture,./val2014/COCO_val2014_000000451559.jpg
346,What is this toy made of?,this toy,./val2014/COCO_val2014_000000332940.jpg
347,What animal do you have to watch out for when doing this sport?,this sport,./val2014/COCO_val2014_000000312385.jpg
348,Can you name the place where the boy is playing?,boy,./val2014/COCO_val2014_000000106912.jpg
349,Name the device which seperates the court above?,court above,./val2014/COCO_val2014_000000080022.jpg
350,What decade was this picture taken?,this picture,./val2014/COCO_val2014_000000285742.jpg
351,Where is this vegetable grown?,this vegetable,./val2014/COCO_val2014_000000471226.jpg
352,What body of water is this?,this,./val2014/COCO_val2014_000000117432.jpg
353,What kind of scissors are these?,these ,./val2014/COCO_val2014_000000117441.jpg
354,What does this animal eat?,this animal,./val2014/COCO_val2014_000000494328.jpg
355,What animal is half patterned like those pictured and half patterned like a donkey?,those pictured,./val2014/COCO_val2014_000000465835.jpg
356,What decade was this train engine manufactured?,this train engine,./val2014/COCO_val2014_000000116951.jpg
357,How did you make this dish?,this dish,./val2014/COCO_val2014_000000457394.jpg
358,Why is this dangerous?,this,./val2014/COCO_val2014_000000348631.jpg
359,What is the waist size of the man in the black shorts?,man in the black shorts,./val2014/COCO_val2014_000000026507.jpg
360,What organization operates this train?,this train,./val2014/COCO_val2014_000000495146.jpg
361,What is a common name for very tall buildings like the one shown in this photo?,the one shown,./val2014/COCO_val2014_000000328111.jpg
362,What is the name of the sticks held in this person's hand?,sticks,./val2014/COCO_val2014_000000420775.jpg
363,What do you do if you encounter this animal?,this animal,./val2014/COCO_val2014_000000011552.jpg
364,In what sort of building would this vehicle be found?,this vehicle,./val2014/COCO_val2014_000000257557.jpg
365,What kind of sign is this?,this sign,./val2014/COCO_val2014_000000448810.jpg
366,What are the eating utensils on the left called?,eating utensils,./val2014/COCO_val2014_000000301799.jpg
367,What type of building is this?,this building,./val2014/COCO_val2014_000000373266.jpg
368,What is the best country to visit a beach like this?,beach like this,./val2014/COCO_val2014_000000388374.jpg
369,Which bird is this?,bird is this,./val2014/COCO_val2014_000000135076.jpg
370,What is this device used for?,this device,./val2014/COCO_val2014_000000440937.jpg
371,What type of oil was used to garnish the dish?,this dish,./val2014/COCO_val2014_000000163852.jpg
372,What style of fence is this?,fence is this,./val2014/COCO_val2014_000000489346.jpg
373,What insects are attracted to this plant?,this plant,./val2014/COCO_val2014_000000554142.jpg
374,What type of person would live in this environment?,this environment,./val2014/COCO_val2014_000000024610.jpg
375,Why is this vehicle parked in the beach?,this vehicle,./val2014/COCO_val2014_000000196715.jpg
376,What kind of event is this?,this,./val2014/COCO_val2014_000000300814.jpg
377,Where can you buy this pet?,this pet,./val2014/COCO_val2014_000000080666.jpg
378,What type of clouds are these?,clouds are these,./val2014/COCO_val2014_000000383513.jpg
379,How many wheels does this vehicle usually have?,this vehicle,./val2014/COCO_val2014_000000325720.jpg
380,The rounded front part of the plane is also called the what?,rounded front part,./val2014/COCO_val2014_000000463037.jpg
381,Where are they going?,they,./val2014/COCO_val2014_000000202562.jpg
382,Why is there a rubber band on her head?,rubber band,./val2014/COCO_val2014_000000174503.jpg
383,In what room of a house would you most likly find these types of chairs?,these types of chairs,./val2014/COCO_val2014_000000112915.jpg
384,What type of occasion would warrant this behavior?,this behavior,./val2014/COCO_val2014_000000099119.jpg
385,Things that are scaled to such a small size but which are meant to accurately depict the larger variants are called what?,scaled things,./val2014/COCO_val2014_000000069884.jpg
386,What kind of vehicle is that and how many terrorist attacks have been performed with it?,vehicle is that,./val2014/COCO_val2014_000000401003.jpg
387,This is a modern plane that was originally inspired by what two brothers?,This is a modern plane,./val2014/COCO_val2014_000000073634.jpg
388,How is this beverage made?,this beverage,./val2014/COCO_val2014_000000344100.jpg
389,What is the type of ground the horses are riding on?,horses,./val2014/COCO_val2014_000000474934.jpg
390,Under what family do these two vegetables fall in?,these two vegetables,./val2014/COCO_val2014_000000341933.jpg
391,What psychological benefits do these animals provide their owners?,these animals,./val2014/COCO_val2014_000000559388.jpg
392,What activity is taking place?,activity,./val2014/COCO_val2014_000000098048.jpg
393,What is the player most likely kicking the ball towards?,player,./val2014/COCO_val2014_000000091751.jpg
394,How much water can the teapot in the photo hold?,teapot in the photo,./val2014/COCO_val2014_000000350230.jpg
395,What kind of dog is featured in this photo?,dog is featured,./val2014/COCO_val2014_000000075283.jpg
396,What does the color of this sign represent in america?,this sign,./val2014/COCO_val2014_000000397278.jpg
397,How many of this animal are estimated to be kept as pets worldwide?,this animal,./val2014/COCO_val2014_000000163155.jpg
398,Giraffes have spots to provide what kind of defense?,spots,./val2014/COCO_val2014_000000498610.jpg
399,What gender is the child?,the child,./val2014/COCO_val2014_000000424270.jpg
400,Who painting the artwork hanging over the fireplace?,artwork hanging,./val2014/COCO_val2014_000000016958.jpg
401,Why is he eating this?,this,./val2014/COCO_val2014_000000028998.jpg
402,What is the object called that is tied around this dogs neck?,this dog's neck,./val2014/COCO_val2014_000000435069.jpg
403,What is the name of the airline of the pictured airplane?,pictured airplane,./val2014/COCO_val2014_000000463781.jpg
404,What is a good side dish for this meal?,this meal,./val2014/COCO_val2014_000000398236.jpg
405,What is this object for?,this object,./val2014/COCO_val2014_000000277440.jpg
406,What is that special shirt called?,that special shirt,./val2014/COCO_val2014_000000581557.jpg
407,Name the place shown in this picture?,this picture,./val2014/COCO_val2014_000000576461.jpg
408,What kind of stuffed toy is in the picture?,stuffed toy is in the picture,./val2014/COCO_val2014_000000435957.jpg
409,Which furnishing seen here is of a type reminiscent of what is seen in some classrooms?,furnishing seen here,./val2014/COCO_val2014_000000318701.jpg
410,What is the glaze on the chicken?,glaze on the chicken,./val2014/COCO_val2014_000000125673.jpg
411,What is this man doing?,this man,./val2014/COCO_val2014_000000298633.jpg
412,Why does this person have protective clothing on?,this person,./val2014/COCO_val2014_000000181296.jpg
413,These are something who don't eat without a fight?,these,./val2014/COCO_val2014_000000352478.jpg
414,Name the family or bread to which this dog belongs to?,this dog,./val2014/COCO_val2014_000000396543.jpg
415,What is the purpose of this machine?,this machine,./val2014/COCO_val2014_000000251379.jpg
416,This type of animal has a famously long what?,This type of animal,./val2014/COCO_val2014_000000165336.jpg
417,What type of bread is pictured in this dish?,this dish,./val2014/COCO_val2014_000000196462.jpg
418,What kind of devices use these?,these devices,./val2014/COCO_val2014_000000417804.jpg
419,What century is this?,this,./val2014/COCO_val2014_000000241453.jpg
420,When was this airline founded?,this airline,./val2014/COCO_val2014_000000218224.jpg
421,What type of event are these people attending?,these people,./val2014/COCO_val2014_000000270672.jpg
422,Where can i but nice looking suitcases like in this photo?,suitcases like in this photo,./val2014/COCO_val2014_000000312278.jpg
423,What make and model is the white car?,white car,./val2014/COCO_val2014_000000463406.jpg
424,What water activity is occuring here?,water activity,./val2014/COCO_val2014_000000513555.jpg
425,What is the kid playing with?,kid playing,./val2014/COCO_val2014_000000155912.jpg
426,What type of pattern is on the animals fur?,animals fur,./val2014/COCO_val2014_000000136250.jpg
427,What did the animal just finishing doing?,animal,./val2014/COCO_val2014_000000149909.jpg
428,What formation are the planes flying in?,planes flying,./val2014/COCO_val2014_000000513098.jpg
429,What will not happen after this?,this,./val2014/COCO_val2014_000000299409.jpg
430,What plant is shown in the art on the wall?,plant,./val2014/COCO_val2014_000000343424.jpg
431,What kind of soil is this?,this,./val2014/COCO_val2014_000000449981.jpg
432,How many calories per slice does this food contain?,this food,./val2014/COCO_val2014_000000112818.jpg
433,What kind of beverage could one make with the item on top of the stove?,item on top,./val2014/COCO_val2014_000000161047.jpg
434,What condition are these athletes trying to prevent with their clothing?,these athletes,./val2014/COCO_val2014_000000422622.jpg
435,What is the material used to make the flowers on these cakes?,flowers on these cakes,./val2014/COCO_val2014_000000311846.jpg
436,What brand is the tv?,the tv,./val2014/COCO_val2014_000000424208.jpg
437,To which airline does this plane belong?,this plane,./val2014/COCO_val2014_000000244487.jpg
438,What breed is the horse?,horse,./val2014/COCO_val2014_000000251741.jpg
439,What is this space used for?,this space,./val2014/COCO_val2014_000000449708.jpg
440,What service does this store sell?,this store,./val2014/COCO_val2014_000000134001.jpg
441,Why can you not cross the barrier?,the barrier,./val2014/COCO_val2014_000000115300.jpg
442,What country is this is?,this,./val2014/COCO_val2014_000000199516.jpg
443,Is this a boy or girl?,this,./val2014/COCO_val2014_000000565198.jpg
444,Which brand of bike is rided by the person in the photo?,bike,./val2014/COCO_val2014_000000498758.jpg
445,What language is spoken in this place?,this place,./val2014/COCO_val2014_000000564317.jpg
446,What style of oranges are in the stack?,oranges in the stack,./val2014/COCO_val2014_000000449073.jpg
447,Which part of the country would you find such?,such,./val2014/COCO_val2014_000000152543.jpg
448,Is he catching or throwing?,he,./val2014/COCO_val2014_000000552188.jpg
449,What growing item seen here is frequently used for christmas?,growing item,./val2014/COCO_val2014_000000408818.jpg
450,What are they doing inside this room?,this room,./val2014/COCO_val2014_000000416184.jpg
451,What is the name of the hand held equipment being used?,hand held equipment,./val2014/COCO_val2014_000000038118.jpg
452,Can you guess the bike model shown in this picture?,bike model,./val2014/COCO_val2014_000000192701.jpg
453,What kind of dog is that?,dog is that,./val2014/COCO_val2014_000000441083.jpg
454,Why would we assume this surfer is not about to engage in his sport?,this surfer,./val2014/COCO_val2014_000000084498.jpg
455,What is the tallest one of these that has even been surfed on?,these,./val2014/COCO_val2014_000000229529.jpg
456,What brand uses these animals as advertising?,these animals,./val2014/COCO_val2014_000000318671.jpg
457,What sound does this animal make?,this animal,./val2014/COCO_val2014_000000526706.jpg
458,What's the next thing this player is likely to do?,this player,./val2014/COCO_val2014_000000026413.jpg
459,How do you take care of the breed of cat in this photo?,breed of cat,./val2014/COCO_val2014_000000230220.jpg
460,What flaky dough is used to cover this dish?,this dish,./val2014/COCO_val2014_000000280810.jpg
461,What are the chairs made of?,chairs,./val2014/COCO_val2014_000000389843.jpg
462,What type of skateboard trick can be performed on that black structure?,that black structure,./val2014/COCO_val2014_000000279940.jpg
463,How heavy are these animals?,these animals,./val2014/COCO_val2014_000000254609.jpg
464,What type of picture is this person taking?,this person,./val2014/COCO_val2014_000000561088.jpg
465,Planks like these that create a level flooring attached to a house are called a what?,these,./val2014/COCO_val2014_000000544094.jpg
466,What brand of tennis racket is this person holding?,this person holding,./val2014/COCO_val2014_000000554357.jpg
467,What breed it this cat?,this cat,./val2014/COCO_val2014_000000463865.jpg
468,What is the proper name for a child of the species shown?,species shown,./val2014/COCO_val2014_000000539326.jpg
469,What type of program is playing on the tv?,program is playing on the tv,./val2014/COCO_val2014_000000076619.jpg
470,How many people can this bus carry?,this bus,./val2014/COCO_val2014_000000058174.jpg
471,What kind of trees are in the background?,trees are in the background,./val2014/COCO_val2014_000000035160.jpg
472,What does this sandwich variant have in common with popsicles?,this sandwich variant,./val2014/COCO_val2014_000000177838.jpg
473,What kind of event would these animals be at?,these animals,./val2014/COCO_val2014_000000052470.jpg
474,What is he listening to?,he,./val2014/COCO_val2014_000000510138.jpg
475,What piece of clothing is this boy putting on?,this boy,./val2014/COCO_val2014_000000161112.jpg
476,How long is this animals tongue?,this animal's tongue,./val2014/COCO_val2014_000000518721.jpg
477,What is this type of policeman typically called?,this type of policeman,./val2014/COCO_val2014_000000533032.jpg
478,Where in this room could i sit?,this room,./val2014/COCO_val2014_000000033345.jpg
479,In what states might this person be doing this activity?,this activity,./val2014/COCO_val2014_000000396821.jpg
480,What kind of cat is that?,cat is that,./val2014/COCO_val2014_000000328780.jpg
481,Who was the artist that painted this train car?,this train car,./val2014/COCO_val2014_000000530466.jpg
482,What item normally used by stair climbers to maneuver forward with their arms is not on view here?,item,./val2014/COCO_val2014_000000182834.jpg
483,What california national park are these known to be seen?,these,./val2014/COCO_val2014_000000011364.jpg
484,What kind of ties are the men wearing?,ties,./val2014/COCO_val2014_000000387429.jpg
485,Should you leave the toilet seat up like this photo or down?,toilet seat up,./val2014/COCO_val2014_000000572399.jpg
486,What treat is the vender selling?,vender selling,./val2014/COCO_val2014_000000331242.jpg
487,What is this made of?,this,./val2014/COCO_val2014_000000210099.jpg
488,What type of cheese was used?,cheese,./val2014/COCO_val2014_000000303611.jpg
489,What is a state where this scene could take place?,this scene,./val2014/COCO_val2014_000000063565.jpg
490,This activity helps to ensure that what remains fresh?,this activity,./val2014/COCO_val2014_000000570039.jpg
491,When was the activity shown first invented?,activity shown,./val2014/COCO_val2014_000000030049.jpg
492,What is the brand name of the monitor?,the monitor,./val2014/COCO_val2014_000000504670.jpg
493,Which type of glass is used for making the glass cups shown in this photo?,glass cups,./val2014/COCO_val2014_000000293574.jpg
494,What kind of vehicle is above the building?,vehicle,./val2014/COCO_val2014_000000525371.jpg
495,What activities could take place in this room?,this room,./val2014/COCO_val2014_000000303006.jpg
496,Where are these people?,these people,./val2014/COCO_val2014_000000398138.jpg
497,This small person's first set of teeth are called the what teeth?,This small person's,./val2014/COCO_val2014_000000046889.jpg
498,What animal is printed on this baby's clothes in this picture?,baby's clothes,./val2014/COCO_val2014_000000370980.jpg
499,What tools are needed to construct this toy?,this toy,./val2014/COCO_val2014_000000511363.jpg
500,Why would this man be wearing these glasses?,these glasses,./val2014/COCO_val2014_000000160761.jpg
501,Who is the home run leader in this sport?,this sport,./val2014/COCO_val2014_000000051605.jpg
502,What sport is this?,this,./val2014/COCO_val2014_000000430652.jpg
503,What type of architecture is shown in these buildings?,these buildings,./val2014/COCO_val2014_000000120977.jpg
504,How long should i bake this for?,this,./val2014/COCO_val2014_000000428812.jpg
505,What type of cheese is on this sandwich?,this sandwich,./val2014/COCO_val2014_000000050829.jpg
506,When was this type of transportation invented?,this type of transportation,./val2014/COCO_val2014_000000001374.jpg
507,What kind of sport is practiced is in this picture?,this picture,./val2014/COCO_val2014_000000308677.jpg
508,What topic is this event related to?,this event,./val2014/COCO_val2014_000000293425.jpg
509,What is in this truck?,this truck,./val2014/COCO_val2014_000000205647.jpg
510,Name the clock model shown in this picture?,clock model,./val2014/COCO_val2014_000000103017.jpg
511,In an area like this what sort of animals might be seen in the trees?,this,./val2014/COCO_val2014_000000435783.jpg
512,What is the most popular candy shown here?,candy shown here,./val2014/COCO_val2014_000000134542.jpg
513,What full scale train does this small one represent?,this small one,./val2014/COCO_val2014_000000132683.jpg
514,What are these used for?,these,./val2014/COCO_val2014_000000215812.jpg
515,What did people put on this sign?,this sign,./val2014/COCO_val2014_000000089459.jpg
516,What store could you find this item?,this item,./val2014/COCO_val2014_000000575822.jpg
517,What device did these remotes often fly into?,these remotes,./val2014/COCO_val2014_000000221303.jpg
518,What derby is the horse apart of?,horse,./val2014/COCO_val2014_000000173693.jpg
519,What brand of container are being used?,container,./val2014/COCO_val2014_000000280536.jpg
520,What letter of the alphabet do those animals names start with?,those animals,./val2014/COCO_val2014_000000256091.jpg
521,How can be wool of sheep be used?,wool of sheep,./val2014/COCO_val2014_000000020608.jpg
522,What types of birds are those present?,those ,./val2014/COCO_val2014_000000202926.jpg
523,When discussing things over dinner what part of the body is it considered rude to place upon the table?,part of the body,./val2014/COCO_val2014_000000196085.jpg
524,What is the name of the garment this man is wearing?,this man,./val2014/COCO_val2014_000000300408.jpg
525,Where is the luggage stored on the green bus?,the luggage,./val2014/COCO_val2014_000000581394.jpg
526,Who lost this teddy bear?,this teddy bear,./val2014/COCO_val2014_000000044467.jpg
527,What kind of bird is this?,bird is this,./val2014/COCO_val2014_000000574256.jpg
528,Before being used what are most cellphone likely connected to by those cords?,most cellphone,./val2014/COCO_val2014_000000176007.jpg
529,What drink is this?,"this drink

",./val2014/COCO_val2014_000000463283.jpg
530,What is the purpose of the red decorations in this photo?,red decorations,./val2014/COCO_val2014_000000341838.jpg
531,Where is this picture taken from?,this picture,./val2014/COCO_val2014_000000024560.jpg
532,What food does this animal eat?,this animal,./val2014/COCO_val2014_000000498381.jpg
533,This display is taken from what famous children's novel?,This display,./val2014/COCO_val2014_000000541664.jpg
534,How many different types of donuts are in this shop?,this shop,./val2014/COCO_val2014_000000234169.jpg
535,What is the average lifespan for this animal?,this animal,./val2014/COCO_val2014_000000196244.jpg
536,What do those stickers do?,those stickers,./val2014/COCO_val2014_000000516341.jpg
537,Why are these men dressed like this?,these men dressed,./val2014/COCO_val2014_000000000328.jpg
538,What brain parasite is much more likely to infect owners of these animals?,these animals,./val2014/COCO_val2014_000000056158.jpg
539,What type of company is represented here?,company is represented here,./val2014/COCO_val2014_000000243442.jpg
540,What long strap can be tied to the object around the animal's neck?,object around the animal's neck,./val2014/COCO_val2014_000000099543.jpg
541,What is the item with the burners and knobs?,item with the burners,./val2014/COCO_val2014_000000394659.jpg
542,What is that paper on the ground called?,that paper,./val2014/COCO_val2014_000000226496.jpg
543,What kind of award is this?,award is this ,./val2014/COCO_val2014_000000453166.jpg
544,What is the blue thing doing?,blue thing,./val2014/COCO_val2014_000000167544.jpg
545,The rounded wheels belong to what type of vehicle?,rounded wheels,./val2014/COCO_val2014_000000549300.jpg
546,What game is he playing?,he playing,./val2014/COCO_val2014_000000099996.jpg
547,Which tony jaa film contains this animal being rescued by the main character?,this animal,./val2014/COCO_val2014_000000349486.jpg
548,What base are they standing on?,they standing,./val2014/COCO_val2014_000000009450.jpg
549,What type of dinnerware is the food on?,dinnerware,./val2014/COCO_val2014_000000547493.jpg
550,Places where the vehicles shown here can park are called what?,vehicles shown here,./val2014/COCO_val2014_000000531495.jpg
551,It is a boat or ship or fishboat?,boat or ship,./val2014/COCO_val2014_000000385586.jpg
552,What brand racket is the player holding?,racket,./val2014/COCO_val2014_000000443784.jpg
553,What is a male of this animal called?,this animal,./val2014/COCO_val2014_000000434089.jpg
554,What are these people celebrating?,these people,./val2014/COCO_val2014_000000305800.jpg
555,What is the lighting in this space?,this space,./val2014/COCO_val2014_000000112110.jpg
556,Where can i buy a bear similar to this one?,bear,./val2014/COCO_val2014_000000106330.jpg
557,What were they doing?,they,./val2014/COCO_val2014_000000402931.jpg
558,What device is the woman talking into?,device,./val2014/COCO_val2014_000000100624.jpg
559,To what profession is the hat depicted frequently linked?,hat depicted,./val2014/COCO_val2014_000000108244.jpg
560,Is this type of animal more closer to the character babar or the character snoopy?,this type of animal,./val2014/COCO_val2014_000000508731.jpg
561,What can this be used for?,this,./val2014/COCO_val2014_000000016606.jpg
562,What is the purpose of the white circle?,white circle,./val2014/COCO_val2014_000000060363.jpg
563,What popular term is given for what the person in the background is doing?,person in the background,./val2014/COCO_val2014_000000316007.jpg
564,In this game a poorly hit ball has what in common with a chicken?,this game,./val2014/COCO_val2014_000000086001.jpg
565,Where in the world is this located?,this,./val2014/COCO_val2014_000000368080.jpg
566,How fast do these trains go?,these trains,./val2014/COCO_val2014_000000419624.jpg
567,What vegetables are shown?,vegetables,./val2014/COCO_val2014_000000323925.jpg
568,In what year was this mode of transportation created?,this mode of transportation,./val2014/COCO_val2014_000000371945.jpg
569,What is the light indicating oncoming traffic should be doing?,light indicating oncoming traffic,./val2014/COCO_val2014_000000307847.jpg
570,The human rider on the horses are called what?,human rider,./val2014/COCO_val2014_000000296886.jpg
571,What kind of building is this?,building is this,./val2014/COCO_val2014_000000165225.jpg
572,What do you call the pattern on this tie?,this tie,./val2014/COCO_val2014_000000495288.jpg
573,What are these items usually used by?,these items,./val2014/COCO_val2014_000000293474.jpg
574,Where do you have weather like this?,weather like this,./val2014/COCO_val2014_000000265125.jpg
575,What is needed to use this transportation?,this transportation,./val2014/COCO_val2014_000000038031.jpg
576,Can you name the place where this horse is seen?,this horse,./val2014/COCO_val2014_000000422729.jpg
577,Are these fruits or vegetables?,these,./val2014/COCO_val2014_000000578203.jpg
578,What type of tree is this?,this tree,./val2014/COCO_val2014_000000126701.jpg
579,What animal tries to attack persons doing this activity?,this activity,./val2014/COCO_val2014_000000058647.jpg
580,What team does this man play for?,this man,./val2014/COCO_val2014_000000476770.jpg
581,Why did he leave his car next to a fire hydrant?,his car,./val2014/COCO_val2014_000000354829.jpg
582,Even without bacon or sausage why would we think this person has plenty of protein on their plate?,this person,./val2014/COCO_val2014_000000569289.jpg
583,What mammal do you see?,mammal,./val2014/COCO_val2014_000000022969.jpg
584,Who had used one of these floating objects in a famous experiment on electricity?,these floating objects,./val2014/COCO_val2014_000000400719.jpg
585,How do we know there may be a railroad nearby?,railroad nearby,./val2014/COCO_val2014_000000245481.jpg
586,What type of exercise might she be doing?,exercise,./val2014/COCO_val2014_000000493022.jpg
587,What is the nutrition value of the fruits?,the fruits,./val2014/COCO_val2014_000000116845.jpg
588,What condiments would be good on this sandwhich?,this sandwhich,./val2014/COCO_val2014_000000000661.jpg
589,How expensive is this entree?,this entree,./val2014/COCO_val2014_000000365277.jpg
590,What brand of device is the boy using?,device,./val2014/COCO_val2014_000000367891.jpg
591,What breed of the horse is shown in the image?,horse,./val2014/COCO_val2014_000000515303.jpg
592,What topping is on this pizza?,this pizza,./val2014/COCO_val2014_000000067966.jpg
593,What do i do with this thing?,this thing,./val2014/COCO_val2014_000000434261.jpg
594,What city is shown?,city,./val2014/COCO_val2014_000000490338.jpg
595,How much wood is needed to construct this seat?,this seat,./val2014/COCO_val2014_000000254001.jpg
596,Where can i get a coffee table like this?,coffee table like this,./val2014/COCO_val2014_000000439840.jpg
597,What is the model of the motorcycle in the front of the motorcycle pack?,motorcycle in the front,./val2014/COCO_val2014_000000271565.jpg
598,What kind of pants is this woman wearing?,this woman,./val2014/COCO_val2014_000000070528.jpg
599,What might one need before being able to board one of these?,these,./val2014/COCO_val2014_000000174690.jpg
600,Is this sport popular more popular in the us or the uk?,this sport,./val2014/COCO_val2014_000000072764.jpg
601,What moutains are in the background?,mountains in the background,./val2014/COCO_val2014_000000443101.jpg
602,What kind of airplane is this?,airplane is this,./val2014/COCO_val2014_000000314493.jpg
603,What is the name of this sandwich?,this sandwich,./val2014/COCO_val2014_000000089549.jpg
604,What food is this?,this,./val2014/COCO_val2014_000000536183.jpg
605,How creepy is the decor in this room?,this room,./val2014/COCO_val2014_000000457078.jpg
606,Why might someone need to be in the place of this photo?,place of this photo,./val2014/COCO_val2014_000000409116.jpg
607,Is this a garage or factory?,this,./val2014/COCO_val2014_000000530631.jpg
608,What occupation might he have?,he,./val2014/COCO_val2014_000000139094.jpg
609,How much water can the bottles on the table hold?,bottles on the table,./val2014/COCO_val2014_000000273329.jpg
610,What kind of farm is this?,this farm,./val2014/COCO_val2014_000000344888.jpg
611,What kind of fuel does this toy use?,this toy,./val2014/COCO_val2014_000000150410.jpg
612,What is the term for the kind of furniture in front of the mirror?,furniture in front,./val2014/COCO_val2014_000000407355.jpg
613,What city is this?,this,./val2014/COCO_val2014_000000433971.jpg
614,Are these people goth or punk and what are some famous japanese and korean goth and punk fashions?,these people,./val2014/COCO_val2014_000000378467.jpg
615,When you bend your knees as this man is doing you are performing an exercise called a what?,this man,./val2014/COCO_val2014_000000490279.jpg
616,Who manufactured this popular 1990's cellular phone?,this popular 1990's cellular phone,./val2014/COCO_val2014_000000258322.jpg
617,Name the place where this bear is seen in this picture?,this bear,./val2014/COCO_val2014_000000094355.jpg
618,What is behind the plane?,plane,./val2014/COCO_val2014_000000315191.jpg
619,Is he playing in a game or practicing?,he playing,./val2014/COCO_val2014_000000409964.jpg
620,Which holiday would the teddy bear be sold at malls?,teddy bear,./val2014/COCO_val2014_000000578710.jpg
621,What kind of fruit?,fruit,./val2014/COCO_val2014_000000448600.jpg
622,What kind of clothes is dressing the man?,clothes,./val2014/COCO_val2014_000000345979.jpg
623,From what part of the country is this food most likely being served in?,this food,./val2014/COCO_val2014_000000531433.jpg
624,Are the tops of these towers minarets or domes?,these towers,./val2014/COCO_val2014_000000187901.jpg
625,What health benefit does this type of vegetable have?,this type of vegetable,./val2014/COCO_val2014_000000364973.jpg
626,What is this piece of outside furniture called?,this piece,./val2014/COCO_val2014_000000285325.jpg
627,Is this a walkway or motorway?,this,./val2014/COCO_val2014_000000293505.jpg
628,What is the common name for this type of hill?,this type of hill,./val2014/COCO_val2014_000000285291.jpg
629,Which fashion conscious sisters are famous for playing this game?,this game,./val2014/COCO_val2014_000000562581.jpg
630,What brand of phone is this?,this phone,./val2014/COCO_val2014_000000365886.jpg
631,What is a slang word for this food item?,this food item,./val2014/COCO_val2014_000000155125.jpg
632,A group of these animals is called a what?,these animals,./val2014/COCO_val2014_000000023411.jpg
633,What brand of vehicle is that?,vehicle is that,./val2014/COCO_val2014_000000317410.jpg
634,What is the name of the mechanism located on the front end of the plane?,mechanism located,./val2014/COCO_val2014_000000078979.jpg
635,What princess famously suggested that peasants eat this type of food?,this type of food,./val2014/COCO_val2014_000000106338.jpg
636,What type of easy chair is this?,easy chair is this,./val2014/COCO_val2014_000000037616.jpg
637,Do the occupants of this building receive their mail at their door or in a box along the street?,this building,./val2014/COCO_val2014_000000086835.jpg
638,Was the ball thrown overhand or underhand?,the ball,./val2014/COCO_val2014_000000479477.jpg
639,Which popular digestive aid is the color of this table cloth?,this table cloth,./val2014/COCO_val2014_000000260808.jpg
640,What is missing on this man's elbows and knees?,this man's elbows and knees,./val2014/COCO_val2014_000000113756.jpg
641,How much is this truck worth?,this truck,./val2014/COCO_val2014_000000060677.jpg
642,What kind of tomato sauce is there?,tomato sauce,./val2014/COCO_val2014_000000361153.jpg
643,What kind of omen is the cat on the right considered?,cat on the right,./val2014/COCO_val2014_000000332159.jpg
644,Why do the boys shirts match?,boys shirts,./val2014/COCO_val2014_000000497067.jpg
645,What altitude do these animals favor?,these animals,./val2014/COCO_val2014_000000157170.jpg
646,What is the suit the woman was wearing made of?,suit,./val2014/COCO_val2014_000000042944.jpg
647,What common appliance is missing from this kitchen?,this kitchen,./val2014/COCO_val2014_000000429598.jpg
648,What is this light used for?,this light,./val2014/COCO_val2014_000000460652.jpg
649,What was used to capture this photo?,this photo,./val2014/COCO_val2014_000000211722.jpg
650,What kind of beverage is the poster on the left referring to?,poster on the left,./val2014/COCO_val2014_000000524459.jpg
651,What team is number 51 from?,number 51,./val2014/COCO_val2014_000000140068.jpg
652,What key allows someone to remove text?,key,./val2014/COCO_val2014_000000317062.jpg
653,If the player misses the ball in the pictured game it is called what?,pictured game,./val2014/COCO_val2014_000000557709.jpg
654,In what language is the name of this boat written?,this boat,./val2014/COCO_val2014_000000041945.jpg
655,It looks like this baby just got out of what?,this baby,./val2014/COCO_val2014_000000528604.jpg
656,What type of place is this train in?,this train,./val2014/COCO_val2014_000000090155.jpg
657,What common material can you use to clean shine the object being held?,the object,./val2014/COCO_val2014_000000559062.jpg
658,The body hugging garment seen here is called a what?,body hugging garment seen here,./val2014/COCO_val2014_000000199442.jpg
659,What type of skiing is this man doing?,this man,./val2014/COCO_val2014_000000381416.jpg
660,What type of sandwich is being served?,sandwich,./val2014/COCO_val2014_000000167572.jpg
661,What is the meat in this photo made of?,meat in this photo,./val2014/COCO_val2014_000000028719.jpg
662,What would you do if you were in the right lane?,right lane,./val2014/COCO_val2014_000000249404.jpg
663,Who manufactured this clock?,this clock,./val2014/COCO_val2014_000000330051.jpg
664,What kind of cleaner would you use to keep the glass spot free?,the glass,./val2014/COCO_val2014_000000298732.jpg
665,What is the weather like?,the weather,./val2014/COCO_val2014_000000144932.jpg
666,Is the bird in the picture a carnivore or herbivore?,bird in the picture,./val2014/COCO_val2014_000000114420.jpg
667,Is this a laptop or desktop?,this,./val2014/COCO_val2014_000000572495.jpg
668,Is the batter left or right handed?,batter,./val2014/COCO_val2014_000000412247.jpg
669,What day of the week is it?,the week,./val2014/COCO_val2014_000000392048.jpg
670,What vegetable is in the casserole dish?,vegetable is in the casserole dish,./val2014/COCO_val2014_000000043261.jpg
671,What type of lighting is shown in this picture?,lighting,./val2014/COCO_val2014_000000084454.jpg
672,What type of cat is this?,cat is this,./val2014/COCO_val2014_000000314504.jpg
673,A famous of these animals does not like mondays?,these animals,./val2014/COCO_val2014_000000168375.jpg
674,What electronic device is being featured in this photo?,electronic device,./val2014/COCO_val2014_000000088983.jpg
675,What gas station is pictured?,gas station,./val2014/COCO_val2014_000000524216.jpg
676,What could this couple be celebrating?,this couple,./val2014/COCO_val2014_000000011291.jpg
677,What season is it outside?,is it outside,./val2014/COCO_val2014_000000481212.jpg
678,What mountain range is this?,this,./val2014/COCO_val2014_000000521804.jpg
679,What big box store is known for selling both of these items?,these items,./val2014/COCO_val2014_000000446207.jpg
680,What would a perosn who drives one of these be called?,one of these,./val2014/COCO_val2014_000000202652.jpg
681,What part of the atmosphere is the object in?,the object,./val2014/COCO_val2014_000000345329.jpg
682,What are the horses doing?,horses,./val2014/COCO_val2014_000000141453.jpg
683,What is the semi hawling?,the semi,./val2014/COCO_val2014_000000547309.jpg
684,Why style of beard does the man in the blue shirt have?,man in the blue shirt,./val2014/COCO_val2014_000000468161.jpg
685,What company owns the airplane?,airplane,./val2014/COCO_val2014_000000478093.jpg
686,Who makes the guitar on the wall?,guitar on the wall,./val2014/COCO_val2014_000000418623.jpg
687,What type of bike is this?,bike is this,./val2014/COCO_val2014_000000331366.jpg
688,Why aren't the animals eating meat?,animals eating meat,./val2014/COCO_val2014_000000397309.jpg
689,What is the most valuable part of this animal?,this animal,./val2014/COCO_val2014_000000084643.jpg
690,What team has won the most world series?,world series,./val2014/COCO_val2014_000000566277.jpg
691,What type of pants is this person wearing?,this person,./val2014/COCO_val2014_000000350132.jpg
692,What is this man doing today?,this man,./val2014/COCO_val2014_000000413377.jpg
693,What is the woman doing?,woman,./val2014/COCO_val2014_000000397903.jpg
694,What profession is the man in the picture?,man in the picture,./val2014/COCO_val2014_000000460129.jpg
695,What is that book about?,that book,./val2014/COCO_val2014_000000256973.jpg
696,Does this food taste salty sweet sour or bitter?,this food,./val2014/COCO_val2014_000000316596.jpg
697,Name the model of train shown in this picture?,train shown,./val2014/COCO_val2014_000000295426.jpg
698,What kind of noodles are those?,noodles are those,./val2014/COCO_val2014_000000471342.jpg
699,What can i make with this?,this,./val2014/COCO_val2014_000000496801.jpg
700,Is the person in this picture sad mad or glad?,person in this picture,./val2014/COCO_val2014_000000054091.jpg
701,What type of bear is this?,bear is this,./val2014/COCO_val2014_000000307658.jpg
702,What outdoor activity are they prepared for?,they,./val2014/COCO_val2014_000000332461.jpg
703,Who would use these?,these,./val2014/COCO_val2014_000000214519.jpg
704,What is the model of these motorcycles?,these motorcycles,./val2014/COCO_val2014_000000470423.jpg
705,Why might these animals be seen in formation?,these animals,./val2014/COCO_val2014_000000389129.jpg
706,What highways is this?,this,./val2014/COCO_val2014_000000048786.jpg
707,Where are produce like these normally grown?,produce like these,./val2014/COCO_val2014_000000559312.jpg
708,What type of furniture are the computers sitting on?,the computers,./val2014/COCO_val2014_000000249506.jpg
709,What purpose do the glasses the man is wearing serve?,glasses the man,./val2014/COCO_val2014_000000096832.jpg
710,What are the baskets made of?,baskets,./val2014/COCO_val2014_000000044065.jpg
711,What kind of bridge is shown in the background?,bridge in the background,./val2014/COCO_val2014_000000319647.jpg
712,What does the square thing let you do?,square thing,./val2014/COCO_val2014_000000044950.jpg
713,What type of bed is this?,this bed,./val2014/COCO_val2014_000000245094.jpg
714,What are the vehicles in the picture used for?,vehicles in the picture,./val2014/COCO_val2014_000000498971.jpg
715,Name the place where the bus is shown in this picture?,bus,./val2014/COCO_val2014_000000491965.jpg
716,What kind of bed system is this?,this bed system,./val2014/COCO_val2014_000000106793.jpg
717,What is the scientific name of the animal seen here?,animal seen here,./val2014/COCO_val2014_000000569070.jpg
718,What do you think the tv program the cat is watching is about?,tv program,./val2014/COCO_val2014_000000078107.jpg
719,Can you guess the place name where these cattle are shown in this picture?,these cattle,./val2014/COCO_val2014_000000373255.jpg
720,What is the patch of hair growing along this man's ear called?,this man's ear,./val2014/COCO_val2014_000000053410.jpg
721,What language is the writing in?,the writing,./val2014/COCO_val2014_000000092604.jpg
722,What animal do these sportsmen often get attacked by?,these sportsmen,./val2014/COCO_val2014_000000131152.jpg
723,What company does this truck work for?,this truck,./val2014/COCO_val2014_000000069827.jpg
724,What country are these people in?,these people,./val2014/COCO_val2014_000000209989.jpg
725,The long trailing part of this flying object is called a what?,this flying object,./val2014/COCO_val2014_000000500420.jpg
726,What company is this brand for?,this brand,./val2014/COCO_val2014_000000239992.jpg
727,What material is burning?,material,./val2014/COCO_val2014_000000331311.jpg
728,When was this building made?,this building,./val2014/COCO_val2014_000000238263.jpg
729,How many kids can fit inside the bus?,the bus,./val2014/COCO_val2014_000000148319.jpg
730,What is the piece of decorative fabric called that the cat is sitting on?,decorative fabric,./val2014/COCO_val2014_000000078495.jpg
731,What is the primary purpose of the vehicles in this image?,vehicles in this image,./val2014/COCO_val2014_000000279343.jpg
732,What kind of beer is in the photo?,beer in the photo,./val2014/COCO_val2014_000000197398.jpg
733,What type of fuel do jets use?,jets,./val2014/COCO_val2014_000000578591.jpg
734,What ride is in the middle of the photo?,ride is in the middle,./val2014/COCO_val2014_000000242644.jpg
735,What shape is the consistent in this picture?,consistent in this picture,./val2014/COCO_val2014_000000204289.jpg
736,What is the property that allows images to be seen on an object's surface like the ornament's?,object's surface,./val2014/COCO_val2014_000000358624.jpg
737,What are the white things under the trunk called?,white things,./val2014/COCO_val2014_000000045710.jpg
738,Do you think that it is more likely that this is a court or someone's home?,this,./val2014/COCO_val2014_000000201004.jpg
739,Khol is known for these?,these,./val2014/COCO_val2014_000000209239.jpg
740,What does this company provide?,this company,./val2014/COCO_val2014_000000288769.jpg
741,What kind of aircraft are seen in this picture?,aircraft,./val2014/COCO_val2014_000000292639.jpg
742,What type of jacket is this person wearing?,this person,./val2014/COCO_val2014_000000401249.jpg
743,Where should you put your valuables when staying here?,your valuables,./val2014/COCO_val2014_000000511333.jpg
744,What is the colorful object used for?,colorful object,./val2014/COCO_val2014_000000580757.jpg
745,What language is the sign in?,the sign,./val2014/COCO_val2014_000000578092.jpg
746,Is this his wife or sister?,this,./val2014/COCO_val2014_000000398637.jpg
747,How fast can one of these travel?,these,./val2014/COCO_val2014_000000275744.jpg
748,Who makes that sink faucet?,that sink faucet,./val2014/COCO_val2014_000000495681.jpg
749,What is stuffed inside that furniture?,that furniture,./val2014/COCO_val2014_000000268229.jpg
750,What coast is this?,coast is this,./val2014/COCO_val2014_000000179229.jpg
751,How high are they?,they,./val2014/COCO_val2014_000000050482.jpg
752,What is the type of school one must attend to professionally perform the action shown in the photo?,action shown in the photo,./val2014/COCO_val2014_000000429754.jpg
753,What type of building is this?,this building,./val2014/COCO_val2014_000000192755.jpg
754,Who invented the yellow and black item?,yellow and black item,./val2014/COCO_val2014_000000316879.jpg
755,What breed of horse is that?,horse is that,./val2014/COCO_val2014_000000483897.jpg
756,What are some other popular activities to do here?,here,./val2014/COCO_val2014_000000008771.jpg
757,What sort of animal is represented by the toy figure in this photo?,toy figure,./val2014/COCO_val2014_000000577077.jpg
758,What could these electronics be used for?,these electronics,./val2014/COCO_val2014_000000543992.jpg
759,Why he is having an orange vest?,orange vest,./val2014/COCO_val2014_000000537548.jpg
760,What can you do with the items pictured?,the items pictured,./val2014/COCO_val2014_000000228551.jpg
761,What is the meat called on the sandwich?,meat on the sandwich,./val2014/COCO_val2014_000000506441.jpg
762,How many people can fit inside the stadium in the photo?,the stadium,./val2014/COCO_val2014_000000252101.jpg
763,Why isn't the car moving?,car,./val2014/COCO_val2014_000000198477.jpg
764,What is the name of the bird in this picture?,bird in this picture,./val2014/COCO_val2014_000000151516.jpg
765,What material is the wet suit made from?,wet suit,./val2014/COCO_val2014_000000410195.jpg
766,These round edible items are called what in england?,edible items,./val2014/COCO_val2014_000000349489.jpg
767,What breed of bear is this?,bear is this,./val2014/COCO_val2014_000000547519.jpg
768,What is the employment of these people?,these people,./val2014/COCO_val2014_000000420827.jpg
769,Name the bike model shown in this picture?,bike model,./val2014/COCO_val2014_000000394002.jpg
770,What is outside of the window?,window,./val2014/COCO_val2014_000000472930.jpg
771,What is the picture in the food?,picture in the food,./val2014/COCO_val2014_000000484604.jpg
772,What is the name of the white device in the photo?,white device,./val2014/COCO_val2014_000000420229.jpg
773,What event is this?,this,./val2014/COCO_val2014_000000193480.jpg
774,How many people ride this mode of transportation in europe?,this mode of transportation,./val2014/COCO_val2014_000000507143.jpg
775,What causes auras around traffic lights when photos are taken at night?,auras around traffic lights,./val2014/COCO_val2014_000000281317.jpg
776,There are two girls in the forefront of this photo the one on the left has no type of pattern on her clothing but what design is on the girls on the right?,girls on the right,./val2014/COCO_val2014_000000154497.jpg
777,What is the name of the famous train pictured?,famous train,./val2014/COCO_val2014_000000349021.jpg
778,What are the individuals inside of this vehicle called?,this vehicle,./val2014/COCO_val2014_000000340036.jpg
779,What month is this?,this,./val2014/COCO_val2014_000000416765.jpg
780,What is the complimentary color to the bike?,the bike,./val2014/COCO_val2014_000000359715.jpg
781,What groups do persons who ride these vehicles usually belong to?,these vehicles,./val2014/COCO_val2014_000000402328.jpg
782,Where might i see these?,these,./val2014/COCO_val2014_000000091667.jpg
783,What breed of dog is this?,dog is this,./val2014/COCO_val2014_000000205834.jpg
784,How many of these animals remain in the wild?,these animals,./val2014/COCO_val2014_000000193121.jpg
785,Would this child be more likely to enjoy a picture book or one with only words?,this child,./val2014/COCO_val2014_000000053550.jpg
786,The man is indicating what to the obeserver?,man is indicating,./val2014/COCO_val2014_000000198717.jpg
787,Based on the clothing what year was this picture taken?,this picture,./val2014/COCO_val2014_000000126512.jpg
788,Judging by this picture who might we suspect is winning?,this picture,./val2014/COCO_val2014_000000475658.jpg
789,What do people throw in these round objects?,these round objects,./val2014/COCO_val2014_000000316183.jpg
790,What kind of pattern does the cat have?,cat have,./val2014/COCO_val2014_000000502813.jpg
791,What time of day is it?,time of day,./val2014/COCO_val2014_000000547047.jpg
792,What purpose is there to having all of these clocks on the wall?,these clocks,./val2014/COCO_val2014_000000031024.jpg
793,What types of tracks are these in the photo?,these tracks,./val2014/COCO_val2014_000000011269.jpg
794,How much protein is in this meal?,this meal,./val2014/COCO_val2014_000000211476.jpg
795,What manufacturer sells that brand soda?,that brand soda,./val2014/COCO_val2014_000000141821.jpg
796,Where are these kites?,these kites,./val2014/COCO_val2014_000000502090.jpg
797,This sport is often spoken of as being as american as what dessert?,This sport,./val2014/COCO_val2014_000000012881.jpg
798,What type of boat is this?,boat is this,./val2014/COCO_val2014_000000174679.jpg
799,What type of bird is this?,bird is this,./val2014/COCO_val2014_000000407387.jpg
800,Where is this lady having lunch?,this lady,./val2014/COCO_val2014_000000309514.jpg
801,Does this computer have a corded or cordless mouse?,this computer,./val2014/COCO_val2014_000000353096.jpg
802,What style of restaurant is this kitchen a part of?,this kitchen,./val2014/COCO_val2014_000000358629.jpg
803,What are all the things sitting in front of the red truck?,things in front of the red truck,./val2014/COCO_val2014_000000487722.jpg
804,What breed of dog is that dog?,that dog,./val2014/COCO_val2014_000000084980.jpg
805,What type of fruits are shown in the picture?,fruits are shown in the picture,./val2014/COCO_val2014_000000455746.jpg
806,What is this woman preparing in the photo?,this woman,./val2014/COCO_val2014_000000325239.jpg
807,How many calories are in this dish?,this dish,./val2014/COCO_val2014_000000043581.jpg
808,What kind of crust does this pizza have?,this pizza,./val2014/COCO_val2014_000000022861.jpg
809,How fast does this train move?,this train,./val2014/COCO_val2014_000000409009.jpg
810,What is this pizza cheese made from?,this pizza cheese,./val2014/COCO_val2014_000000577847.jpg
811,Based on the refraction in the image explain if this man is far sighted or near sighted?,this man,./val2014/COCO_val2014_000000565041.jpg
812,What do these animals eat?,these animals,./val2014/COCO_val2014_000000021994.jpg
813,Where can you find a stop like this?,stop like this,./val2014/COCO_val2014_000000304341.jpg
814,What long strap is attached to the object around the animal's neck?,long strap,./val2014/COCO_val2014_000000564280.jpg
815,What healthy properties do these fruit contain?,these fruit,./val2014/COCO_val2014_000000016161.jpg
816,What kind of plant is this?,plant is this,./val2014/COCO_val2014_000000218204.jpg
817,What is being hauled in this train?,this train,./val2014/COCO_val2014_000000524611.jpg
818,What are these snacks called?,these snacks,./val2014/COCO_val2014_000000535748.jpg
819,What language are the signs in?,the signs,./val2014/COCO_val2014_000000356314.jpg
820,What tool is usedd for this type of art?,this type of art,./val2014/COCO_val2014_000000070460.jpg
821,Who invented this item?,this item,./val2014/COCO_val2014_000000035826.jpg
822,How long is this animals tongue on average?,this animals tongue,./val2014/COCO_val2014_000000006005.jpg
823,What breed of cat is the one laying indoors?,cat laying indoors,./val2014/COCO_val2014_000000181586.jpg
824,Are these animals carnivorous herbivorous or omnivorous?,these animals,./val2014/COCO_val2014_000000474762.jpg
825,Which of the condiment in the picture is a traditional burger fixing?,condiment in the picture,./val2014/COCO_val2014_000000422998.jpg
826,What does a messy desk like this say about a person?,desk like this,./val2014/COCO_val2014_000000122982.jpg
827,Who directed the film whose one word title also describes this image?,this image,./val2014/COCO_val2014_000000412364.jpg
828,Are vegetables and meats more healthy if they are boiled or if they are steamed?,vegetables and meats,./val2014/COCO_val2014_000000293810.jpg
829,What is the main color tint of this photo?,this photo,./val2014/COCO_val2014_000000123570.jpg
830,What is a common injury found in people engaging in this sport?,this sport,./val2014/COCO_val2014_000000292493.jpg
831,Why is the guy on the stool?,guy on the stool,./val2014/COCO_val2014_000000450500.jpg
832,What type of bread is the sandwich made on?,is the sandwich made on,./val2014/COCO_val2014_000000530630.jpg
833,How much do these boats weigh?,these boats,./val2014/COCO_val2014_000000149017.jpg
834,Name the dish which can be prepared using these vegetables?,these vegetables,./val2014/COCO_val2014_000000558840.jpg
835,What phenomena has endangered the habitat of this animal?,this animal,./val2014/COCO_val2014_000000439007.jpg
836,This gentleman is dressed for what sport?,this gentleman,./val2014/COCO_val2014_000000041011.jpg
837,Is this surfer a beginner intermediate or advanced?,this surfer,./val2014/COCO_val2014_000000542938.jpg
838,What type of vegetable is on this pizza?,vegetable on this pizza,./val2014/COCO_val2014_000000052774.jpg
839,What famous founding father was known for his association with this object?,this object,./val2014/COCO_val2014_000000440539.jpg
840,What type of beverage is pictured?,beverage,./val2014/COCO_val2014_000000090138.jpg
841,What kind of fence is this?,fence is this,./val2014/COCO_val2014_000000426175.jpg
842,What is the average wage for these workers?,these workers,./val2014/COCO_val2014_000000044279.jpg
843,Where could you sell an item like this?,item like this,./val2014/COCO_val2014_000000018841.jpg
844,From what decade might this laptop be from?,this laptop,./val2014/COCO_val2014_000000215778.jpg
845,This cake contains what vegatable?,this cake,./val2014/COCO_val2014_000000208825.jpg
846,What activity is this?,this,./val2014/COCO_val2014_000000096288.jpg
847,Where in school would you find this?,this,./val2014/COCO_val2014_000000320039.jpg
848,What are the screens called?,the screens,./val2014/COCO_val2014_000000379310.jpg
849,What kind of electronic device is used in this picture?,electronic device,./val2014/COCO_val2014_000000202001.jpg
850,What activity is usually done sitting in those furniture?,those furniture,./val2014/COCO_val2014_000000357194.jpg
851,How long does this animal usually live?,this animal,./val2014/COCO_val2014_000000327769.jpg
852,What type of trains are these?,trains are these,./val2014/COCO_val2014_000000180982.jpg
853,Is it safe or unsafe in this park at night?,this park,./val2014/COCO_val2014_000000249524.jpg
854,What do people do in this room?,this room,./val2014/COCO_val2014_000000560756.jpg
855,In what kind of movies would a man wear a hat like this while riding a horse?,hat like this,./val2014/COCO_val2014_000000273728.jpg
856,In this image what believes soup is too hot too cold and just right?,soup,./val2014/COCO_val2014_000000207059.jpg
857,Who was the first company to make this type of glove?,this type of glove,./val2014/COCO_val2014_000000318754.jpg
858,What is the scientific name for the animal in the picture?,animal in the picture,./val2014/COCO_val2014_000000161144.jpg
859,What type of hat is the man wearing?,hat,./val2014/COCO_val2014_000000471009.jpg
860,What type of sandwich is this?,this sandwich,./val2014/COCO_val2014_000000430056.jpg
861,What is the name of this bag?,this bag,./val2014/COCO_val2014_000000309402.jpg
862,How many people can each of these ships hold?,these ships,./val2014/COCO_val2014_000000455040.jpg
863,What type of flower is this?,this flower,./val2014/COCO_val2014_000000521643.jpg
864,Is this meeting taking place during the day or night?,this meeting,./val2014/COCO_val2014_000000356878.jpg
865,What kind of event is this?,this event,./val2014/COCO_val2014_000000360661.jpg
866,This type of sandwich held together by tooth picks is frequently referred to as a what type of sandwich?,this type of sandwich,./val2014/COCO_val2014_000000168175.jpg
867,What kind of food does this bird favor?,this bird,./val2014/COCO_val2014_000000181601.jpg
868,What type of cell phone is in the photo?,cell phone,./val2014/COCO_val2014_000000049445.jpg
869,The fruit before you is good for which parts of the body?,fruit before you,./val2014/COCO_val2014_000000574692.jpg
870,How is this made?,this,./val2014/COCO_val2014_000000357229.jpg
871,What animal does the cat thinks this device is?,this device,./val2014/COCO_val2014_000000252573.jpg
872,What do you do with this?,this,./val2014/COCO_val2014_000000466596.jpg
873,What is over the bed?,the bed,./val2014/COCO_val2014_000000010092.jpg
874,What are the glass doors called?,glass doors,./val2014/COCO_val2014_000000113246.jpg
875,What is the device called up that is suspended on the cables shown?,device,./val2014/COCO_val2014_000000007989.jpg
876,What is a famous example of the item in the middle of the picture?,item in the middle,./val2014/COCO_val2014_000000506085.jpg
877,What type of pastries in this image that has a hole in the midle and are round?,pastries,./val2014/COCO_val2014_000000108392.jpg
878,How high can this kite fly?,this kite,./val2014/COCO_val2014_000000118741.jpg
879,Is this shop making a pun or using a double entendre?,this shop,./val2014/COCO_val2014_000000358642.jpg
880,What is this building used for?,this building,./val2014/COCO_val2014_000000326798.jpg
881,Why is the cow going to the water?,cow,./val2014/COCO_val2014_000000422698.jpg
882,Can you guess the sea name shown in this picture?,this picture,./val2014/COCO_val2014_000000153570.jpg
883,What kind of sport team is this in reference to?,sport team is this,./val2014/COCO_val2014_000000064909.jpg
884,What airline are the planes from?,planes,./val2014/COCO_val2014_000000524011.jpg
885,How do we know this is not a woodpecker?,this,./val2014/COCO_val2014_000000222407.jpg
886,From what continent does this meal look like it came from?,this meal,./val2014/COCO_val2014_000000335515.jpg
887,Why are they carving pumpkins?,they carving pumpkins,./val2014/COCO_val2014_000000298629.jpg
888,How long do these animals live?,these animals,./val2014/COCO_val2014_000000347630.jpg
889,What year was this picture taken?,this picture,./val2014/COCO_val2014_000000288170.jpg
890,Which gaming system is being used in this photo?,gaming system,./val2014/COCO_val2014_000000278742.jpg
891,Where are these planes traveling to or from?,these planes,./val2014/COCO_val2014_000000384350.jpg
892,What animals can attack the person when they do this activity?,the person,./val2014/COCO_val2014_000000193504.jpg
893,What ocean has the best surfing waves?,ocean,./val2014/COCO_val2014_000000467580.jpg
894,What breed of dogs are in this photo?,dogs in this photo,./val2014/COCO_val2014_000000406681.jpg
895,What breed of dog is riding in the car?,dog is riding in the car,./val2014/COCO_val2014_000000094140.jpg
896,What is the most healthy item in this picture?,item in this picture,./val2014/COCO_val2014_000000519460.jpg
897,What kind of spread is on the rolls?,spread,./val2014/COCO_val2014_000000238062.jpg
898,What breed of horse is this?,horse is this,./val2014/COCO_val2014_000000104685.jpg
899,What direction is the skiier going?,skiier,./val2014/COCO_val2014_000000181873.jpg
900,How old should this animal be before they are taken from their mother?,this animal,./val2014/COCO_val2014_000000062398.jpg
901,What type of activity might people do in this room?,this room,./val2014/COCO_val2014_000000103538.jpg
902,What flavor is this cake?,this cake,./val2014/COCO_val2014_000000040729.jpg
903,When did people start using these as decorations?,these as decorations,./val2014/COCO_val2014_000000318157.jpg
904,What is the object the man is touching made of?,object the man,./val2014/COCO_val2014_000000031699.jpg
905,What utensil is being used to eat this meal?,this meal,./val2014/COCO_val2014_000000395452.jpg
906,What kind of pants is she wearing?,pants,./val2014/COCO_val2014_000000267314.jpg
907,How fast can these planes fly?,these planes,./val2014/COCO_val2014_000000326582.jpg
908,In what year was the first teddy like this one created?,teddy like this,./val2014/COCO_val2014_000000208844.jpg
909,Is this kitchen messy or tidy?,this kitchen,./val2014/COCO_val2014_000000034212.jpg
910,What style of architechture normally used these ornate arches and windows?,these ornate arches,./val2014/COCO_val2014_000000093791.jpg
911,What time period are these people from?,these people,./val2014/COCO_val2014_000000277625.jpg
912,Where can you find this green vegetable?,this green vegetable,./val2014/COCO_val2014_000000483330.jpg
913,What is the average weight of an adult male of this species?,this species,./val2014/COCO_val2014_000000410114.jpg
914,This item is small enough to go into what part of the plane?,this item,./val2014/COCO_val2014_000000052712.jpg
915,People that travel with these strappable types of luggage are often called what?,these types of luggage,./val2014/COCO_val2014_000000014257.jpg
916,What famous painter created this masterpiece?,this masterpiece,./val2014/COCO_val2014_000000318618.jpg
917,What nationality is this girl?,this girl,./val2014/COCO_val2014_000000545441.jpg
918,Name the type of wood used to make this window shown in this picture?,this window,./val2014/COCO_val2014_000000069795.jpg
919,What type of cat is in the cartoon?,cat in the cartoon,./val2014/COCO_val2014_000000142744.jpg
920,What type of cheese is being spread?,cheese is being spread,./val2014/COCO_val2014_000000167989.jpg
921,Why might one suspect that someone here enjoys fantasy and sci fi?,someone here,./val2014/COCO_val2014_000000453341.jpg
922,What is this wallcovering called?,this wallcovering,./val2014/COCO_val2014_000000572331.jpg
923,What is does the space under the oven for do?,space under the oven,./val2014/COCO_val2014_000000027285.jpg
924,What type of flowers are in the pot?,flowers in the pot,./val2014/COCO_val2014_000000253489.jpg
925,What pollutants do these vehicles emit?,these vehicles,./val2014/COCO_val2014_000000185943.jpg
926,The kite in the air flies because of what physics principle?,kite in the air,./val2014/COCO_val2014_000000454102.jpg
927,What is needed to use this vehicle?,this vehicle,./val2014/COCO_val2014_000000145873.jpg
928,The dried flowers in this photo are stuck down inside what type of item?,this photo,./val2014/COCO_val2014_000000481327.jpg
929,Why might this picture bring the brand tums to mind?,this picture,./val2014/COCO_val2014_000000353028.jpg
930,What model of airplane is this?,airplane is this,./val2014/COCO_val2014_000000392670.jpg
931,What type of meal are these people enjoying?,these people,./val2014/COCO_val2014_000000145597.jpg
932,What is this structure?,this structure,./val2014/COCO_val2014_000000386819.jpg
933,What kind of suit would you wear while doing this?,this,./val2014/COCO_val2014_000000579822.jpg
934,Where can i go to see views like this?,views like this,./val2014/COCO_val2014_000000457718.jpg
935,Assuming the average model the company of toy cars produces what is the maximum speed these guys can achieve?,toy cars,./val2014/COCO_val2014_000000177338.jpg
936,What is the baby animal doing?,baby animal,./val2014/COCO_val2014_000000178435.jpg
937,What is the best selling brand of the topping decorating this donut?,topping decorating,./val2014/COCO_val2014_000000447736.jpg
938,When was this computer purchased?,this computer,./val2014/COCO_val2014_000000411727.jpg
939,Which model plane is this?,this model plane,./val2014/COCO_val2014_000000527510.jpg
940,Which clock tower is this?,this clock tower,./val2014/COCO_val2014_000000120473.jpg
941,What type of desert is being served here?,desert is being served here,./val2014/COCO_val2014_000000544237.jpg
942,What type of ship is this?,ship is this,./val2014/COCO_val2014_000000160927.jpg
943,What size bed is in this room?,bed is in this room,./val2014/COCO_val2014_000000443797.jpg
944,Are these dogs from what type of breed?,these dogs,./val2014/COCO_val2014_000000530913.jpg
945,What city can you find these subways?,these subways,./val2014/COCO_val2014_000000080130.jpg
946,How do you make the dish?,the dish,./val2014/COCO_val2014_000000501858.jpg
947,What is this animal's natural habitat?,this animal's,./val2014/COCO_val2014_000000474502.jpg
948,What holiday is this?,this,./val2014/COCO_val2014_000000051326.jpg
949,How valuable are these collectibles?,these collectibles,./val2014/COCO_val2014_000000223374.jpg
950,Who invented this vehicle?,this vehicle,./val2014/COCO_val2014_000000408112.jpg
951,Where are these planes?,these planes,./val2014/COCO_val2014_000000502599.jpg
952,In what city is this place located?,this place,./val2014/COCO_val2014_000000475064.jpg
953,Would you travel more or less than 100 miles in this vehicle?,this vehicle,./val2014/COCO_val2014_000000218853.jpg
954,How do we know this is not a horse?,this,./val2014/COCO_val2014_000000417946.jpg
955,What green food is on top of the pizza?,green food,./val2014/COCO_val2014_000000142919.jpg
956,What kind of flowers are on the table?,flowers,./val2014/COCO_val2014_000000536654.jpg
957,Where did this animal originate from?,this animal,./val2014/COCO_val2014_000000311789.jpg
958,What type of establishment would have this?,this,./val2014/COCO_val2014_000000162677.jpg
959,Who is the famous tennis player in this photo?,this photo,./val2014/COCO_val2014_000000372230.jpg
960,Which liquid seen here comes from a citrus fruit?,liquid seen here,./val2014/COCO_val2014_000000331817.jpg
961,What celebration are these desserts for?,these desserts,./val2014/COCO_val2014_000000347936.jpg
962,Who is top player in this sport?,this sport,./val2014/COCO_val2014_000000486774.jpg
963,What type of clouds are in the sky?,clouds,./val2014/COCO_val2014_000000021864.jpg
964,A vehicle like the one in the image is used primarily for what purpose?,vehicle like the one,./val2014/COCO_val2014_000000550452.jpg
965,What do people use trains like this for?,trains like this,./val2014/COCO_val2014_000000186624.jpg
966,Name the mobile model shown in this picture?,in this picture,./val2014/COCO_val2014_000000546987.jpg
967,What is the name of the table in front of the couch?,table in front of the couch,./val2014/COCO_val2014_000000183803.jpg
968,What objects are usually in this room?,this room,./val2014/COCO_val2014_000000441415.jpg
969,What type of plant do these fruits grow from?,these fruits,./val2014/COCO_val2014_000000341230.jpg
970,What is a company that makes these?,these,./val2014/COCO_val2014_000000336937.jpg
971,What kind of building are these animals in?,these animals,./val2014/COCO_val2014_000000231758.jpg
972,Who designed this tower beautifully?,this tower,./val2014/COCO_val2014_000000321805.jpg
973,Where did this sport originate?,this sport,./val2014/COCO_val2014_000000181745.jpg
974,What is this animal known for?,this animal,./val2014/COCO_val2014_000000535821.jpg
975,What will get sunburned the most if this man doesn't use sunscreen?,this man,./val2014/COCO_val2014_000000423395.jpg
976,What game is this?,this,./val2014/COCO_val2014_000000179960.jpg
977,What style of architecture is pictured?,architecture is pictured,./val2014/COCO_val2014_000000305368.jpg
978,Who did this in the rain in the name of science?,this,./val2014/COCO_val2014_000000245453.jpg
979,What type of fire safety equipment is located near the parking lot?,fire safety equipment,./val2014/COCO_val2014_000000516372.jpg
980,What urban legend is mostly associated to the cat found in this picture?,cat found,./val2014/COCO_val2014_000000295693.jpg
981,What season is it most likely in the image?,the image,./val2014/COCO_val2014_000000217846.jpg
982,What type of dish is in the picture?,dish in the picture,./val2014/COCO_val2014_000000338057.jpg
983,What is this guy doing?,this guy,./val2014/COCO_val2014_000000376679.jpg
984,What kind of cheese do these animals make?,these animals,./val2014/COCO_val2014_000000070334.jpg
985,What is the best way to clean the toy in this picture?,toy in this picture,./val2014/COCO_val2014_000000120519.jpg
986,Who might fly this jet?,this jet,./val2014/COCO_val2014_000000036196.jpg
987,What is this machine used for?,this machine,./val2014/COCO_val2014_000000334566.jpg
988,What type of weather would you say is shown here?,shown here,./val2014/COCO_val2014_000000092558.jpg
989,The box features the logo from which company?,the logo,./val2014/COCO_val2014_000000013659.jpg
990,What century is this?,this,./val2014/COCO_val2014_000000412455.jpg
991,How much voltage is being carried by these power lines?,these power lines,./val2014/COCO_val2014_000000039430.jpg
992,What city do you think this is in?,this city,./val2014/COCO_val2014_000000347768.jpg
993,Who is famous for this activity?,this activity,./val2014/COCO_val2014_000000256903.jpg
994,What is this elephant about to do?,this elephant,./val2014/COCO_val2014_000000370043.jpg
995,What name is listed across the top of the can of the red truck?,red truck,./val2014/COCO_val2014_000000091715.jpg
996,What age range do you think these people are?,these people,./val2014/COCO_val2014_000000208363.jpg
997,The covering on the bed is called a what?,covering on the bed,./val2014/COCO_val2014_000000134882.jpg
998,What famous city is this located in?,this,./val2014/COCO_val2014_000000180515.jpg
999,What breed of cow is this?,cow is this,./val2014/COCO_val2014_000000120007.jpg
1000,What fruit is that?,that,./val2014/COCO_val2014_000000518440.jpg
1001,Which type of material is used for making the hat weared by the lady?,hat weared by the lady,./val2014/COCO_val2014_000000219458.jpg
1002,Why is the ladies stomach large?,ladies stomach,./val2014/COCO_val2014_000000531244.jpg
1003,What piece of technology is the child playing with?,technology,./val2014/COCO_val2014_000000043720.jpg
1004,What liberace used in his career?,liberace,./val2014/COCO_val2014_000000012887.jpg
1005,How can you tell what the season might be in this setting?,this setting,./val2014/COCO_val2014_000000227736.jpg
1006,Who sang the song referenced in the picture?,song referenced,./val2014/COCO_val2014_000000571008.jpg
1007,When were these machines invented?,these machines,./val2014/COCO_val2014_000000437145.jpg
1008,What is the purpose of those umbrellas?,those umbrellas,./val2014/COCO_val2014_000000500211.jpg
1009,What activity are they doing?,they doing,./val2014/COCO_val2014_000000503278.jpg
1010,What object is disguised as a fridge?,object,./val2014/COCO_val2014_000000078200.jpg
1011,What water sport is shown here?,water sport,./val2014/COCO_val2014_000000009628.jpg
1012,What is the object of this game?,this game,./val2014/COCO_val2014_000000097423.jpg
1013,What is the object called on the wall that you can see yourself in?,object on the wall,./val2014/COCO_val2014_000000224742.jpg
1014,What kind of roof this house had?,this house,./val2014/COCO_val2014_000000270354.jpg
1015,What purpose does the metal grate shown in the picture have?,metal grate shown in the picture,./val2014/COCO_val2014_000000214454.jpg
1016,Is this a snack or meal?,this,./val2014/COCO_val2014_000000157138.jpg
1017,Name the place where these persons skating in this picture?,these persons,./val2014/COCO_val2014_000000447779.jpg
1018,What brand are the boys jeans?,boys jeans,./val2014/COCO_val2014_000000354832.jpg
1019,What kind of boat is this man making?,boat,./val2014/COCO_val2014_000000295412.jpg
1020,What items are filling the shelves in the far left of this photo?,shelves in the far left,./val2014/COCO_val2014_000000176328.jpg
1021,What do you think is going to happen next?,happen next,./val2014/COCO_val2014_000000349776.jpg
1022,What kind of activity is this person engaged in?,this person,./val2014/COCO_val2014_000000139248.jpg
1023,What type of product is being advertised on the bus?,product,./val2014/COCO_val2014_000000249658.jpg
1024,How do you know the train is working?,train,./val2014/COCO_val2014_000000426061.jpg
1025,What bird is this?,bird is this,./val2014/COCO_val2014_000000074798.jpg
1026,What will these do?,these,./val2014/COCO_val2014_000000009699.jpg
1027,In what state was this photo taken?,this photo,./val2014/COCO_val2014_000000278222.jpg
1028,Which type of cotton is used for making this tie weared by the person?,this tie,./val2014/COCO_val2014_000000565670.jpg
1029,What position does the batter play?,the batter,./val2014/COCO_val2014_000000426542.jpg
1030,What is the company that designs the television?,the television,./val2014/COCO_val2014_000000000139.jpg
1031,What kind of desktops are those pictured?,desktops are those pictured,./val2014/COCO_val2014_000000024721.jpg
1032,What are the round black things called that is used as a topping for this pizza in the photo?,round black things,./val2014/COCO_val2014_000000077681.jpg
1033,What kind of outfit is the man on the skateboard wearing?,man on the skateboard,./val2014/COCO_val2014_000000039961.jpg
1034,The animal in this image is said to be man's best what?,animal in this image,./val2014/COCO_val2014_000000361052.jpg
1035,What are these people doing?,these people,./val2014/COCO_val2014_000000557130.jpg
1036,What city is this?,this,./val2014/COCO_val2014_000000406050.jpg
1037,What brand of sunglasses are hanging off the mans red shirt?,sunglasses,./val2014/COCO_val2014_000000490022.jpg
1038,What type of flightless bird is this?,flightless bird,./val2014/COCO_val2014_000000343606.jpg
1039,What sort of clouds are these?,clouds are these,./val2014/COCO_val2014_000000322143.jpg
1040,What type of train is this?,train is this,./val2014/COCO_val2014_000000199959.jpg
1041,Name a metal shown?,metal shown,./val2014/COCO_val2014_000000429679.jpg
1042,What nationality is represented by this crusty bread?,this crusty bread,./val2014/COCO_val2014_000000163589.jpg
1043,What type of profession does he look like he has?,he,./val2014/COCO_val2014_000000557564.jpg
1044,What instrument is the toy bear playing?,toy bear,./val2014/COCO_val2014_000000005225.jpg
1045,Which car pictured has the fastest top speed?,car pictured,./val2014/COCO_val2014_000000451095.jpg
1046,What type of fuel does this vehicle use?,this vehicle,./val2014/COCO_val2014_000000569565.jpg
1047,Is this a healthy or unhealthy meal?,this meal,./val2014/COCO_val2014_000000461634.jpg
1048,What do you call a baby version of this animal?,this animal,./val2014/COCO_val2014_000000054340.jpg
1049,What is the substance contained in the bottle?,the bottle,./val2014/COCO_val2014_000000180751.jpg
1050,What brand of soda is on the shelf?,soda is on the shelf,./val2014/COCO_val2014_000000532610.jpg
1051,What type of countertop is used for the sink?,countertop,./val2014/COCO_val2014_000000439907.jpg
1052,The red items on the pastry are a specific ingredient for what type of cake?,red items on the pastry,./val2014/COCO_val2014_000000144003.jpg
1053,What kind of fruit are these commonly called?,these,./val2014/COCO_val2014_000000071682.jpg
1054,On what continent does the animal that is depicted live?,animal that is depicted,./val2014/COCO_val2014_000000075886.jpg
1055,What is the knot on this man's tie called?,this man's tie,./val2014/COCO_val2014_000000515391.jpg
1056,What type of oil could have been used to cook this meal?,this meal,./val2014/COCO_val2014_000000538844.jpg
1057,Who famously rode one of these in easy rider?,these,./val2014/COCO_val2014_000000549399.jpg
1058,What utensil may be used when eating this soft food?,this soft food,./val2014/COCO_val2014_000000196074.jpg
1059,According to the road lines cars can do what to another car?,road lines,./val2014/COCO_val2014_000000493772.jpg
1060,What are they riding on?,they riding,./val2014/COCO_val2014_000000451144.jpg
1061,What type of window covering is in this photo?,window covering,./val2014/COCO_val2014_000000396369.jpg
1062,What is the cake topped with?,cake,./val2014/COCO_val2014_000000434148.jpg
1063,What activity is this?,activity is this,./val2014/COCO_val2014_000000224220.jpg
1064,What would be in the small case?,small case,./val2014/COCO_val2014_000000064409.jpg
1065,What airlines is this?,this,./val2014/COCO_val2014_000000360611.jpg
1066,What kind of resort is this?,this resort,./val2014/COCO_val2014_000000517619.jpg
1067,Would you say this is moving or standing still?,this,./val2014/COCO_val2014_000000068352.jpg
1068,What kind of bed is that?,bed is that,./val2014/COCO_val2014_000000331883.jpg
1069,Where is the boat headed?,boat,./val2014/COCO_val2014_000000212285.jpg
1070,What year was this car manufactured?,this car,./val2014/COCO_val2014_000000307511.jpg
1071,What piece of technology is lain between the notepad and computer?,piece of technology,./val2014/COCO_val2014_000000248314.jpg
1072,What is the person washing?,the person washing,./val2014/COCO_val2014_000000131018.jpg
1073,What is the fastest this animal can run?,this animal,./val2014/COCO_val2014_000000400456.jpg
1074,What game is being played?,game,./val2014/COCO_val2014_000000232160.jpg
1075,What company do these buses work for?,these buses,./val2014/COCO_val2014_000000450479.jpg
1076,What fuel does this take?,this,./val2014/COCO_val2014_000000211853.jpg
1077,What type of trees are on the slope?,trees are on the slope,./val2014/COCO_val2014_000000368049.jpg
1078,What kind of recreational facility is this?,this,./val2014/COCO_val2014_000000213455.jpg
1079,What are you able to typically get out of the red container sitting upon the sidewalk in the background of this photo?,red container,./val2014/COCO_val2014_000000213932.jpg
1080,What building is this?,building is this,./val2014/COCO_val2014_000000040446.jpg
1081,What is the triangular green colored device used for?,triangular green colored device,./val2014/COCO_val2014_000000410924.jpg
1082,What type of berry is in this cake?,this cake,./val2014/COCO_val2014_000000515993.jpg
1083,What kind of animal is the person in the photo looking at through the window?,animal,./val2014/COCO_val2014_000000367860.jpg
1084,What type of meat is pictured?,meat,./val2014/COCO_val2014_000000140797.jpg
1085,What brand of airplane is shown?,airplane,./val2014/COCO_val2014_000000225558.jpg
1086,Where is the red food found?,red food,./val2014/COCO_val2014_000000224289.jpg
1087,What competition is this?,this,./val2014/COCO_val2014_000000409725.jpg
1088,Is this a method of trasportation for her or is it simply for recreational purposes?,this,./val2014/COCO_val2014_000000379108.jpg
1089,Is this animal more closely related to a phrase bart simpson had or lou dobbs had?,this animal,./val2014/COCO_val2014_000000090062.jpg
1090,What is this dog doing?,this dog,./val2014/COCO_val2014_000000227428.jpg
1091,What sporting equipment are they using?,sporting equipment,./val2014/COCO_val2014_000000040317.jpg
1092,In what section of the store are these fruit typically kept?,these fruit,./val2014/COCO_val2014_000000536375.jpg
1093,What rank is the man on the right?,man on the right,./val2014/COCO_val2014_000000172513.jpg
1094,What is spread across the person's toast in this photo?,person's toast,./val2014/COCO_val2014_000000107140.jpg
1095,What are they playing?,they,./val2014/COCO_val2014_000000360878.jpg
1096,Name the bird?,"bird 
",./val2014/COCO_val2014_000000333808.jpg
1097,What type of blanket is that?,that blanket,./val2014/COCO_val2014_000000243199.jpg
1098,What would you call this type of climate or ecosystem pictured here?,this type of climate,./val2014/COCO_val2014_000000501023.jpg
1099,What type of soup will be made with this?,this,./val2014/COCO_val2014_000000427521.jpg
1100,What language is that on the advertisements and what foods are they advertising?,that on the advertisements,./val2014/COCO_val2014_000000066297.jpg
1101,Who is allegedly famous for doing this activity in a lightning storm?,this activity,./val2014/COCO_val2014_000000193245.jpg
1102,Are these horses underfed or overfed?,these horses,./val2014/COCO_val2014_000000062298.jpg
1103,How are the two people in this photo suspended in air?,two people,./val2014/COCO_val2014_000000403792.jpg
1104,What type of emotion is displayed in the image?,emotion is displayed,./val2014/COCO_val2014_000000425973.jpg
1105,Can you guess the location where the aeroplane is seen?,the aeroplane,./val2014/COCO_val2014_000000068457.jpg
1106,What kind of peas is shown?,peas is shown,./val2014/COCO_val2014_000000135256.jpg
1107,When a cat makes a face like the one in this image what grooming activity are they not looking forward to?,"cat
this image",./val2014/COCO_val2014_000000467675.jpg
1108,What is this food called?,this food,./val2014/COCO_val2014_000000283162.jpg
1109,Based on her expression is the woman receving good or bad cell reception?,woman receving,./val2014/COCO_val2014_000000027221.jpg
1110,Are these common zebras or south african zebras?,these,./val2014/COCO_val2014_000000231942.jpg
1111,Where can you buy contemporary furniture?,contemporary furniture,./val2014/COCO_val2014_000000323729.jpg
1112,What style of architecture is pictured?,architecture pictured,./val2014/COCO_val2014_000000459103.jpg
1113,What is the german name for this meal item?,this meal item,./val2014/COCO_val2014_000000082794.jpg
1114,Judging by the grill this vehicle was probably made circa what decade?,this vehicle,./val2014/COCO_val2014_000000361947.jpg
1115,What type of water sport are they doing?,water sport,./val2014/COCO_val2014_000000088817.jpg
1116,What is the street made of?,the street,./val2014/COCO_val2014_000000337042.jpg
1117,How old does one have to be to partake in this activity?,this activity,./val2014/COCO_val2014_000000526555.jpg
1118,What auction company is accessible only via the item featured in this photo?,item featured in this photo,./val2014/COCO_val2014_000000563696.jpg
1119,Name of the white flower in this photo?,white flower,./val2014/COCO_val2014_000000327263.jpg
1120,What type of pattern is shown here?,pattern,./val2014/COCO_val2014_000000341397.jpg
1121,What position is this tennis player in?,this tennis player,./val2014/COCO_val2014_000000308441.jpg
1122,What did the plane just do?,plane,./val2014/COCO_val2014_000000043678.jpg
1123,What type of batter in pictured?,batter,./val2014/COCO_val2014_000000301762.jpg
1124,What equipment are they using to ski?,equipment,./val2014/COCO_val2014_000000302405.jpg
1125,What might you do in this room?,this room,./val2014/COCO_val2014_000000068814.jpg
1126,What is this person using in this game?,this person,./val2014/COCO_val2014_000000412419.jpg
1127,What kind of bird is this?,bird is this,./val2014/COCO_val2014_000000168416.jpg
1128,How many calories are in this meal?,this meal,./val2014/COCO_val2014_000000321798.jpg
1129,Why are the electric lights not on currently?,electric lights,./val2014/COCO_val2014_000000390795.jpg
1130,What is this building made of?,this building,./val2014/COCO_val2014_000000393288.jpg
1131,What are these people participating in?,these people,./val2014/COCO_val2014_000000457230.jpg
1132,What is he riding?,he riding,./val2014/COCO_val2014_000000349860.jpg
1133,How can we change this screen?,this screen,./val2014/COCO_val2014_000000573823.jpg
1134,How healthy is this?,this,./val2014/COCO_val2014_000000257060.jpg
1135,When was this object first created?,this object,./val2014/COCO_val2014_000000025165.jpg
1136,What are some safety precautions to take when riding this vehicle?,this vehicle,./val2014/COCO_val2014_000000530220.jpg
1137,Where do you think this man could be?,this man,./val2014/COCO_val2014_000000218947.jpg
1138,What happened to this person?,this person,./val2014/COCO_val2014_000000262703.jpg
1139,What type of surface is the plane landing on?,plane landing,./val2014/COCO_val2014_000000283163.jpg
1140,How long is this size bed?,this size bed,./val2014/COCO_val2014_000000372861.jpg
1141,What breed of cow is in the picture?,cow in the picture,./val2014/COCO_val2014_000000200699.jpg
1142,What city was this picture taken in?,this picture,./val2014/COCO_val2014_000000449634.jpg
1143,What is the scientific name of these animals?,these animals,./val2014/COCO_val2014_000000528232.jpg
1144,Which companies make these type of ovens?,these type of ovens,./val2014/COCO_val2014_000000120061.jpg
1145,Approximately what time do you think this photo was taken?,this photo,./val2014/COCO_val2014_000000372316.jpg
1146,How big is the ship that these people are on?,these people,./val2014/COCO_val2014_000000061418.jpg
1147,What is the type of knife that was used to cut this bread?,this bread,./val2014/COCO_val2014_000000057072.jpg
1148,What is the chain of bars where these girls most likely work?,these girls,./val2014/COCO_val2014_000000385248.jpg
1149,What kind of shirt is the man on the right wearing?,shirt is the main on the right,./val2014/COCO_val2014_000000362712.jpg
1150,What other birds come to this type of lake?,this type of lake,./val2014/COCO_val2014_000000448278.jpg
1151,What year is this computer from?,this computer,./val2014/COCO_val2014_000000411405.jpg
1152,What are the people queuing for?,people queuing,./val2014/COCO_val2014_000000026967.jpg
1153,What is the brand of this van?,this van,./val2014/COCO_val2014_000000235788.jpg
1154,What kind of boat is shown here?,boat,./val2014/COCO_val2014_000000052661.jpg
1155,What type of surfboard is this man using?,this surfboard,./val2014/COCO_val2014_000000196565.jpg
1156,What are these cables used for?,these cables,./val2014/COCO_val2014_000000234963.jpg
1157,What long strap can be tied to the object around his neck?,object around his neck,./val2014/COCO_val2014_000000396217.jpg
1158,What is the name of the item on the beds?,item on the beds,./val2014/COCO_val2014_000000050828.jpg
1159,How does the child relate to the adult?,the child,./val2014/COCO_val2014_000000389258.jpg
1160,What time of day is it?,time of day,./val2014/COCO_val2014_000000377235.jpg
1161,How much sugar are in the fruit in this photo?,fruit in this photo,./val2014/COCO_val2014_000000480181.jpg
1162,Name the mobile model or brand shown in this picture?,mobile model or brand,./val2014/COCO_val2014_000000136140.jpg
1163,What type of neighborhood is this?,neighborhood is this,./val2014/COCO_val2014_000000178691.jpg
1164,What is this picture comparing?,this picture,./val2014/COCO_val2014_000000118237.jpg
1165,What age group does the human facing the camera fall into?,human facing the camera,./val2014/COCO_val2014_000000247407.jpg
1166,What popular restaurant is named for after this dessert?,this dessert,./val2014/COCO_val2014_000000393682.jpg
1167,How many hours does this animal sleep?,this animal,./val2014/COCO_val2014_000000282287.jpg
1168,What are the ingredients used for making the dish eaten by the lady?,dish eaten by the lady,./val2014/COCO_val2014_000000020992.jpg
1169,What is the red item the horses are pulling?,red item,./val2014/COCO_val2014_000000121242.jpg
1170,What animal attacks persons doing this activity?,this activity,./val2014/COCO_val2014_000000250301.jpg
1171,What kind of harmful physiological effects does the depicted appliance have on a consumer's health?,depicted appliance,./val2014/COCO_val2014_000000218988.jpg
1172,What type of instrument is this?,this instrument,./val2014/COCO_val2014_000000487990.jpg
1173,How old is this vehicle?,this vehicle,./val2014/COCO_val2014_000000148395.jpg
1174,What would you call this device if it only had one wheel?,this device,./val2014/COCO_val2014_000000323564.jpg
1175,What kind of objects are these?,these objects,./val2014/COCO_val2014_000000504152.jpg
1176,What is this man wearing on his head?,this man,./val2014/COCO_val2014_000000131581.jpg
1177,This fake represents what kind of real bear?,This fake,./val2014/COCO_val2014_000000410880.jpg
1178,What areas of the united states would this sport be common in?,this sport,./val2014/COCO_val2014_000000192932.jpg
1179,Which mannequin looks more like a real person?,mannequin,./val2014/COCO_val2014_000000230932.jpg
1180,Who staged this room?,this room,./val2014/COCO_val2014_000000293705.jpg
1181,Would this be considered a formal or informal meal?,this,./val2014/COCO_val2014_000000322480.jpg
1182,What kind of retail environment would one typically find this in?,this,./val2014/COCO_val2014_000000440709.jpg
1183,What type of place is this?,place is this,./val2014/COCO_val2014_000000089884.jpg
1184,What makes this animal raise its head?,this animal,./val2014/COCO_val2014_000000403817.jpg
1185,What type of nutrition does the food on the counter provide?,food on the counter,./val2014/COCO_val2014_000000181179.jpg
1186,What is this machine used for?,this machine,./val2014/COCO_val2014_000000571585.jpg
1187,What brand of teddy bear is this?,teddy bear is this,./val2014/COCO_val2014_000000114717.jpg
1188,What is the weather like?,the weather,./val2014/COCO_val2014_000000062474.jpg
1189,What kind of veggies is this?,this,./val2014/COCO_val2014_000000127494.jpg
1190,How would the wheels on this vehicle go?,this vehicle,./val2014/COCO_val2014_000000480075.jpg
1191,What are these people doing?,these people,./val2014/COCO_val2014_000000459721.jpg
1192,Who invented this mode of transportation?,this mode of transportation,./val2014/COCO_val2014_000000033073.jpg
1193,What breed of dog is this?,dog is this,./val2014/COCO_val2014_000000349642.jpg
1194,What kind of animal does this resemble?,this,./val2014/COCO_val2014_000000189203.jpg
1195,What is the furniture item directly to the left of the people?,furniture item,./val2014/COCO_val2014_000000095295.jpg
1196,What type of phone is this man using?,this man,./val2014/COCO_val2014_000000474119.jpg
1197,Is this a meal or snack?,this,./val2014/COCO_val2014_000000335976.jpg
1198,What kind of boat is this?,boat is this,./val2014/COCO_val2014_000000082576.jpg
1199,What color do these lights turn?,these lights,./val2014/COCO_val2014_000000501116.jpg
1200,What activity are they doing?,they doing,./val2014/COCO_val2014_000000067207.jpg
1201,What kind of garment is this person wearing?,this person,./val2014/COCO_val2014_000000465129.jpg
1202,What are the people standing on?,people standing,./val2014/COCO_val2014_000000223905.jpg
1203,Where is the evidence of an ax or hatchet?,evidence of an ax or hatchet,./val2014/COCO_val2014_000000389480.jpg
1204,What kind of car is driving along the beach?,car,./val2014/COCO_val2014_000000403065.jpg
1205,How long do these animals stay awake in a day?,these animals,./val2014/COCO_val2014_000000126110.jpg
1206,What has this woman done?,this woman,./val2014/COCO_val2014_000000544432.jpg
1207,What is a group of these called?,these,./val2014/COCO_val2014_000000174423.jpg
1208,What type of pizza is this?,pizza is this,./val2014/COCO_val2014_000000337498.jpg
1209,What celestial body affects the behavior of this water?,this water,./val2014/COCO_val2014_000000236866.jpg
1210,What us holiday typically involves cooking one of these?,these,./val2014/COCO_val2014_000000142240.jpg
1211,Why might a cat do this?,this,./val2014/COCO_val2014_000000531995.jpg
1212,Can you guess the model of tv shown in this picture?,tv shown,./val2014/COCO_val2014_000000079920.jpg
1213,What style of dress is that man wearing?,that man,./val2014/COCO_val2014_000000317330.jpg
1214,What sound do these animals make?,these animals,./val2014/COCO_val2014_000000104002.jpg
1215,What is a type of pastry in the photo?,pastry in the photo,./val2014/COCO_val2014_000000073045.jpg
1216,What breed of dog is shown in the picture?,dog shown,./val2014/COCO_val2014_000000031049.jpg
1217,Can you name an animal that lives in the same environment as those shown here?,those shown here,./val2014/COCO_val2014_000000141755.jpg
1218,Is that a lake or a river?,that,./val2014/COCO_val2014_000000119088.jpg
1219,What style of weave was used to make that blanket?,that blanket,./val2014/COCO_val2014_000000519716.jpg
1220,What activity can be done using the items below the clock?,items below the clock,./val2014/COCO_val2014_000000056036.jpg
1221,What are the bright pieces of food?,bright pieces of food,./val2014/COCO_val2014_000000177714.jpg
1222,Are the leaves of the plant that produce this yellow fruit long or short?,this yellow fruit,./val2014/COCO_val2014_000000152360.jpg
1223,Is it daytime or nighttime?,daytime or nighttime,./val2014/COCO_val2014_000000518604.jpg
1224,What does jak stand for?,jak stand for,./val2014/COCO_val2014_000000316522.jpg
1225,An animal born the color of this dog and also having pink eyes could be a what?,this dog,./val2014/COCO_val2014_000000209468.jpg
1226,What is the animal to the left?,animal to the left,./val2014/COCO_val2014_000000252216.jpg
1227,What is the process called that was used to make this food?,this food,./val2014/COCO_val2014_000000021217.jpg
1228,What decade is this?,this,./val2014/COCO_val2014_000000200739.jpg
1229,What kind of home is this?,this,./val2014/COCO_val2014_000000534845.jpg
1230,What is on the ears of the cattle in this photo?,ears of the cattle,./val2014/COCO_val2014_000000339512.jpg
1231,What topping is on the food?,the food,./val2014/COCO_val2014_000000172995.jpg
1232,The red vehicle in the image fights what?,red vehicle,./val2014/COCO_val2014_000000211294.jpg
1233,What breed of cow is this?,cow is this,./val2014/COCO_val2014_000000503008.jpg
1234,What is the dog eating off of?,dog eating,./val2014/COCO_val2014_000000288955.jpg
1235,What kind of meats are on this pizza?,this pizza,./val2014/COCO_val2014_000000427245.jpg
1236,How cold is it?,it,./val2014/COCO_val2014_000000274549.jpg
1237,What media was used to create the tigers face?,tigers face,./val2014/COCO_val2014_000000506483.jpg
1238,What are these animals famous for?,these animals,./val2014/COCO_val2014_000000023981.jpg
1239,What style of dress is this woman wearing?,this woman,./val2014/COCO_val2014_000000167854.jpg
1240,What is this persons gender?,this person,./val2014/COCO_val2014_000000493628.jpg
1241,Where is this?,this,./val2014/COCO_val2014_000000329568.jpg
1242,What event might this be?,this,./val2014/COCO_val2014_000000489798.jpg
1243,When would you see this?,this,./val2014/COCO_val2014_000000268371.jpg
1244,What kind of cake is on the plate?,cake on the plate,./val2014/COCO_val2014_000000460266.jpg
1245,What type of knot is shown here?,knot,./val2014/COCO_val2014_000000349611.jpg
1246,Home bathroom or hotel bathroom?,bathroom,./val2014/COCO_val2014_000000035526.jpg
1247,What genus of flower is placed inside the vase?,flower,./val2014/COCO_val2014_000000140076.jpg
1248,What source of heat is the pot using?,the pot,./val2014/COCO_val2014_000000497375.jpg
1249,What is the breed of the cat in this picture?,cat in this picture,./val2014/COCO_val2014_000000270148.jpg
1250,What kind of monitor is shown?,monitor,./val2014/COCO_val2014_000000001591.jpg
1251,What century is this?,this,./val2014/COCO_val2014_000000480311.jpg
1252,What is the outside temperature?,outside temperature,./val2014/COCO_val2014_000000227550.jpg
1253,What breed of dog is this?,dog is this,./val2014/COCO_val2014_000000532426.jpg
1254,What's her side dish?,her side dish,./val2014/COCO_val2014_000000279491.jpg
1255,Which feline has a pelt similar to this animals but with smaller detailing?,this animals,./val2014/COCO_val2014_000000030967.jpg
1256,What is the chair made of?,chair,./val2014/COCO_val2014_000000203754.jpg
1257,What position is this person playing?,this person,./val2014/COCO_val2014_000000362563.jpg
1258,What is the pane of glass in the wall called?,pane of glass,./val2014/COCO_val2014_000000010008.jpg
1259,What branch of the army is depicted here?,depicted here,./val2014/COCO_val2014_000000566824.jpg
1260,What pieces of furniture critical to comfortable meal consumption are missing in this photo?,pieces of furniture,./val2014/COCO_val2014_000000137118.jpg
1261,What does the body language of these two dogs show?,these two dogs,./val2014/COCO_val2014_000000512118.jpg
1262,How old is the branch of the military mentioned on the boy's shirt?,boy's shirt,./val2014/COCO_val2014_000000534041.jpg
1263,Is this man safe or unsafe?,this man,./val2014/COCO_val2014_000000394941.jpg
1264,Where is a popular destination for this activity?,this activity,./val2014/COCO_val2014_000000509014.jpg
1265,What is the black objects on the salad called?,black objects,./val2014/COCO_val2014_000000547041.jpg
1266,What is the purpose of the bench?,the bench,./val2014/COCO_val2014_000000527960.jpg
1267,What does this animal eat?,this animal,./val2014/COCO_val2014_000000044964.jpg
1268,Ralph lauren famously depicts what sport which requires riding the animal depicted in this picture?,this animal,./val2014/COCO_val2014_000000444444.jpg
1269,How high can this animal jump?,this animal,./val2014/COCO_val2014_000000345380.jpg
1270,What is the brand of the hair dryer?,hair dryer,./val2014/COCO_val2014_000000212058.jpg
1271,What is the size of bed this child is sitting on?,this bed,./val2014/COCO_val2014_000000380487.jpg
1272,What kind of dog is that?,dog is that,./val2014/COCO_val2014_000000228309.jpg
1273,What does the white sign with the arrow mean?,white sign,./val2014/COCO_val2014_000000413172.jpg
1274,What superhero donut is pictured?,superhero donut,./val2014/COCO_val2014_000000380493.jpg
1275,What are these bricks stuck together with?,these bricks,./val2014/COCO_val2014_000000415076.jpg
1276,What kind of plant is seen in this picture?,plant,./val2014/COCO_val2014_000000571550.jpg
1277,What are the two people celebrating?,two people celebrating,./val2014/COCO_val2014_000000239351.jpg
1278,What kind of restaurant might this be?,restaurant might this be,./val2014/COCO_val2014_000000443602.jpg
1279,Who built this snowman?,this snowman,./val2014/COCO_val2014_000000080455.jpg
1280,How much closer *are* objects in the side mirrors?,objects in the side mirrors,./val2014/COCO_val2014_000000204749.jpg
1281,Are you going to worship or eat dinner in this building?,this building,./val2014/COCO_val2014_000000455325.jpg
1282,What continent has this style of arch?,this style of arch,./val2014/COCO_val2014_000000488573.jpg
1283,Name the bread of these dogs shown in this picture?,these dogs,./val2014/COCO_val2014_000000057703.jpg
1284,What kind of food is this?,this,./val2014/COCO_val2014_000000403333.jpg
1285,What fruit is used to make the beverage pictured?,fruit,./val2014/COCO_val2014_000000157581.jpg
1286,What is this woman about to do?,this woman,./val2014/COCO_val2014_000000376372.jpg
1287,Which type of cotton is used for making the pillow shown in this photo?,pillow shown in the photo,./val2014/COCO_val2014_000000532901.jpg
1288,How long does it take to cook?,it,./val2014/COCO_val2014_000000265596.jpg
1289,How many players form a team in this sport?,this sport,./val2014/COCO_val2014_000000330932.jpg
1290,What is a red condiment commonly placed in the food in the image?,red condiment,./val2014/COCO_val2014_000000283268.jpg
1291,What sort of infrastructure is required to support this method of transportation?,this method of transportation,./val2014/COCO_val2014_000000456053.jpg
1292,What is a baby cow called?,baby cow,./val2014/COCO_val2014_000000360986.jpg
1293,What is the flower attacked to the jacket called?,flower,./val2014/COCO_val2014_000000551243.jpg
1294,Where can i buy this bedding?,this bedding,./val2014/COCO_val2014_000000100895.jpg
1295,How are you able to turn on the equipment that is located at the top of the image?,equipment,./val2014/COCO_val2014_000000395379.jpg
1296,What sensory problems can animals of this color have?,animals of this color,./val2014/COCO_val2014_000000163666.jpg
1297,How many calories are typically in this type of food?,this type of food,./val2014/COCO_val2014_000000138653.jpg
1298,Which of the sexes is more likely to carry these items?,these items,./val2014/COCO_val2014_000000132860.jpg
1299,What is he holding on?,he holding,./val2014/COCO_val2014_000000342013.jpg
1300,What famous athletes ride the vehicle seen here professionally?,vehicle seen here,./val2014/COCO_val2014_000000400728.jpg
1301,What is the design of this blanket called?,this blanket,./val2014/COCO_val2014_000000503668.jpg
1302,What type of flowers are pictured?,flowers are pictured,./val2014/COCO_val2014_000000015259.jpg
1303,What sport is this?,this,./val2014/COCO_val2014_000000358149.jpg
1304,What kind of flower is this?,flower is this,./val2014/COCO_val2014_000000385842.jpg
1305,What kind of flowers are these?,flowers are these,./val2014/COCO_val2014_000000322174.jpg
1306,What is this dog running after?,this dog,./val2014/COCO_val2014_000000355905.jpg
1307,In which country do you typically find these animals from?,these animals,./val2014/COCO_val2014_000000325055.jpg
1308,What style of tiles are those on the wall?,tiles on the wall,./val2014/COCO_val2014_000000170893.jpg
1309,What star is in this picture?,this picture,./val2014/COCO_val2014_000000460346.jpg
1310,What types of dancing might incorporate leaps such as the one this man is performing?,leaps,./val2014/COCO_val2014_000000110597.jpg
1311,What is this train hauling?,this train,./val2014/COCO_val2014_000000157261.jpg
1312,How many calories can you burn by playing this type of sport for an hour?,this type of sport,./val2014/COCO_val2014_000000193863.jpg
1313,Where could you sit?,you sit,./val2014/COCO_val2014_000000578343.jpg
1314,What are the breeds of the horses shown?,horses shown,./val2014/COCO_val2014_000000329138.jpg
1315,What kinds of kites are those?,kites,./val2014/COCO_val2014_000000070791.jpg
1316,This bear is what kind of bear?,this bear,./val2014/COCO_val2014_000000141468.jpg
1317,What type of event might the couple be preparing for?,the couple,./val2014/COCO_val2014_000000011051.jpg
1318,What is needed to drive this vehicle?,this vehicle,./val2014/COCO_val2014_000000110961.jpg
1319,What does this device generally do?,this device,./val2014/COCO_val2014_000000390627.jpg
1320,What movie is referenced by the figure to the right of the laptop?,figure to the right,./val2014/COCO_val2014_000000291816.jpg
1321,He is pretending to do what?,He is pretending,./val2014/COCO_val2014_000000510080.jpg
1322,Can you guess the place name where the snow is seen?,snow,./val2014/COCO_val2014_000000261292.jpg
1323,What type of technological device is this?,this,./val2014/COCO_val2014_000000348654.jpg
1324,What is the red condiment made of?,red condiment,./val2014/COCO_val2014_000000208132.jpg
1325,Is that a donkey or a pony?,that,./val2014/COCO_val2014_000000399349.jpg
1326,Where will you find such in our country?,such,./val2014/COCO_val2014_000000537153.jpg
1327,What species of giraffe are pictured here?,giraffe,./val2014/COCO_val2014_000000504580.jpg
1328,What type of bathtub is this?,bathtub is this,./val2014/COCO_val2014_000000323186.jpg
1329,What is the name of the floor pattern?,floor pattern,./val2014/COCO_val2014_000000291509.jpg
1330,What brand of shirt is this man wearing?,this man,./val2014/COCO_val2014_000000268620.jpg
1331,How many people fit in this type of vehicle?,this type of vehicle,./val2014/COCO_val2014_000000570001.jpg
1332,What does this man have on his head?,this man,./val2014/COCO_val2014_000000143576.jpg
1333,What language is the text in this picture written in?,text in this picture,./val2014/COCO_val2014_000000521098.jpg
1334,How is this side dish made?,this side dish,./val2014/COCO_val2014_000000542777.jpg
1335,What is the pattern of that wallpaper called?,that wallpaper,./val2014/COCO_val2014_000000085814.jpg
1336,What leaf is in this logo?,this logo,./val2014/COCO_val2014_000000434129.jpg
1337,What is the name of the bridge the cars are on?,bridge the cars,./val2014/COCO_val2014_000000364919.jpg
1338,What breed of horse is that?,horse is that,./val2014/COCO_val2014_000000542676.jpg
1339,What type of bread was used for this sandwich?,this sandwich,./val2014/COCO_val2014_000000267035.jpg
1340,What are the ingredients used to prepare the dish the man is having in his hand?,dish the man,./val2014/COCO_val2014_000000327038.jpg
1341,How are the carrots cook?,carrots cook,./val2014/COCO_val2014_000000026611.jpg
1342,Animals like to urinate on these?,these,./val2014/COCO_val2014_000000184778.jpg
1343,What type od bread is this meal made from?,this meal,./val2014/COCO_val2014_000000378614.jpg
1344,What mammalian genus do the animals in this picture belong to?,animals in this picture,./val2014/COCO_val2014_000000277498.jpg
1345,In what american city was this company founded?,this company,./val2014/COCO_val2014_000000377097.jpg
1346,What are the bags made of?,the bags,./val2014/COCO_val2014_000000020912.jpg
1347,What hair style does the child have?,the child,./val2014/COCO_val2014_000000368041.jpg
1348,What is this used for?,this,./val2014/COCO_val2014_000000383163.jpg
1349,What type of bear is this?,this bear,./val2014/COCO_val2014_000000020972.jpg
1350,Is it a moon or a star?,moon or star,./val2014/COCO_val2014_000000104345.jpg
1351,What is this room used for?,this room,./val2014/COCO_val2014_000000373170.jpg
1352,What are they advertising on the bus?,bus,./val2014/COCO_val2014_000000363527.jpg
1353,What type of cheese is usually on top?,cheese,./val2014/COCO_val2014_000000407162.jpg
1354,Where would you find these animals?,these animals,./val2014/COCO_val2014_000000406744.jpg
1355,Should beginners surf on hide tides or low tides?,tides,./val2014/COCO_val2014_000000233266.jpg
1356,Name the type of birds shown in this picture?,birds,./val2014/COCO_val2014_000000000520.jpg
1357,Which bridge is this?,this bridge,./val2014/COCO_val2014_000000384949.jpg
1358,What language is represented on the side of the train in this picture?,side of the train,./val2014/COCO_val2014_000000234928.jpg
1359,What does this truck appear to be doing out in the open field?,this truck,./val2014/COCO_val2014_000000349185.jpg
1360,What god is supposedly the same animal as these towels?,these towels,./val2014/COCO_val2014_000000572899.jpg
1361,What was the name of the first cloned version of the animal in this picture?,animal in this picture,./val2014/COCO_val2014_000000099026.jpg
1362,What day of the week is busiest for a place like the one pictured?,place like the one,./val2014/COCO_val2014_000000061507.jpg
1363,Who is a famous female athlete of this sport?,this sport,./val2014/COCO_val2014_000000382729.jpg
1364,What are the shoes called on these players?,these players,./val2014/COCO_val2014_000000273909.jpg
1365,What type of bench is this?,this bench,./val2014/COCO_val2014_000000236714.jpg
1366,What is the current record for eating this type of food?,this type of food,./val2014/COCO_val2014_000000153104.jpg
1367,What are the people who guard these animals called?,these animals,./val2014/COCO_val2014_000000472732.jpg
1368,How did the man extinguish one of the candles?,one of the candles,./val2014/COCO_val2014_000000010138.jpg
1369,What type of light is displayed by the sign?,the sign,./val2014/COCO_val2014_000000134863.jpg
1370,Where are these going?,these,./val2014/COCO_val2014_000000412471.jpg
1371,What is the breeding month of this bird?,this bird,./val2014/COCO_val2014_000000174363.jpg
1372,What kind of corner store is across the street?,corner store,./val2014/COCO_val2014_000000553912.jpg
1373,Which type of glass is used for making the bathroom doors shown in this photo?,bathroom doors,./val2014/COCO_val2014_000000556633.jpg
1374,What is the name of the stuffed animal in this picture?,stuffed animal in this picture,./val2014/COCO_val2014_000000427615.jpg
1375,What do you do in this room?,this room,./val2014/COCO_val2014_000000070192.jpg
1376,The man in the photo is using what to hit the ball?,the ball,./val2014/COCO_val2014_000000144252.jpg
1377,What is the style of brick on the wall?,brick on the wall,./val2014/COCO_val2014_000000379580.jpg
1378,What can i do to change the screen?,the screen,./val2014/COCO_val2014_000000516408.jpg
1379,What is this sandwich called on the east coast of the us?,this sandwich,./val2014/COCO_val2014_000000287959.jpg
1380,What other types of portable objects are made from the material of the tray under the food?,material of the tray,./val2014/COCO_val2014_000000430002.jpg
1381,Is the bacon made from turkey or pork?,the bacon,./val2014/COCO_val2014_000000468925.jpg
1382,How much thrust can that engine produce?,that engine,./val2014/COCO_val2014_000000547136.jpg
1383,What type of breed is this dog?,this dog,./val2014/COCO_val2014_000000403421.jpg
1384,What kind of oven is this?,this oven,./val2014/COCO_val2014_000000362482.jpg
1385,What type of breed are the birds in the photo?,birds in the photo,./val2014/COCO_val2014_000000446637.jpg
1386,What type of carnival ride is this?,carnival ride is this,./val2014/COCO_val2014_000000224850.jpg
1387,What part of water body could this be?,this,./val2014/COCO_val2014_000000240329.jpg
1388,What kind of bird is this?,bird is this,./val2014/COCO_val2014_000000371256.jpg
1389,What is the profession of the person?,the person,./val2014/COCO_val2014_000000129855.jpg
1390,Is the material shown in the photo organic or inorganic?,material shown,./val2014/COCO_val2014_000000288714.jpg
1391,Name the bird family to which it belongs to shown in this picture?,bird family,./val2014/COCO_val2014_000000117237.jpg
1392,How do you make this food?,this food,./val2014/COCO_val2014_000000275020.jpg
1393,What does the star symbol on this uniform represent?,star symbol,./val2014/COCO_val2014_000000534516.jpg
1394,How long does it take to fry the food item shown?,food item shown,./val2014/COCO_val2014_000000568675.jpg
1395,What is the man checking for from the passengers when they enter?,the passengers,./val2014/COCO_val2014_000000107800.jpg
1396,Sparrows need to hide to avoid being eaten by what?,what,./val2014/COCO_val2014_000000440500.jpg
1397,Which brand of car is shown in this picture?,is shown in this picture,./val2014/COCO_val2014_000000391300.jpg
1398,What type of fence is used to enclose here?,fence,./val2014/COCO_val2014_000000280211.jpg
1399,How big is the ball used in this sport?,ball used in this sport,./val2014/COCO_val2014_000000311928.jpg
1400,What is sticking out of the window?,the window,./val2014/COCO_val2014_000000326593.jpg
1401,What kind of hairstyle does this woman have that was popular in the 1920s?,this woman,./val2014/COCO_val2014_000000456638.jpg
1402,What is the name of the equipment these people are using?,these people,./val2014/COCO_val2014_000000014056.jpg
1403,What is it called when someone does what this man is doing?,this man,./val2014/COCO_val2014_000000147897.jpg
1404,What does this sign mean?,this sign,./val2014/COCO_val2014_000000113185.jpg
1405,What movie is the popular charecter from?,popular character,./val2014/COCO_val2014_000000411596.jpg
1406,What are these animals participating in?,these animals,./val2014/COCO_val2014_000000024260.jpg
1407,Is it snowing or raing?,Is it,./val2014/COCO_val2014_000000446983.jpg
1408,Why do they have a light?,they,./val2014/COCO_val2014_000000553942.jpg
1409,Why type of restaurant would serve this food?,this food,./val2014/COCO_val2014_000000014773.jpg
1410,What human limbs are illegal to use in this sport?,this sport,./val2014/COCO_val2014_000000192200.jpg
1411,What is the profession of the person controlling the object shown?,object shown,./val2014/COCO_val2014_000000197226.jpg
1412,What is the rod on the wall used for?,rod on the wall,./val2014/COCO_val2014_000000308466.jpg
1413,What is the name of the position of the man in black?,man in black,./val2014/COCO_val2014_000000444817.jpg
1414,What part of this mechanism reacts with the air to create lift and drag?,this mechanism,./val2014/COCO_val2014_000000294182.jpg
1415,What are the animals featured here best known for?,animals featured here,./val2014/COCO_val2014_000000454195.jpg
1416,What brand soda is on the desk?,soda on the desk,./val2014/COCO_val2014_000000097994.jpg
1417,What do the words on the front indicate?,words on the front,./val2014/COCO_val2014_000000042070.jpg
1418,What electronic devices are pictured here?,electronic devices,./val2014/COCO_val2014_000000379475.jpg
1419,What is the name of the mechanism that the baby is sitting in?,mechanism,./val2014/COCO_val2014_000000559101.jpg
1420,What kind of plant is on this dish?,this dish,./val2014/COCO_val2014_000000189811.jpg
1421,Which uniformed person drive these vehicles?,these vehicles,./val2014/COCO_val2014_000000135057.jpg
1422,What author coined the phrase featuring this item and the word republic?,this item,./val2014/COCO_val2014_000000010432.jpg
1423,What does the blue container sell?,blue container,./val2014/COCO_val2014_000000385781.jpg
1424,Which noun in the picture is the tallest?,noun in the picture,./val2014/COCO_val2014_000000219075.jpg
1425,What other movie franchises has lego made playsets based on?,lego playsets,./val2014/COCO_val2014_000000251752.jpg
1426,Is the blue wool natural to the sheep or added by the farmer?,blue wool,./val2014/COCO_val2014_000000474388.jpg
1427,What kind of tree is in this photo?,tree in this photo,./val2014/COCO_val2014_000000277089.jpg
1428,What is the scientific name of this insect?,this insect,./val2014/COCO_val2014_000000531143.jpg
1429,What kind of signs are these?,signs are these,./val2014/COCO_val2014_000000294370.jpg
1430,What's the smaller towel used for?,smaller towel,./val2014/COCO_val2014_000000009772.jpg
1431,How many visitors arrive at the location shown on an average weekend?,location shown,./val2014/COCO_val2014_000000145020.jpg
1432,What company is a famous manufacturer of these?,these,./val2014/COCO_val2014_000000014321.jpg
1433,Is this a private or public room?,this room,./val2014/COCO_val2014_000000530706.jpg
1434,What is the design on this blanket referred to as?,this blanket,./val2014/COCO_val2014_000000111609.jpg
1435,What kind of bird is that?,bird is that,./val2014/COCO_val2014_000000064016.jpg
1436,What is he riding on?,he riding,./val2014/COCO_val2014_000000433845.jpg
1437,Who owns these three things?,these three things,./val2014/COCO_val2014_000000188192.jpg
1438,What nationality of food is she eating?,food,./val2014/COCO_val2014_000000208793.jpg
1439,What kind of tower is this?,tower is this,./val2014/COCO_val2014_000000544306.jpg
1440,What is the name of the clothes the man is wearing?,clothes,./val2014/COCO_val2014_000000475159.jpg
1441,What event are these ladies attending?,these ladies,./val2014/COCO_val2014_000000423715.jpg
1442,What might be a common item to pack in this wheeled object?,this wheeled object,./val2014/COCO_val2014_000000453001.jpg
1443,What tools are needed to build this type of seating?,this type of seating,./val2014/COCO_val2014_000000465092.jpg
1444,What is the green item with seeds on the plate?,green item on the plate,./val2014/COCO_val2014_000000071171.jpg
1445,What shape is this pizza?,this pizza,./val2014/COCO_val2014_000000422778.jpg
1446,What type of dish is this?,this dish,./val2014/COCO_val2014_000000233840.jpg
1447,What is a water source called in this environment?,this environment,./val2014/COCO_val2014_000000556248.jpg
1448,What does this child sit on to ride this animal?,this animal,./val2014/COCO_val2014_000000545155.jpg
1449,What type of bird does this look like?,this bird,./val2014/COCO_val2014_000000104108.jpg
1450,What is the style of this shower called?,this shower,./val2014/COCO_val2014_000000528411.jpg
1451,What is the drivers seat of this vehicle be called?,this vehicle,./val2014/COCO_val2014_000000252582.jpg
1452,What are these objects for?,these objects,./val2014/COCO_val2014_000000191444.jpg
1453,What is the fabric in the windows used for?,fabric in the windows,./val2014/COCO_val2014_000000561164.jpg
1454,What type of pants is the woman wearing?,pants,./val2014/COCO_val2014_000000241340.jpg
1455,What is the weather in this photo?,this photo,./val2014/COCO_val2014_000000547962.jpg
1456,What is aim made for?,aim,./val2014/COCO_val2014_000000110026.jpg
1457,What objects are usually in this room?,this room,./val2014/COCO_val2014_000000534733.jpg
1458,What company makes the white car?,white car,./val2014/COCO_val2014_000000326510.jpg
1459,In this photo provide the average weight of this type of bird when they are fully grown?,this type of bird,./val2014/COCO_val2014_000000215781.jpg
1460,What kind of birds are these?,these birds,./val2014/COCO_val2014_000000044732.jpg
1461,What material is the fountain made of?,fountain,./val2014/COCO_val2014_000000088748.jpg
1462,What shape are these pizzas?,these pizzas,./val2014/COCO_val2014_000000508582.jpg
1463,What flavour of cake is this?,cake is this,./val2014/COCO_val2014_000000312524.jpg
1464,What are they looking at?,they looking at,./val2014/COCO_val2014_000000371364.jpg
1465,Who holds the fastest record in this sport?,this sport,./val2014/COCO_val2014_000000455624.jpg
1466,Do you think this person has won or lost a game?,this person,./val2014/COCO_val2014_000000575719.jpg
1467,How heavy is this machine?,this machine,./val2014/COCO_val2014_000000287725.jpg
1468,What state are these citrus fruits native to?,these citrus fruits,./val2014/COCO_val2014_000000133161.jpg
1469,How does the lady can eat the cake?,the cake,./val2014/COCO_val2014_000000252179.jpg
1470,What is the brown wooden thing called?,brown wooden thing,./val2014/COCO_val2014_000000024458.jpg
1471,How come we know this is the ground floor?,this,./val2014/COCO_val2014_000000410587.jpg
1472,What are they waiting for?,they,./val2014/COCO_val2014_000000331686.jpg
1473,To whom does that board belong?,that board,./val2014/COCO_val2014_000000262274.jpg
1474,What sort of garnish should be added to this dish to make it more appetizing?,this dish,./val2014/COCO_val2014_000000104669.jpg
1475,This boy is celebrating his birthday which is not celebrated by people of what religion?,This boy,./val2014/COCO_val2014_000000012153.jpg
1476,What devastating phenomenon could be triggered by noise and and activities of persons engaged in this activity?,this activity,./val2014/COCO_val2014_000000548011.jpg
1477,What piece of apparel holds a tiny version of the item on the pole?,item on the pole,./val2014/COCO_val2014_000000530461.jpg
1478,What type of door is raised is this photo?,door,./val2014/COCO_val2014_000000007386.jpg
1479,Why is this woman in bed?,this woman,./val2014/COCO_val2014_000000221000.jpg
1480,What is the colorful design refered to on this womans leg?,this womans leg,./val2014/COCO_val2014_000000337055.jpg
1481,In what town is that boy skate boarding?,that boy,./val2014/COCO_val2014_000000141256.jpg
1482,What is hanging on the wall?,hanging on the wall,./val2014/COCO_val2014_000000386755.jpg
1483,What is the name of the people who work in this environment?,this environment,./val2014/COCO_val2014_000000105465.jpg
1484,What is the title of the man behind the wheel?,man behind the wheel,./val2014/COCO_val2014_000000226154.jpg
1485,Why is the man asleep on the bench?,man,./val2014/COCO_val2014_000000414578.jpg
1486,What size bed is this?,bed is this,./val2014/COCO_val2014_000000242301.jpg
1487,What sport might this animal be used for?,this animal,./val2014/COCO_val2014_000000086317.jpg
1488,What ingrediants are in this food?,this food,./val2014/COCO_val2014_000000251801.jpg
1489,What is the male of this animal called?,this animal,./val2014/COCO_val2014_000000083656.jpg
1490,What is a common predator of the animal seen here?,animal seen here,./val2014/COCO_val2014_000000516316.jpg
1491,How does item this work?,item this,./val2014/COCO_val2014_000000143132.jpg
1492,How tall are these mountains?,these mountains,./val2014/COCO_val2014_000000440387.jpg
1493,What type of wall is in this part of the house?,this part,./val2014/COCO_val2014_000000492051.jpg
1494,What is the item the man is resting on used for?,item the man,./val2014/COCO_val2014_000000238691.jpg
1495,What types of food does this breed of elephant consume?,this breed of elephant,./val2014/COCO_val2014_000000456679.jpg
1496,Can you tell me what the symbol in the board indicates?,symbol in the board,./val2014/COCO_val2014_000000173183.jpg
1497,What is the title of the individual in the photo?,individual in the photo,./val2014/COCO_val2014_000000227806.jpg
1498,What kind of cat is that?,cat is that,./val2014/COCO_val2014_000000285418.jpg
1499,What is the boy doing to the girl's hair?,boy doing,./val2014/COCO_val2014_000000197918.jpg
1500,What species of bird is this?,bird is this,./val2014/COCO_val2014_000000372756.jpg
1501,What church is this?,church is this,./val2014/COCO_val2014_000000429174.jpg
1502,What do you do in this room?,this room,./val2014/COCO_val2014_000000439472.jpg
1503,What is this animal doing with it's head down?,this animal,./val2014/COCO_val2014_000000320218.jpg
1504,What type of sign is this?,sign is this,./val2014/COCO_val2014_000000289943.jpg
1505,Who is a famous for this sport?,this sport,./val2014/COCO_val2014_000000054712.jpg
1506,The wire filaments inside the rubber wheel are called what?,wire filaments,./val2014/COCO_val2014_000000292819.jpg
1507,Is it a table or a bench?,table or bench,./val2014/COCO_val2014_000000386650.jpg
1508,Where in the world could you ride on a boat such as this?,boat such as this,./val2014/COCO_val2014_000000564352.jpg
1509,What media is this horse made from?,this horse,./val2014/COCO_val2014_000000093766.jpg
1510,In the nursery rhyme the duckling is what?,duckling,./val2014/COCO_val2014_000000481628.jpg
1511,Where can i buy clothes similar to hers online?,clothes similar to hers,./val2014/COCO_val2014_000000157601.jpg
1512,What group do these boys belong to?,these boys,./val2014/COCO_val2014_000000508538.jpg
1513,What vegetables are on this plate?,this plate,./val2014/COCO_val2014_000000149641.jpg
1514,What does the traffic signal indicate drivers should do?,traffic signal,./val2014/COCO_val2014_000000527379.jpg
1515,Which brand of aeroplane is shown in this picture?,aeroplane,./val2014/COCO_val2014_000000456865.jpg
1516,These birds found near water are called what?,These birds,./val2014/COCO_val2014_000000155885.jpg
1517,What event could this be taking place at?,this ,./val2014/COCO_val2014_000000283698.jpg
1518,Where do these foods grow?,these foods,./val2014/COCO_val2014_000000527846.jpg
1519,What type of apples is the woman using in this recipe?,apples,./val2014/COCO_val2014_000000463771.jpg
1520,What kind of dog is in this picture?,dog,./val2014/COCO_val2014_000000536400.jpg
1521,Who makes the motorcycle pictured in the corner?,motorcycle,./val2014/COCO_val2014_000000553852.jpg
1522,What kind of computer is shown?,computer,./val2014/COCO_val2014_000000086426.jpg
1523,Can you guess the model of tv shown in this picture?,tv shown in this picture,./val2014/COCO_val2014_000000570709.jpg
1524,What is this on top of?,this,./val2014/COCO_val2014_000000064822.jpg
1525,Which color seen on a garment here is often seen on flowering bushes?,garment here,./val2014/COCO_val2014_000000051203.jpg
1526,What is the style of the room?,the room,./val2014/COCO_val2014_000000368821.jpg
1527,What kind of board is this?,board is this,./val2014/COCO_val2014_000000326284.jpg
1528,What position is this team member playing?,this team member,./val2014/COCO_val2014_000000269058.jpg
1529,What was the use of the biggest equipment on the board?,biggest equipment,./val2014/COCO_val2014_000000331646.jpg
1530,What can this be used for?,this,./val2014/COCO_val2014_000000326658.jpg
1531,Why does this animal have this object?,"this animal
this object",./val2014/COCO_val2014_000000366611.jpg
1532,What kind of laptop is that?,laptop is that,./val2014/COCO_val2014_000000182236.jpg
1533,What kind of camera is she using?,camera,./val2014/COCO_val2014_000000061862.jpg
1534,What state is this child most likely in?,this child,./val2014/COCO_val2014_000000408364.jpg
1535,What year did the company advertising on the side of this bag open for business?,this bag,./val2014/COCO_val2014_000000197499.jpg
1536,Why is the device on the right there?,device on the right,./val2014/COCO_val2014_000000116252.jpg
1537,What is this street made of?,this street,./val2014/COCO_val2014_000000566249.jpg
1538,What electronic device is this?,this,./val2014/COCO_val2014_000000383209.jpg
1539,What type of bear is in the front of the store?,bear is in front of the store,./val2014/COCO_val2014_000000141343.jpg
1540,Which of those trucks can carry the most weight?,those trucks,./val2014/COCO_val2014_000000413275.jpg
1541,Why would we suspect that this office is in a home?,this office,./val2014/COCO_val2014_000000569059.jpg
1542,What breed of sheep is this?,sheep is this,./val2014/COCO_val2014_000000005992.jpg
1543,How fast can you you be going?,you be going,./val2014/COCO_val2014_000000128669.jpg
1544,Where can i store these vehicles?,these vehicles,./val2014/COCO_val2014_000000096075.jpg
1545,What type of cooking could be done using the black appliance on the counter?,black appliance,./val2014/COCO_val2014_000000232287.jpg
1546,What model plane is this?,plane is this,./val2014/COCO_val2014_000000298440.jpg
1547,Why might we assume that the vehicle on the left was more modern?,vehicle on the left,./val2014/COCO_val2014_000000523195.jpg
1548,What is the person doing?,person doing,./val2014/COCO_val2014_000000110392.jpg
1549,What produced that light?,that light,./val2014/COCO_val2014_000000253036.jpg
1550,What utensil is needed to eat this meal?,this meal,./val2014/COCO_val2014_000000083217.jpg
1551,Why is the leaf on the ground?,leaf on the ground,./val2014/COCO_val2014_000000165157.jpg
1552,These plants are called what?,These plants,./val2014/COCO_val2014_000000405248.jpg
1553,What is this location called?,this location,./val2014/COCO_val2014_000000193380.jpg
1554,What year was the first game of this sport played?,this sport,./val2014/COCO_val2014_000000581831.jpg
1555,What type of architectural design is this living room?,this living room,./val2014/COCO_val2014_000000361140.jpg
1556,What gender is this animal?,this animal,./val2014/COCO_val2014_000000183390.jpg
1557,What kind of knot did the man on the left tie his bowtie with?,knot,./val2014/COCO_val2014_000000044136.jpg
1558,What is the weather like?,the weather,./val2014/COCO_val2014_000000328661.jpg
1559,Excessive consumption of this sort of food could possibly lead to what types of health conditions?,this sort of food,./val2014/COCO_val2014_000000037865.jpg
1560,How long is that sandwhich?,that sandwich,./val2014/COCO_val2014_000000294698.jpg
1561,What material is this counter top made of?,this counter top,./val2014/COCO_val2014_000000316342.jpg
1562,Name the place where these horses are seen in this picture?,these horses,./val2014/COCO_val2014_000000536166.jpg
1563,What are the fabric coverings on the window called?,fabric coverings on the window,./val2014/COCO_val2014_000000054334.jpg
1564,What kind of cold meet is this?,this,./val2014/COCO_val2014_000000544538.jpg
1565,What game system is this?,this game system,./val2014/COCO_val2014_000000357024.jpg
1566,What occupation is the womans?,the womans,./val2014/COCO_val2014_000000306426.jpg
1567,What type of animal is this and are they mentioned in the bible?,this animal,./val2014/COCO_val2014_000000565742.jpg
1568,What is this walkway used for?,this walkway,./val2014/COCO_val2014_000000398246.jpg
1569,Is he right or left handed?,he,./val2014/COCO_val2014_000000034754.jpg
1570,What type of food is shown?,food,./val2014/COCO_val2014_000000163309.jpg
1571,Why is it good to eat oranges often?,oranges,./val2014/COCO_val2014_000000467457.jpg
1572,Which of the two liquid receptacles on the desk would be better for holding a hot drink?,two liquid receptacles,./val2014/COCO_val2014_000000226171.jpg
1573,Name the type of flooring shown in this picture?,flooring,./val2014/COCO_val2014_000000522909.jpg
1574,What brand is this computer?,this computer,./val2014/COCO_val2014_000000422833.jpg
1575,Where would he use this?,this,./val2014/COCO_val2014_000000304853.jpg
1576,Who rides this?,this,./val2014/COCO_val2014_000000306972.jpg
1577,What action is the baseball player doing in this scene?,baseball player,./val2014/COCO_val2014_000000008065.jpg
1578,What is this boarders stance called?,boarders stance,./val2014/COCO_val2014_000000257084.jpg
1579,How many chromosomes do these creatures have?,these creatures,./val2014/COCO_val2014_000000462687.jpg
1580,What are the flowers in?,flowers,./val2014/COCO_val2014_000000546245.jpg
1581,How do we know there may be a school nearby?,there may be a school,./val2014/COCO_val2014_000000410712.jpg
1582,Is this a landline or cellular phone?,this,./val2014/COCO_val2014_000000452776.jpg
1583,Which part of the body might be particularly benefited by the use of this beverage?,this beverage,./val2014/COCO_val2014_000000124135.jpg
1584,What game is being played?,game,./val2014/COCO_val2014_000000496402.jpg
1585,Are the foods in the fridge mostly healthy or unhealthy?,foods in the fridge,./val2014/COCO_val2014_000000034915.jpg
1586,Are they celebrating an anniversary or her birthday?,they,./val2014/COCO_val2014_000000452866.jpg
1587,What is on the table?,table,./val2014/COCO_val2014_000000265200.jpg
1588,What might this animal have as a staple diet?,this animal,./val2014/COCO_val2014_000000438707.jpg
1589,What type of vegetable is on the topmost portion of the plate?,vegetable on the topmost portion,./val2014/COCO_val2014_000000085764.jpg
1590,What kind of polygon is shown in this picture?,polygon,./val2014/COCO_val2014_000000465550.jpg
1591,Why do these workers wear a vest for?,these workers,./val2014/COCO_val2014_000000140556.jpg
1592,What was happening here?,here,./val2014/COCO_val2014_000000477305.jpg
1593,What is made out of wood?,wood,./val2014/COCO_val2014_000000375503.jpg
1594,In what sort of building might this be found?,this,./val2014/COCO_val2014_000000384337.jpg
1595,The activity that the man in the photo is doing can increase which vital signs?,man in the photo,./val2014/COCO_val2014_000000426578.jpg
1596,Who do you think enjoys the statue the most?,status the most,./val2014/COCO_val2014_000000004551.jpg
1597,What are these people pulling?,these people,./val2014/COCO_val2014_000000191585.jpg
1598,What english city is famous for a tournament for the sport this man is playing?,the sport,./val2014/COCO_val2014_000000379332.jpg
1599,Name the kind of lighting used in this kitchen shown?,this kitchen,./val2014/COCO_val2014_000000251343.jpg
1600,Where could you find these animals?,these animals,./val2014/COCO_val2014_000000460972.jpg
1601,What sort of farm is this?,farm is this,./val2014/COCO_val2014_000000092145.jpg
1602,What industry are these for?,these,./val2014/COCO_val2014_000000502012.jpg
1603,Is the large yellow object a fruit or a vegetable?,large yellow object,./val2014/COCO_val2014_000000571437.jpg
1604,What products do we get from cows?,cows,./val2014/COCO_val2014_000000459396.jpg
1605,Can you guess the type of flooring shown in this picture?,flooring,./val2014/COCO_val2014_000000414852.jpg
1606,What activity is this man engaging in?,this man,./val2014/COCO_val2014_000000182441.jpg
1607,How is this food cooked?,this food,./val2014/COCO_val2014_000000096755.jpg
1608,Is this the bathroom of a single person or family?,this bathroom,./val2014/COCO_val2014_000000293832.jpg
1609,What kind of hat is the man wearing?,hat,./val2014/COCO_val2014_000000343852.jpg
1610,What kind of cat is this?,cat is this,./val2014/COCO_val2014_000000120129.jpg
1611,How was the meat in this photo prepeared?,meat in this photo,./val2014/COCO_val2014_000000536708.jpg
1612,What is the name of this trick?,this trick,./val2014/COCO_val2014_000000248953.jpg
1613,What past time activity could be supported by the items stacked on the side table?,items stacked on the side table,./val2014/COCO_val2014_000000284028.jpg
1614,What direction is the wind from?,the wind,./val2014/COCO_val2014_000000235093.jpg
1615,What three letters are used to identify hotly debated flying objects that could look like this white disc?,this white disc,./val2014/COCO_val2014_000000115823.jpg
1616,The sharp objects are doing what?,sharp objects,./val2014/COCO_val2014_000000255483.jpg
1617,How might this be prepared?,this,./val2014/COCO_val2014_000000425526.jpg
1618,What other sauces are popular with this dish?,this dish,./val2014/COCO_val2014_000000099053.jpg
1619,Is this high tide or low tide?,this,./val2014/COCO_val2014_000000497299.jpg
1620,How is this cooked?,this,./val2014/COCO_val2014_000000361430.jpg
1621,How is this man transporting himself?,this man,./val2014/COCO_val2014_000000231655.jpg
1622,Where are foods like these usually found in a supermarket?,foods like these,./val2014/COCO_val2014_000000417144.jpg
1623,What video game was made with the name of arguably the most famous athlete in this sport?,this sport,./val2014/COCO_val2014_000000394892.jpg
1624,How much sunlight does the plant in this photo require?,plant in this photo,./val2014/COCO_val2014_000000165547.jpg
1625,What shape is the umbrella?,umbrella,./val2014/COCO_val2014_000000105622.jpg
1626,What building is this?,building is this,./val2014/COCO_val2014_000000256590.jpg
1627,What are the panes of glass in the walls called?,panes of glass,./val2014/COCO_val2014_000000047769.jpg
1628,Name the flower?,flower,./val2014/COCO_val2014_000000391142.jpg
1629,Which is the tall african herbavore?,tall african herbavore,./val2014/COCO_val2014_000000486046.jpg
1630,How fast can this train go?,this train,./val2014/COCO_val2014_000000578967.jpg
1631,When was this mode of transportation invented?,this mode of transportation,./val2014/COCO_val2014_000000347982.jpg
1632,In modern society what can you often see someone doing while walking down the street with their phone?,their phone,./val2014/COCO_val2014_000000275111.jpg
1633,This was used to keep the house warm before central air?,this,./val2014/COCO_val2014_000000293804.jpg
1634,What game is being played?,game being played,./val2014/COCO_val2014_000000035504.jpg
1635,What are they using to move through the water?,they,./val2014/COCO_val2014_000000137362.jpg
1636,Are the streets in this picture wet or dry?,streets in this picture,./val2014/COCO_val2014_000000417265.jpg
1637,What kind of horse this is?,horse,./val2014/COCO_val2014_000000260823.jpg
1638,What type of lights are illuminating the street name sign?,lights,./val2014/COCO_val2014_000000362521.jpg
1639,How old is this computer?,this computer,./val2014/COCO_val2014_000000432258.jpg
1640,Blown out at every birthday party?,Blown out,./val2014/COCO_val2014_000000570579.jpg
1641,Who take care of the elephant?,elephant,./val2014/COCO_val2014_000000146042.jpg
1642,What type of electronic device does the remote on this table control?,remote on this table,./val2014/COCO_val2014_000000405432.jpg
1643,What rails does this vehicle drive on?,this vehicle,./val2014/COCO_val2014_000000242513.jpg
1644,What kind of trick is that?,trick is that,./val2014/COCO_val2014_000000089898.jpg
1645,What breed of cows are these?,cows are these,./val2014/COCO_val2014_000000231580.jpg
1646,What kind of fish is on the plate?,fish is on the plate,./val2014/COCO_val2014_000000337065.jpg
1647,What breed of dog is the dog in this photo?,dog in this photo,./val2014/COCO_val2014_000000385912.jpg
1648,What do you call the pattern on the furniture?,pattern on the furniture,./val2014/COCO_val2014_000000004495.jpg
1649,Where is the evidence of worms?,evidence of worms,./val2014/COCO_val2014_000000323853.jpg
1650,Which country in the world is most famous for this sport?,this sport,./val2014/COCO_val2014_000000083408.jpg
1651,What is the purpose of this vehicle?,this vehicle,./val2014/COCO_val2014_000000403919.jpg
1652,What is this trick called?,this trick,./val2014/COCO_val2014_000000149470.jpg
1653,What kind of relationship is this?,this,./val2014/COCO_val2014_000000550431.jpg
1654,What is the shelf behind the three people being used for?,shelf behind,./val2014/COCO_val2014_000000560744.jpg
1655,The person in the hat is pretending to be what dr seuss character?,person in the hat,./val2014/COCO_val2014_000000111806.jpg
1656,What is the fastest way i can get somewhere listed here?,somewhere listed here,./val2014/COCO_val2014_000000355169.jpg
1657,What pose are these women sitting in?,these women,./val2014/COCO_val2014_000000330122.jpg
1658,What type of tennis match is being played?,tennis match,./val2014/COCO_val2014_000000305268.jpg
1659,What are the boxes used for?,boxes,./val2014/COCO_val2014_000000281582.jpg
1660,What kind of car is this?,car is this,./val2014/COCO_val2014_000000372794.jpg
1661,Name the ingredients used to make this dish?,this dish,./val2014/COCO_val2014_000000240742.jpg
1662,What does his hat say and how do you say that in navajo known to its own speakers as dine?,his hat,./val2014/COCO_val2014_000000072238.jpg
1663,Hold old is that train?,that train,./val2014/COCO_val2014_000000450458.jpg
1664,From what source does the yellow glean on the snow come from?,yellow glean,./val2014/COCO_val2014_000000213457.jpg
1665,What is the blue furniture used for?,blue furniture,./val2014/COCO_val2014_000000386661.jpg
1666,What decade is this vehicle from?,this vehicle,./val2014/COCO_val2014_000000534673.jpg
1667,What breed of dog is this?,this dog,./val2014/COCO_val2014_000000135116.jpg
1668,What kind of plant is seen in this picture?,plant is seen in this picture,./val2014/COCO_val2014_000000103509.jpg
1669,When was this type of vehicle first made?,this type of vehicle,./val2014/COCO_val2014_000000203110.jpg
1670,What does the longest device do?,longest device,./val2014/COCO_val2014_000000518908.jpg
1671,What are they putting in here?,they,./val2014/COCO_val2014_000000473210.jpg
1672,Name the model of train shown in this picture?,train shown,./val2014/COCO_val2014_000000403862.jpg
1673,What is the item behind the man's head for?,item behind,./val2014/COCO_val2014_000000418300.jpg
1674,What type of fuel is used by the buses?,the buses,./val2014/COCO_val2014_000000336658.jpg
1675,What kind of car is this?,car is this,./val2014/COCO_val2014_000000444576.jpg
1676,What brand of toothpaste is this?,this toothpaste,./val2014/COCO_val2014_000000267515.jpg
1677,Which dare devil with the initials ek famously used one of these vehicles to perform death defying stunts?,these vehicles,./val2014/COCO_val2014_000000012343.jpg
1678,How high is airplane?,airplane,./val2014/COCO_val2014_000000539226.jpg
1679,Why will these bears not eat the honey?,these bears,./val2014/COCO_val2014_000000236914.jpg
1680,What kind of breading was used?,breading,./val2014/COCO_val2014_000000240731.jpg
1681,Is this a buggy or car?,this,./val2014/COCO_val2014_000000398726.jpg
1682,What is the silverware made from?,silverware,./val2014/COCO_val2014_000000035269.jpg
1683,What is this cooking technique called?,this cooking technique,./val2014/COCO_val2014_000000399296.jpg
1684,Is the skateboard on a flat or round surface?,skateboard,./val2014/COCO_val2014_000000387463.jpg
1685,Which vegetable is grown in the ground?,vegetable,./val2014/COCO_val2014_000000023781.jpg
1686,What kind of bird is this?,bird is this,./val2014/COCO_val2014_000000466531.jpg
1687,Who is that on the dog's shirt?,that on the dog's shirt,./val2014/COCO_val2014_000000471175.jpg
1688,How were these fries cooked?,these fries,./val2014/COCO_val2014_000000322574.jpg
1689,How tall are these animals?,these animals,./val2014/COCO_val2014_000000102665.jpg
1690,What type of landscape is shown?,landscape,./val2014/COCO_val2014_000000452566.jpg
1691,What type of car is the red one?,red one,./val2014/COCO_val2014_000000225014.jpg
1692,What is on the outside of these pastries?,these pastries,./val2014/COCO_val2014_000000125782.jpg
1693,What is one item you can buy in this location pictured here?,this location,./val2014/COCO_val2014_000000104494.jpg
1694,What sport is this?,this sport,./val2014/COCO_val2014_000000391933.jpg
1695,Name the park where the person is sitting?,the person,./val2014/COCO_val2014_000000553669.jpg
1696,Why do people blow out candles on their birthday?,candles,./val2014/COCO_val2014_000000350855.jpg
1697,What breed of dog is this?,this dog,./val2014/COCO_val2014_000000016164.jpg
1698,What kind of fries are on the plate?,fries on the plate,./val2014/COCO_val2014_000000136624.jpg
1699,What kind of gathering might order this?,this,./val2014/COCO_val2014_000000264155.jpg
1700,Can you name the brand of the white car shown in this picture?,white car,./val2014/COCO_val2014_000000246717.jpg
1701,What kind of flowers are these?,flowers are these,./val2014/COCO_val2014_000000477949.jpg
1702,What kind of bed is in the photo?,bed,./val2014/COCO_val2014_000000555571.jpg
1703,What do people do on these items?,these items,./val2014/COCO_val2014_000000263700.jpg
1704,What is the cost of this side?,this side,./val2014/COCO_val2014_000000253930.jpg
1705,What do these animals wear on their feet?,these animals,./val2014/COCO_val2014_000000214753.jpg
1706,How many calories are in this bowl?,this bowl,./val2014/COCO_val2014_000000338903.jpg
1707,Can you name the place where this sport is played?,this sport,./val2014/COCO_val2014_000000012333.jpg
1708,In what decade was this sort of vehicle most popular?,this sort of vehicle,./val2014/COCO_val2014_000000447991.jpg
1709,Is this man on offense or defense?,this man,./val2014/COCO_val2014_000000440554.jpg
1710,What sort of sound does this animal make when it's contented as it appears to be now?,this animal,./val2014/COCO_val2014_000000124116.jpg
1711,What us island is this activity most associated with?,this activity,./val2014/COCO_val2014_000000008190.jpg
1712,What is the product being made here?,product being made,./val2014/COCO_val2014_000000301266.jpg
1713,What competition was this photo taken at?,this photo,./val2014/COCO_val2014_000000377113.jpg
1714,What brand is this guitar lying on the bed?,this guitar,./val2014/COCO_val2014_000000366421.jpg
1715,Where is this location?,this location,./val2014/COCO_val2014_000000539938.jpg
1716,How many bones in the neck does this animal have?,this animal,./val2014/COCO_val2014_000000111054.jpg
1717,These animals are closely related to what american animal?,these animals,./val2014/COCO_val2014_000000076866.jpg
1718,What does this person's outfit signify?,this person's outfit,./val2014/COCO_val2014_000000010386.jpg
1719,What is one possible trick that this skateboard could have done?,this skateboard,./val2014/COCO_val2014_000000310858.jpg
1720,Is that a sweater or cardigan?,that,./val2014/COCO_val2014_000000280623.jpg
1721,How much dirt can that machine tow?,that machine,./val2014/COCO_val2014_000000107641.jpg
1722,What would be used to propel these boats?,these boats,./val2014/COCO_val2014_000000107306.jpg
1723,Which course in the meal are these people in?,these people,./val2014/COCO_val2014_000000528821.jpg
1724,Are these show bikes or commuter bikes?,these bikes,./val2014/COCO_val2014_000000441245.jpg
1725,What little girls usually play with?,little girls usually,./val2014/COCO_val2014_000000335589.jpg
1726,What us company sold the most of this product last year?,this product,./val2014/COCO_val2014_000000060641.jpg
1727,Would this kind of transportation be in a rural or urban area?,this kind of transportation,./val2014/COCO_val2014_000000368648.jpg
1728,What fabric are these jackets made of?,these jackets,./val2014/COCO_val2014_000000147386.jpg
1729,What does this store sell?,this store,./val2014/COCO_val2014_000000293166.jpg
1730,What is the city in the background of this beach photo?,this beach photo,./val2014/COCO_val2014_000000388846.jpg
1731,What is this machine used for?,this machine,./val2014/COCO_val2014_000000138271.jpg
1732,Healthy or unhealthy?,Healthy,./val2014/COCO_val2014_000000553576.jpg
1733,What is this room used for?,this room,./val2014/COCO_val2014_000000521613.jpg
1734,What model is this cell phone?,this cell phone,./val2014/COCO_val2014_000000512070.jpg
1735,What time of year is it?,it,./val2014/COCO_val2014_000000312340.jpg
1736,Is this a meal or snack?,this,./val2014/COCO_val2014_000000347819.jpg
1737,What does the letter l stand for on the truck's bumper?,letter l,./val2014/COCO_val2014_000000160243.jpg
1738,How fast is this vehicle traveling?,this vehicle,./val2014/COCO_val2014_000000230936.jpg
1739,What does this thing tell us?,this thing,./val2014/COCO_val2014_000000414711.jpg
1740,What year was the background restaurant founded?,background restaurant,./val2014/COCO_val2014_000000382512.jpg
1741,What game are they playing?,they playing,./val2014/COCO_val2014_000000190753.jpg
1742,What is the location and type of vehicle?,vehicle,./val2014/COCO_val2014_000000534036.jpg
1743,What its this a fruit or vegetable?,this,./val2014/COCO_val2014_000000536375.jpg
1744,Work or play?,Work,./val2014/COCO_val2014_000000567552.jpg
1745,What type of train is this?,this train,./val2014/COCO_val2014_000000458109.jpg
1746,What kind of seeds on the bun?,seeds on the bun,./val2014/COCO_val2014_000000464911.jpg
1747,What type of fencing is being used?,fencing,./val2014/COCO_val2014_000000546584.jpg
1748,What color stars are in the background?,stars in the background,./val2014/COCO_val2014_000000549232.jpg
1749,What is she taking a picture in front of?,she taking a picture,./val2014/COCO_val2014_000000022341.jpg
1750,How fast do these vehicles tyipcally go?,these vehicles,./val2014/COCO_val2014_000000245432.jpg
1751,How many months does this person work?,this person,./val2014/COCO_val2014_000000009395.jpg
1752,Total eclipse of the what?,the what,./val2014/COCO_val2014_000000024386.jpg
1753,Are black cats said to bring good luck or bad luck?,black cats,./val2014/COCO_val2014_000000508440.jpg
1754,This sport requires eye to what coordination?,This sport,./val2014/COCO_val2014_000000340946.jpg
1755,What flavor is that cake?,that cake,./val2014/COCO_val2014_000000367732.jpg
1756,When was this kind of snack invented?,this kind of snack,./val2014/COCO_val2014_000000082157.jpg
1757,In what year were these objects introduced?,these objects,./val2014/COCO_val2014_000000138550.jpg
1758,What is the first car of a train called?,first car of a train,./val2014/COCO_val2014_000000411866.jpg
1759,Would you use a broom or a mop to clean this room?,this room,./val2014/COCO_val2014_000000325114.jpg
1760,Who is the actor on the television?,actor on the television,./val2014/COCO_val2014_000000061101.jpg
1761,Who made this?,this,./val2014/COCO_val2014_000000201825.jpg
1762,What functions do the items on the desk serve?,items on the desk,./val2014/COCO_val2014_000000160811.jpg
1763,What orange veggie is in the bowl?,orange veggie,./val2014/COCO_val2014_000000461172.jpg
1764,What style of roof does that house have?,that house,./val2014/COCO_val2014_000000517249.jpg
1765,What denomination is the church?,the church,./val2014/COCO_val2014_000000156104.jpg
1766,What kinds of trees are along the road?,trees,./val2014/COCO_val2014_000000407528.jpg
1767,Name the type of instrument pictured here?,instrument pictured here,./val2014/COCO_val2014_000000576939.jpg
1768,Are these carnivorous or herbivorous animals?,these,./val2014/COCO_val2014_000000314495.jpg
1769,Where do the horses in this photo stay at night?,horses in this photo,./val2014/COCO_val2014_000000358494.jpg
1770,What topping is on this food?,this food,./val2014/COCO_val2014_000000365305.jpg
1771,What other items might be found in this room?,this room,./val2014/COCO_val2014_000000476715.jpg
1772,Is redwood or cedar more prevalent as a siding material?,redwood or cedar,./val2014/COCO_val2014_000000021688.jpg
1773,What brand of computer is this?,this computer,./val2014/COCO_val2014_000000148620.jpg
1774,What religion uses the floor mat and pillow like this?,floor mat and pillow like this,./val2014/COCO_val2014_000000054358.jpg
1775,What is the name of the meal that has these ingredients?,these ingredients,./val2014/COCO_val2014_000000059614.jpg
1776,What should be done with the bottle on the table after it is done being used?,bottle on the table,./val2014/COCO_val2014_000000370285.jpg
1777,What is the road this bus is on made of?,this bus,./val2014/COCO_val2014_000000088462.jpg
1778,Is that a pier or ship in the background?,that,./val2014/COCO_val2014_000000074457.jpg
1779,Is that a pond or a lake?,that,./val2014/COCO_val2014_000000082821.jpg
1780,What is a famous example of this item?,this item,./val2014/COCO_val2014_000000546292.jpg
1781,What objects are usually in this room?,this room,./val2014/COCO_val2014_000000358658.jpg
1782,What moving device is used to clean the glass of this vehicle?,this vehicle,./val2014/COCO_val2014_000000368193.jpg
1783,What birds do these statues represent?,these statues,./val2014/COCO_val2014_000000553790.jpg
1784,What is this used for?,this,./val2014/COCO_val2014_000000391371.jpg
1785,Is this a private or commercial plane?,this plane,./val2014/COCO_val2014_000000333371.jpg
1786,What is the purpose of the vehicle in the front?,vehicle in the front,./val2014/COCO_val2014_000000442667.jpg
1787,What activity can be done with the items on the shelf?,items on the shelf,./val2014/COCO_val2014_000000535808.jpg
1788,What type of diet would approve the consumption of this food?,this food,./val2014/COCO_val2014_000000391588.jpg
1789,Name the place where the vechicle is shown in this picture?,vehicle,./val2014/COCO_val2014_000000230661.jpg
1790,What kind of grass is that?,that,./val2014/COCO_val2014_000000039357.jpg
1791,Is this legal or illegal?,this,./val2014/COCO_val2014_000000568611.jpg
1792,What sort of wardrobe is this?,wardrobe is this,./val2014/COCO_val2014_000000419816.jpg
1793,What is an illegal product that is taken from these animals?,these animals,./val2014/COCO_val2014_000000549182.jpg
1794,For what reason would a person use the same technology as this man?,technology as this man,./val2014/COCO_val2014_000000020070.jpg
1795,What action is this sign associated with?,this sign,./val2014/COCO_val2014_000000388873.jpg
1796,How thick is the windshield on this vehicle?,this vehicle,./val2014/COCO_val2014_000000024195.jpg
1797,What part of the body is the orange vegetable good for?,orange vegetable,./val2014/COCO_val2014_000000214293.jpg
1798,What might this man be doing?,this man,./val2014/COCO_val2014_000000448259.jpg
1799,What red condiment may be used on this meal?,this meal,./val2014/COCO_val2014_000000112269.jpg
1800,What kind of transportation is this man using?,this man,./val2014/COCO_val2014_000000524962.jpg
1801,What type of car is this?,car is this,./val2014/COCO_val2014_000000088021.jpg
1802,What type of work do you think these men are performing?,these men,./val2014/COCO_val2014_000000471154.jpg
1803,How far can the ladder on that fire truck extend?,ladder on that fire truck,./val2014/COCO_val2014_000000308947.jpg
1804,What type of wood is this art made from?,this art,./val2014/COCO_val2014_000000240082.jpg
1805,Does this person look more like snotgirl by comic creator bryan lee o'malley or veronica from archie comics?,this person,./val2014/COCO_val2014_000000057550.jpg
1806,Who should eat this?,this,./val2014/COCO_val2014_000000215424.jpg
1807,What is the generational gap between these two people?,these two people,./val2014/COCO_val2014_000000423740.jpg
1808,What activity is taking place here?,here,./val2014/COCO_val2014_000000181962.jpg
1809,What is this green leafy vegetable?,this green leafy vegetable,./val2014/COCO_val2014_000000551550.jpg
1810,Which kind of tree is shown in this picture?,tree,./val2014/COCO_val2014_000000077345.jpg
1811,What sport is this?,this,./val2014/COCO_val2014_000000507975.jpg
1812,What psychological trait is this animal most well known for?,this animal,./val2014/COCO_val2014_000000356478.jpg
1813,How heavy are these machines?,these machines,./val2014/COCO_val2014_000000287830.jpg
1814,What does the man wear around his neck?,the man wear around his neck,./val2014/COCO_val2014_000000375810.jpg
1815,What method was used to construct this hat?,this hat,./val2014/COCO_val2014_000000265050.jpg
1816,What position is the player playing?,player playing,./val2014/COCO_val2014_000000552842.jpg
1817,Who makes those snow boots?,those snow boots,./val2014/COCO_val2014_000000440840.jpg
1818,What physical traits does this skill require a person to have?,this skill,./val2014/COCO_val2014_000000449480.jpg
1819,Where might this lunch have come from?,this lunch,./val2014/COCO_val2014_000000085481.jpg
1820,What is inside the small door?,small door,./val2014/COCO_val2014_000000364157.jpg
1821,What did the knife get used for?,knife,./val2014/COCO_val2014_000000452846.jpg
1822,Does this animal sleep standing up or sitting down?,this animal,./val2014/COCO_val2014_000000561208.jpg
1823,What is the name of the musical instrument?,musical instrument,./val2014/COCO_val2014_000000104801.jpg
1824,What is another use of the item the person is holding in this picture?,item the person,./val2014/COCO_val2014_000000055395.jpg
1825,What type of fuel does this vehicle take?,this vehicle,./val2014/COCO_val2014_000000232550.jpg
1826,What food does the animal eat?,the animal,./val2014/COCO_val2014_000000498286.jpg
1827,Why do some people elect to use this transport over owning a car?,this transport,./val2014/COCO_val2014_000000318426.jpg
1828,What breed is this horse?,this horse,./val2014/COCO_val2014_000000318146.jpg
1829,What is the pink food in the sandwich?,pink food,./val2014/COCO_val2014_000000428452.jpg
1830,What kind of license do you need to drive this vehicle in the united states?,this vehicle,./val2014/COCO_val2014_000000080737.jpg
1831,What is the light in the sky?,light in the sky,./val2014/COCO_val2014_000000167964.jpg
1832,Is this creature a herbivore or an omnivore?,this creature,./val2014/COCO_val2014_000000085926.jpg
1833,What level course does this child ride?,this child ride,./val2014/COCO_val2014_000000288944.jpg
1834,What kind of meat is the man in the picture eating?,man in the picture,./val2014/COCO_val2014_000000256769.jpg
1835,Name the model of the ship shown in this picture?,ship,./val2014/COCO_val2014_000000492196.jpg
1836,Where is this food usually served?,this food,./val2014/COCO_val2014_000000507536.jpg
1837,What were the boats shown in the picture specifically used for?,boats shown in the picture,./val2014/COCO_val2014_000000465675.jpg
1838,What position does he play?,he play,./val2014/COCO_val2014_000000176288.jpg
1839,Should onion rings be served with sauerkraut dogs hamburgers or both?,onion rings,./val2014/COCO_val2014_000000425004.jpg
1840,What is the profession of the people operating these vehicles?,these vehicles,./val2014/COCO_val2014_000000237207.jpg
1841,Which command is the dog in the photo carrying out?,dog in the photo,./val2014/COCO_val2014_000000159463.jpg
1842,What are this animals tusks made out of?,this animals tusks,./val2014/COCO_val2014_000000010449.jpg
1843,What body of water are these animals in?,these animals,./val2014/COCO_val2014_000000207056.jpg
1844,People that make use of special frequent usage discounts when traveling on this vehicle are sometimes referred to as frequent what?,this vehicle,./val2014/COCO_val2014_000000097754.jpg
1845,Which us city is shown?,us city,./val2014/COCO_val2014_000000432647.jpg
1846,What clothing are made form these animals shown?,these animals shown,./val2014/COCO_val2014_000000021088.jpg
1847,What is inside the package?,the package,./val2014/COCO_val2014_000000561314.jpg
1848,What are these used for?,these,./val2014/COCO_val2014_000000016030.jpg
1849,What different types of fabric are these wearable items generally made from?,these wearable items,./val2014/COCO_val2014_000000279877.jpg
1850,Where could this picture be taken?,this picture,./val2014/COCO_val2014_000000205451.jpg
1851,What geometric shape are the objects they are holding?,objects,./val2014/COCO_val2014_000000281759.jpg
1852,What food does this animal eat?,this animal,./val2014/COCO_val2014_000000415961.jpg
1853,How was this valley formed?,this valley,./val2014/COCO_val2014_000000172547.jpg
1854,What two primary colors make up the color of the bleachers?,the bleachers,./val2014/COCO_val2014_000000017482.jpg
1855,What style of architecture is the bridge made in?,the bridge,./val2014/COCO_val2014_000000152176.jpg
1856,What animal is on the cup?,animal is on the cup,./val2014/COCO_val2014_000000462978.jpg
1857,Name a position being played in this image?,this image,./val2014/COCO_val2014_000000018111.jpg
1858,Name the ingredients used to make this dish shown in this picture?,this dish,./val2014/COCO_val2014_000000558854.jpg
1859,What river is shown in this photograph?,this photograph,./val2014/COCO_val2014_000000284152.jpg
1860,This bedspread can go by a different cozy sounding name called what?,This bedspread,./val2014/COCO_val2014_000000113701.jpg
1861,What other cleansing actvity is done in this room?,this room,./val2014/COCO_val2014_000000124607.jpg
1862,What kind of dog is this?,dog is this,./val2014/COCO_val2014_000000060202.jpg
1863,What outdoor activity is this person ready to do?,this person,./val2014/COCO_val2014_000000045463.jpg
1864,Where is this bus company located?,this bus company,./val2014/COCO_val2014_000000276585.jpg
1865,What license so you need to ride this?,this,./val2014/COCO_val2014_000000484450.jpg
1866,What brand is the racket?,racket,./val2014/COCO_val2014_000000332627.jpg
1867,Who's the maker of this mouse?,this mouse,./val2014/COCO_val2014_000000443723.jpg
1868,Is this transportation to go to work or pleasure?,this transportation,./val2014/COCO_val2014_000000073445.jpg
1869,What red sauce is on the hotdog?,red sauce,./val2014/COCO_val2014_000000413971.jpg
1870,Can you guess the place name where these animals are seen?,these animals,./val2014/COCO_val2014_000000346334.jpg
1871,Who would prepare this?,this,./val2014/COCO_val2014_000000479129.jpg
1872,What are these people looking at?,these people,./val2014/COCO_val2014_000000116046.jpg
1873,Which of these appliances would you heat your noodles in?,these appliances,./val2014/COCO_val2014_000000499480.jpg
1874,Is this a show bike or a commuter bike?,this bike,./val2014/COCO_val2014_000000401550.jpg
1875,How do i adjust the volume?,the volume,./val2014/COCO_val2014_000000298622.jpg
1876,What activity are the couple in the middle of doing?,couple in the middle,./val2014/COCO_val2014_000000534456.jpg
1877,What is inside the bread?,the bread,./val2014/COCO_val2014_000000538236.jpg
1878,What climate does the yellow fruit grow in?,yellow fruit,./val2014/COCO_val2014_000000334511.jpg
1879,What gait is the horse traveling at?,horse,./val2014/COCO_val2014_000000045070.jpg
1880,What is this giraffe doing?,this giraffe,./val2014/COCO_val2014_000000524694.jpg
1881,Which location allows this activity?,this activity,./val2014/COCO_val2014_000000200296.jpg
1882,Why might we suspect that there are a great many commuters living here?,commuters living here,./val2014/COCO_val2014_000000051089.jpg
1883,What animal skin does this resemble?,this,./val2014/COCO_val2014_000000009175.jpg
1884,In which state is it most common do this sport?,this sport,./val2014/COCO_val2014_000000051157.jpg
1885,What are the ducks swimming in?,ducks swimming,./val2014/COCO_val2014_000000297017.jpg
1886,What is this baby eating on?,this baby,./val2014/COCO_val2014_000000505035.jpg
1887,How do we know these are not elephants?,these,./val2014/COCO_val2014_000000419560.jpg
1888,What is around the cat's neck?,cat's neck,./val2014/COCO_val2014_000000372983.jpg
1889,Where are they going?,they,./val2014/COCO_val2014_000000264654.jpg
1890,What marine animal have attacked persons doing this water activity?,this water activity,./val2014/COCO_val2014_000000192838.jpg
1891,What is inside the lamp to make it light up?,the lamp,./val2014/COCO_val2014_000000253408.jpg
1892,What piece of ski equipment do all of these people have?,these people,./val2014/COCO_val2014_000000176901.jpg
1893,What can you build with these?,these,./val2014/COCO_val2014_000000553998.jpg
1894,What is the metal pipe device in old homes that heats them called?,metal pipe device,./val2014/COCO_val2014_000000540159.jpg
1895,How long do you cook the noodles for this?,noodles for this,./val2014/COCO_val2014_000000455381.jpg
1896,Name the family to which this bird belongs to shown in this picture?,this bird,./val2014/COCO_val2014_000000111117.jpg
1897,How much does it cost for city parking?,city parking,./val2014/COCO_val2014_000000476339.jpg
1898,Name what kind of flooring is shown in this picture?,flooring is shown in this picture,./val2014/COCO_val2014_000000022158.jpg
1899,What is the typical habitat for these animals?,these animals,./val2014/COCO_val2014_000000521236.jpg
1900,What type of airplane is in the photo?,airplane,./val2014/COCO_val2014_000000183500.jpg
1901,What is the tallest of this type of building in the world?,this type of building,./val2014/COCO_val2014_000000306524.jpg
1902,What type of event do these ladies seem to be at?,these ladies,./val2014/COCO_val2014_000000247317.jpg
1903,What type of clouds are in the sky?,clouds,./val2014/COCO_val2014_000000520109.jpg
1904,The cat is eating a fruit that grows mainly where?,fruit,./val2014/COCO_val2014_000000458052.jpg
1905,What type of cat food could that be?,cat food,./val2014/COCO_val2014_000000300732.jpg
1906,What is the object used for?,object,./val2014/COCO_val2014_000000359855.jpg
1907,What is the position of the person throwing the ball?,person throwing the ball,./val2014/COCO_val2014_000000282037.jpg
1908,What would this device be called if you could wear it on your arm?,this device,./val2014/COCO_val2014_000000067896.jpg
1909,What type of rescuer would use the pictured item?,pictured item,./val2014/COCO_val2014_000000407072.jpg
1910,How long is this animal's gestation period?,this animal's gestation period,./val2014/COCO_val2014_000000501385.jpg
1911,What brand of sunglasses is this model wearing?,sunglasses,./val2014/COCO_val2014_000000065982.jpg
1912,What expensive material grows on this animal's face?,this animal's face,./val2014/COCO_val2014_000000295857.jpg
1913,What brand of glasses is the man wearing?,glasses,./val2014/COCO_val2014_000000148329.jpg
1914,What type of fruit are they holding?,they holding,./val2014/COCO_val2014_000000540498.jpg
1915,What is the name of the trick being done here?,trick being done here,./val2014/COCO_val2014_000000067252.jpg
1916,Where did this sport originate?,this sport,./val2014/COCO_val2014_000000342929.jpg
1917,What types of pizza are shown?,types of pizza,./val2014/COCO_val2014_000000125242.jpg
1918,How do we know this is a city view?,this,./val2014/COCO_val2014_000000363072.jpg
1919,What make is the bus?,the bus,./val2014/COCO_val2014_000000077351.jpg
1920,Would you say this is a happy or sad occasion?,this occasion,./val2014/COCO_val2014_000000456012.jpg
1921,What is the symbol in the blue board indicates?,symbol in the blue board,./val2014/COCO_val2014_000000565269.jpg
1922,What is the spanish word for the word on the sign in the photo?,the sign,./val2014/COCO_val2014_000000202329.jpg
1923,Name the model of engine used by these train shown in this picture?,these train,./val2014/COCO_val2014_000000519673.jpg
1924,What hairstyle does the girl have?,girl,./val2014/COCO_val2014_000000216944.jpg
1925,Is this person's hair color dominant or recessive?,this person's hair,./val2014/COCO_val2014_000000213276.jpg
1926,How many calories is this type of food?,this type of food,./val2014/COCO_val2014_000000199927.jpg
1927,What's the bird doing?,bird,./val2014/COCO_val2014_000000475223.jpg
1928,What model of phone is pictured here?,phone,./val2014/COCO_val2014_000000068546.jpg
1929,What is usually above a sink that is not present in this picture?,sink,./val2014/COCO_val2014_000000051741.jpg
1930,Why was this type of vehicle referred to as a gas guzzler?,this type of vehicle,./val2014/COCO_val2014_000000438560.jpg
1931,Where would you see this set up at?,this set up,./val2014/COCO_val2014_000000108431.jpg
1932,Where did they get that pizza?,that pizza,./val2014/COCO_val2014_000000106617.jpg
1933,How long is the gestation period of the animal in this picture?,animal in this picture,./val2014/COCO_val2014_000000315841.jpg
1934,What brand of bike is this?,bike is this,./val2014/COCO_val2014_000000454978.jpg
1935,What food does this animal eat?,this animal,./val2014/COCO_val2014_000000399542.jpg
1936,What type of plant is that?,plant is that,./val2014/COCO_val2014_000000410670.jpg
1937,What ethnicity are the kids?,the kids,./val2014/COCO_val2014_000000332914.jpg
1938,What is the white screen on the back for?,white screen,./val2014/COCO_val2014_000000331162.jpg
1939,What needs to be planted for grass to grow?,needs to be planted,./val2014/COCO_val2014_000000344844.jpg
1940,What type of dish can be made with these items?,these items,./val2014/COCO_val2014_000000244401.jpg
1941,Why are these animals here?,these animals,./val2014/COCO_val2014_000000070685.jpg
1942,Is this food high or low on fat?,this food,./val2014/COCO_val2014_000000473774.jpg
1943,Why aren't these kept as pets?,these,./val2014/COCO_val2014_000000014470.jpg
1944,What causes this water to occasionally recede?,this water,./val2014/COCO_val2014_000000444126.jpg
1945,What is this area used for?,this area,./val2014/COCO_val2014_000000030270.jpg
1946,Name the bird family to which it belongs to shown in this picture?,bird family,./val2014/COCO_val2014_000000098261.jpg
1947,How did the photographer darken the edges of this photo?,this photo,./val2014/COCO_val2014_000000575637.jpg
1948,What beverage is being served?,beverage,./val2014/COCO_val2014_000000573605.jpg
1949,What kind of establishment is this?,this establishment,./val2014/COCO_val2014_000000401004.jpg
1950,What year was this silver motorcycle produced?,this silver motorcycle,./val2014/COCO_val2014_000000262161.jpg
1951,What might this animal like to eat?,this animal,./val2014/COCO_val2014_000000183949.jpg
1952,When was this type of sport invented?,this type of sport,./val2014/COCO_val2014_000000422240.jpg
1953,What part of the body are these good for?,these,./val2014/COCO_val2014_000000233556.jpg
1954,The hide of what serpent like creature is sometimes used to make the tan item used here?,serpent like creature,./val2014/COCO_val2014_000000070589.jpg
1955,One of the top major food groups?,the top major food groups,./val2014/COCO_val2014_000000202178.jpg
1956,What is the name of the operating system used for this device?,this device,./val2014/COCO_val2014_000000427034.jpg
1957,The picture on the laptop screen is called a what?,picture on the laptop,./val2014/COCO_val2014_000000211260.jpg
1958,What type of food are these people eating?,these people eating,./val2014/COCO_val2014_000000568202.jpg
1959,What is this machine used for?,this machine,./val2014/COCO_val2014_000000341296.jpg
1960,What is he doing?,he,./val2014/COCO_val2014_000000074135.jpg
1961,What material is the floor made from?,the floor,./val2014/COCO_val2014_000000338146.jpg
1962,What time of day is it?,time of day,./val2014/COCO_val2014_000000506489.jpg
1963,What type of store was this photo taken in?,this photo,./val2014/COCO_val2014_000000156302.jpg
1964,Who invented the craft flying in the sky?,craft flying,./val2014/COCO_val2014_000000173737.jpg
1965,What are the metal objects within the tire called?,metal objects,./val2014/COCO_val2014_000000509822.jpg
1966,What objects are found usually in this kind of room?,this kind of room,./val2014/COCO_val2014_000000144941.jpg
1967,How does this animal climb in the outdoors?,this animal,./val2014/COCO_val2014_000000291412.jpg
1968,Where could i find this?,this,./val2014/COCO_val2014_000000523869.jpg
1969,Is this photograph taken from eye level with the furniture above it or below it?,this photograph,./val2014/COCO_val2014_000000392642.jpg
1970,What kind fo wave is the surfer riding?,surfer riding,./val2014/COCO_val2014_000000396693.jpg
1971,The dishes before you is good for which parts of the body?,dishes before you,./val2014/COCO_val2014_000000017714.jpg
1972,What is the name of this type of junction?,this type of junction,./val2014/COCO_val2014_000000560440.jpg
1973,What kind of cereal is this baby eating?,this baby,./val2014/COCO_val2014_000000185807.jpg
1974,How high is the tide?,tide,./val2014/COCO_val2014_000000282980.jpg
1975,What are the brands of bicycles on the sand?,bicycles on the sand,./val2014/COCO_val2014_000000254491.jpg
1976,What u s toy store is this image associated with?,this image,./val2014/COCO_val2014_000000142189.jpg
1977,What is this display of food typically called?,this display of food,./val2014/COCO_val2014_000000420610.jpg
1978,What material is this building made of?,this building,./val2014/COCO_val2014_000000395130.jpg
1979,What is a function performed in this room?,this room,./val2014/COCO_val2014_000000310532.jpg
1980,Is it chilly on the beach or very hot?,the beach,./val2014/COCO_val2014_000000566550.jpg
1981,What brand does this television remote belong to?,this television remote,./val2014/COCO_val2014_000000570573.jpg
1982,What copyrighted heatproof material is the measuring cup made from?,measuring cup,./val2014/COCO_val2014_000000020268.jpg
1983,What shape is the table?,the table,./val2014/COCO_val2014_000000020177.jpg
1984,What is the handedness of this woman?,this woman,./val2014/COCO_val2014_000000226959.jpg
1985,What kind of kite holds the person?,kite holds,./val2014/COCO_val2014_000000539386.jpg
1986,Who is famous for refusing to give up her seat on the front of one of these?,one of these,./val2014/COCO_val2014_000000503197.jpg
1987,What is this dish called?,this dish,./val2014/COCO_val2014_000000462386.jpg
1988,Who operates this kind of transporation?,this kind of transporation,./val2014/COCO_val2014_000000153038.jpg
1989,What patterns are shown on the plate?,plate,./val2014/COCO_val2014_000000395745.jpg
1990,What spacecraft launch is this?,this,./val2014/COCO_val2014_000000457131.jpg
1991,What type of business is this picture taken in?,this picture,./val2014/COCO_val2014_000000168837.jpg
1992,What is this animal's diet in the wild?,this animal's diet,./val2014/COCO_val2014_000000104701.jpg
1993,How is this effect painted on to walls?,this effect,./val2014/COCO_val2014_000000126958.jpg
1994,Are these children or adults?,these children,./val2014/COCO_val2014_000000415461.jpg
1995,What type of terrain is this sport practiced in?,this sport,./val2014/COCO_val2014_000000409178.jpg
1996,Why does the current turn white when the man is surfing?,current,./val2014/COCO_val2014_000000137682.jpg
1997,Is this an african or indian elephant?,this,./val2014/COCO_val2014_000000468604.jpg
1998,What is the most popular flavor of this kind of pastry?,this kind of pastry,./val2014/COCO_val2014_000000213525.jpg
1999,What is the food in the cup?,food in the cup,./val2014/COCO_val2014_000000322369.jpg
2000,Which brand of aeroplane is shown in this picture?,aeroplane in this picture,./val2014/COCO_val2014_000000281693.jpg
2001,Where do most of these animals live?,these animals,./val2014/COCO_val2014_000000263588.jpg
2002,What is the purpose of the white structure on the right side of the photo?,white structure,./val2014/COCO_val2014_000000514797.jpg
2003,What kind of cake is on the plate?,cake is on the plate,./val2014/COCO_val2014_000000113040.jpg
2004,What's the best zoo to see this animal?,this animal,./val2014/COCO_val2014_000000502419.jpg
2005,Why is this sign here?,this sign,./val2014/COCO_val2014_000000344314.jpg
2006,How does this vehicle go places?,this vehicle,./val2014/COCO_val2014_000000344029.jpg
2007,What kind of tent is in the background?,tent is in the background,./val2014/COCO_val2014_000000296676.jpg
2008,What part of a car is also part of this animal?,this animal,./val2014/COCO_val2014_000000128849.jpg
2009,What side item is served with this burger?,this burger,./val2014/COCO_val2014_000000482225.jpg
2010,What kind of sandwich is this?,this sandwich,./val2014/COCO_val2014_000000464682.jpg
2011,How did this boy get in the air?,this boy,./val2014/COCO_val2014_000000119308.jpg
2012,What kind of bus is that?,bus is that,./val2014/COCO_val2014_000000368559.jpg
2013,What material is the floor made out of?,the floor,./val2014/COCO_val2014_000000481404.jpg
2014,Why are these men on top of the elephants?,these men,./val2014/COCO_val2014_000000067125.jpg
2015,What fruit is red?,fruit is red,./val2014/COCO_val2014_000000368581.jpg
2016,What type of fruit has the starburst center?,fruit,./val2014/COCO_val2014_000000507318.jpg
2017,What kind of hat is that?,hat is that,./val2014/COCO_val2014_000000149783.jpg
2018,Should we go or stop?,we ,./val2014/COCO_val2014_000000323000.jpg
2019,How many days was the weather like this in alaska in 2017?,weather like this,./val2014/COCO_val2014_000000527248.jpg
2020,What is the proper name for this type of bus?,this type of bus,./val2014/COCO_val2014_000000499428.jpg
2021,What are the average height of these animals?,these animals,./val2014/COCO_val2014_000000032724.jpg
2022,What kind of event is this?,event is this,./val2014/COCO_val2014_000000127120.jpg
2023,What plush toy character is on the couch in the background?,plush toy character,./val2014/COCO_val2014_000000097036.jpg
2024,What activity is this woman doing?,this woman,./val2014/COCO_val2014_000000478812.jpg
2025,Who invented the device shown on this picture?,device shown,./val2014/COCO_val2014_000000452122.jpg
2026,What cartoon character is on this cake?,this cake,./val2014/COCO_val2014_000000099546.jpg
2027,What holiday is associated with this animal?,this animal,./val2014/COCO_val2014_000000395550.jpg
2028,What is the name of the looney tunes character of the same species and color as the animal in the picture?,animal in the picture,./val2014/COCO_val2014_000000179954.jpg
2029,Why is there a carriage in front of us?,carriage,./val2014/COCO_val2014_000000496450.jpg
2030,What is a female of the animal on the left called?,animal on the left,./val2014/COCO_val2014_000000581654.jpg
2031,Where shouldn't people park?,people park,./val2014/COCO_val2014_000000379070.jpg
2032,Are these motorcyclists safer or unsafer than ones not wearing helmets?,these motorcyclists,./val2014/COCO_val2014_000000503707.jpg
2033,What is this type of furniture called the cat is sitting on?,this type of furniture,./val2014/COCO_val2014_000000479586.jpg
2034,What popular kid's toy train does this image remind you of?,this image,./val2014/COCO_val2014_000000538463.jpg
2035,When was this item invented?,this item,./val2014/COCO_val2014_000000486360.jpg
2036,What is the outside temperature?,outside temperature,./val2014/COCO_val2014_000000172935.jpg
2037,What breed of dog is this?,dog is this,./val2014/COCO_val2014_000000206831.jpg
2038,Why are the mountains hazy in this photo?,the mountains,./val2014/COCO_val2014_000000557127.jpg
2039,Which vehicle in this picture travels faster?,vehicle in this picture,./val2014/COCO_val2014_000000388258.jpg
2040,What time of year is this picture captured in?,this picture,./val2014/COCO_val2014_000000069860.jpg
2041,What does this animal eat?,this animal,./val2014/COCO_val2014_000000036942.jpg
2042,What era was this created?,this,./val2014/COCO_val2014_000000564129.jpg
2043,If you turn right what street will you be on?,street,./val2014/COCO_val2014_000000560235.jpg
2044,What american made the sport in this picture famous?,this picture,./val2014/COCO_val2014_000000204162.jpg
2045,What is this pizza crust made out of?,this pizza crust,./val2014/COCO_val2014_000000061315.jpg
2046,What type of dog is this?,dog is this,./val2014/COCO_val2014_000000029393.jpg
2047,What language is the counter sign here written in?,counter sign here,./val2014/COCO_val2014_000000529122.jpg
2048,What was the person doing with the dog and the sheep?,dog and the sheep,./val2014/COCO_val2014_000000388829.jpg
2049,What type of social media platform is the cat viewing?,cat viewing,./val2014/COCO_val2014_000000525247.jpg
2050,What website is the left computer currently on?,left computer,./val2014/COCO_val2014_000000183364.jpg
2051,What is the purpode of the tower to the left?,tower to the left,./val2014/COCO_val2014_000000377393.jpg
2052,What kind of climate does this depict?,this climate,./val2014/COCO_val2014_000000435179.jpg
2053,What position is the player in who is behind the plate?,player in who is behind the plate,./val2014/COCO_val2014_000000143346.jpg
2054,What do people use this for?,this,./val2014/COCO_val2014_000000398220.jpg
2055,What toy is this?,this toy,./val2014/COCO_val2014_000000374156.jpg
2056,Where is this sport played?,this sport,./val2014/COCO_val2014_000000129186.jpg
2057,What made the giraffe to bend its neck down?,giraffe,./val2014/COCO_val2014_000000435569.jpg
2058,This vehicle can be used for what purpose?,this vehicle,./val2014/COCO_val2014_000000145448.jpg
2059,What cooking method was used to prepare both this sandwich and its side dish?,this sandwich,./val2014/COCO_val2014_000000100083.jpg
2060,What is the name given to this category of automobile?,this category,./val2014/COCO_val2014_000000020629.jpg
2061,What type of concept is the floor plan?,floor plan,./val2014/COCO_val2014_000000147545.jpg
2062,What kind of shop are these bears being sold in?,these bears,./val2014/COCO_val2014_000000373440.jpg
2063,What type of bird is this in the picture?,bird is this,./val2014/COCO_val2014_000000469687.jpg
2064,What is this type of vehicle called?,this type of vehicle,./val2014/COCO_val2014_000000006074.jpg
2065,What brand of beer does this man have?,this man,./val2014/COCO_val2014_000000345139.jpg
2066,What animal sees in these colors?,these colors,./val2014/COCO_val2014_000000110389.jpg
2067,What country is this from?,this,./val2014/COCO_val2014_000000245983.jpg
2068,What kind of bird is that?,bird,./val2014/COCO_val2014_000000025758.jpg
2069,How long does it take to grow this vegetable?,this vegetable,./val2014/COCO_val2014_000000555387.jpg
2070,What do you need the remote control for?,remote control,./val2014/COCO_val2014_000000383420.jpg
2071,What fruit family is this from?,this,./val2014/COCO_val2014_000000526486.jpg
2072,What shade of green is on the wall?,green is on the wall,./val2014/COCO_val2014_000000047316.jpg
2073,Is this a minature version or a full sized version?,this,./val2014/COCO_val2014_000000096241.jpg
2074,Where would you normally find coolers like this?,coolers like this,./val2014/COCO_val2014_000000180274.jpg
2075,What country makes the vehicle in the foreground?,vehicle in the foreground,./val2014/COCO_val2014_000000266400.jpg
2076,How do these items work wirelessly?,these items,./val2014/COCO_val2014_000000409630.jpg
2077,What is one of the most famous companies to rescue these animals?,these animals,./val2014/COCO_val2014_000000018149.jpg
2078,What is the purpose of the small trucks seen?,small trucks,./val2014/COCO_val2014_000000172599.jpg
2079,What type of dressing is on this sandwich?,this sandwich,./val2014/COCO_val2014_000000324845.jpg
2080,What are other common household pets?,household pets,./val2014/COCO_val2014_000000506151.jpg
2081,What is the popular name for the type of photo this lady is taking?,this lady,./val2014/COCO_val2014_000000303413.jpg
2082,What is streaming behind the planes?,behind the planes,./val2014/COCO_val2014_000000187989.jpg
2083,How is this sport scored?,this sport,./val2014/COCO_val2014_000000409211.jpg
2084,Is this a scientist or drug addict?,this,./val2014/COCO_val2014_000000225721.jpg
2085,What type of graph is ths?,graph is this,./val2014/COCO_val2014_000000095939.jpg
2086,Where can you travel like this?,this,./val2014/COCO_val2014_000000069553.jpg
2087,How long does it take to build a bridge like the one that is shown?,bridge,./val2014/COCO_val2014_000000386370.jpg
2088,What do people do here?,here,./val2014/COCO_val2014_000000355143.jpg
2089,What level would you classify this hill as eg beginner intermediate advanced?,this hill,./val2014/COCO_val2014_000000441472.jpg
2090,What year was this generation ipod introduced?,this generation ipod,./val2014/COCO_val2014_000000395344.jpg
2091,Who invented the type of food shown?,type of food shown,./val2014/COCO_val2014_000000406182.jpg
2092,From what vehicle is this view?,this view,./val2014/COCO_val2014_000000340398.jpg
2093,What type of park is this called that the person is at?,this park,./val2014/COCO_val2014_000000524061.jpg
2094,What is this vehicle used for?,this vehicle,./val2014/COCO_val2014_000000299493.jpg
2095,With what are these animals being hung?,these animals,./val2014/COCO_val2014_000000355263.jpg
2096,Name the sea where these persons are shown in this picture?,these persons,./val2014/COCO_val2014_000000436636.jpg
2097,What would happen if a stop is not followed in this state?,this state,./val2014/COCO_val2014_000000404229.jpg
2098,This type of portrait is called a what?,this type of portrait,./val2014/COCO_val2014_000000574063.jpg
2099,What sort of vehicle used this item?,this item,./val2014/COCO_val2014_000000198943.jpg
2100,What company manufactures this brand of pens?,this brand of pens,./val2014/COCO_val2014_000000546826.jpg
2101,What is the weather like?,the weather,./val2014/COCO_val2014_000000157321.jpg
2102,What brand is that fridge?,that fridge,./val2014/COCO_val2014_000000347558.jpg
2103,What size pizza is this?,this pizza,./val2014/COCO_val2014_000000027009.jpg
2104,What does the shape of this road sign generally indicate?,this road sign,./val2014/COCO_val2014_000000405815.jpg
2105,What organ is curled on this animal?,this animal,./val2014/COCO_val2014_000000224777.jpg
2106,How do we know this larger animal is a male?,this larger animal,./val2014/COCO_val2014_000000185837.jpg
2107,What is the green object on the bench called?,green object,./val2014/COCO_val2014_000000449976.jpg
2108,What else could you have on these slices?,these slices,./val2014/COCO_val2014_000000152866.jpg
2109,What is this skateboarding trick called?,this skateboarding trick,./val2014/COCO_val2014_000000189067.jpg
2110,What sauce is that on the ribs?,sauce,./val2014/COCO_val2014_000000176211.jpg
2111,What is that long stone item used for?,stone item,./val2014/COCO_val2014_000000150875.jpg
2112,What type of train is this?,train is this,./val2014/COCO_val2014_000000101969.jpg
2113,What devices can be controlled by that remote?,that remote,./val2014/COCO_val2014_000000033753.jpg
2114,Who invented the mechanical device on this picture?,mechanical device,./val2014/COCO_val2014_000000115060.jpg
2115,What type of vessel is this?,vessel is this,./val2014/COCO_val2014_000000277518.jpg
2116,What type of board is the woman's feet resting on in the photo?,board,./val2014/COCO_val2014_000000386204.jpg
2117,What type of bird is this?,bird is this,./val2014/COCO_val2014_000000096459.jpg
2118,What mountains are those?,mountains are those,./val2014/COCO_val2014_000000235663.jpg
2119,What kind of motor bike is this?,motor bike is this,./val2014/COCO_val2014_000000102331.jpg
2120,What dry food is usually put in soup?,dry food,./val2014/COCO_val2014_000000528399.jpg
2121,The opposite of this word is?,this word,./val2014/COCO_val2014_000000279136.jpg
2122,How are the candles on the cake being lit?,candles on the cake,./val2014/COCO_val2014_000000376603.jpg
2123,What sound do these animals make?,these animals,./val2014/COCO_val2014_000000430254.jpg
2124,How many horsepower does that bus have?,that bus,./val2014/COCO_val2014_000000390068.jpg
2125,Michael landin starred in a show that has a title similar to this image?,this image,./val2014/COCO_val2014_000000065567.jpg
2126,What species of bird is this?,bird is this,./val2014/COCO_val2014_000000250680.jpg
2127,Who invented this type of device?,this type of device,./val2014/COCO_val2014_000000033131.jpg
2128,What kind of pizza is there?,pizza is there,./val2014/COCO_val2014_000000562507.jpg
2129,When was this sport created?,this sport,./val2014/COCO_val2014_000000048554.jpg
2130,How is this food typically cooked?,this food,./val2014/COCO_val2014_000000183217.jpg
2131,What color are the appliances?,appliances,./val2014/COCO_val2014_000000501855.jpg
2132,What is the name of this ski location?,this ski location,./val2014/COCO_val2014_000000081798.jpg
2133,What class of liscense do you need to drive these?,these,./val2014/COCO_val2014_000000313623.jpg
2134,What type of business is operated out of the tan building with the blue awning and large red doors?,tan building,./val2014/COCO_val2014_000000551811.jpg
2135,What type of pizza is this?,pizza is this,./val2014/COCO_val2014_000000450790.jpg
2136,This photo is taken from the perspective of which form of transportation?,This photo,./val2014/COCO_val2014_000000347367.jpg
2137,What level of animal husbandry is practiced in asian countries?,animal husbandry,./val2014/COCO_val2014_000000184613.jpg
2138,What country is this?,this,./val2014/COCO_val2014_000000391728.jpg
2139,What company makes this truck?,this truck,./val2014/COCO_val2014_000000175244.jpg
2140,What is the woman sitting on?,the woman sitting,./val2014/COCO_val2014_000000303026.jpg
2141,What is on the woman's arm?,the woman's arm,./val2014/COCO_val2014_000000276381.jpg
2142,Which animals seen are herbivores?,animals seen,./val2014/COCO_val2014_000000401653.jpg
2143,What is the batter waiting for?,batter,./val2014/COCO_val2014_000000316397.jpg
2144,Why is the object in front of the man?,object,./val2014/COCO_val2014_000000283254.jpg
2145,What shape is the sign?,the sign,./val2014/COCO_val2014_000000283743.jpg
2146,How safe is this with no helmet especially for the passengers?,this with no helmet,./val2014/COCO_val2014_000000503790.jpg
2147,What is the liquid on the vegetables?,liquid on the vegetables,./val2014/COCO_val2014_000000512729.jpg
2148,What type of vehicle is this?,vehicle is this,./val2014/COCO_val2014_000000379605.jpg
2149,Is the bed made or not made?,the bed,./val2014/COCO_val2014_000000128014.jpg
2150,What is the traffic light telling drivers to do?,traffic light,./val2014/COCO_val2014_000000277521.jpg
2151,What type of elephant is this based on ear shape?,this based on ear shape,./val2014/COCO_val2014_000000238272.jpg
2152,What food in the photo has a lot of c vitamin?,food in the photo,./val2014/COCO_val2014_000000170595.jpg
2153,Is the man working on this boat or just a passenger?,this boat,./val2014/COCO_val2014_000000395717.jpg
2154,Which type of fruit are there the most of in the bowl?,bowl,./val2014/COCO_val2014_000000466787.jpg
2155,What is the complimentary color to the leaves?,the leaves,./val2014/COCO_val2014_000000380299.jpg
2156,What kind is train is that?,train is that,./val2014/COCO_val2014_000000153832.jpg
2157,What type of train is this?,train is this,./val2014/COCO_val2014_000000384038.jpg
2158,Which brand is pictured here?,pictured here,./val2014/COCO_val2014_000000386707.jpg
2159,What company manufacturers the tent?,the tent,./val2014/COCO_val2014_000000329421.jpg
2160,What type of train is this?,train is this,./val2014/COCO_val2014_000000210501.jpg
2161,What emotions are these people experiencing?,these people,./val2014/COCO_val2014_000000503101.jpg
2162,What is the purpose of the wide tires on that bike?,wide tires on that bike,./val2014/COCO_val2014_000000441586.jpg
2163,Is that a bus or a van?,that,./val2014/COCO_val2014_000000197997.jpg
2164,Which famous brothers invented these?,these,./val2014/COCO_val2014_000000184359.jpg
2165,What brand is the tv in this picture?,tv in this picture,./val2014/COCO_val2014_000000032888.jpg
2166,What is the blue item used for?,blue item,./val2014/COCO_val2014_000000079034.jpg
2167,Name the ingredients used to make this dish in this picture?,this dish,./val2014/COCO_val2014_000000380951.jpg
2168,When was the first model of this form of transportation put into use?,this form of transportation,./val2014/COCO_val2014_000000188918.jpg
2169,Are these frutis or vegetables?,these,./val2014/COCO_val2014_000000127623.jpg
2170,What is the food in this photo made of?,food in this photo,./val2014/COCO_val2014_000000044171.jpg
2171,What is the green object directly in the middle of the photo used for?,green object,./val2014/COCO_val2014_000000559440.jpg
2172,Is this truck more then or less than ten years old?,this truck,./val2014/COCO_val2014_000000132210.jpg
2173,What is a female of this animal called?,this animal,./val2014/COCO_val2014_000000391825.jpg
2174,What is the weather?,the weather,./val2014/COCO_val2014_000000089032.jpg
2175,What kind of shoes is he wearing?,shoes,./val2014/COCO_val2014_000000272955.jpg
2176,What is this surfing move called?,this surfing move,./val2014/COCO_val2014_000000535858.jpg
2177,Did she hit the ball or did it fall?,ball,./val2014/COCO_val2014_000000547300.jpg
2178,What color is the fridge?,fridge,./val2014/COCO_val2014_000000362779.jpg
2179,What is the action being shown?,action being shown,./val2014/COCO_val2014_000000206411.jpg
2180,What kind of truck is this?,truck is this,./val2014/COCO_val2014_000000510719.jpg
2181,What does the carving on this bench depict?,carving on this bench,./val2014/COCO_val2014_000000182401.jpg
2182,How do you cook these?,these,./val2014/COCO_val2014_000000156740.jpg
2183,What type of flowers are on the dash?,flowers on the dash,./val2014/COCO_val2014_000000458338.jpg
2184,Who invented the sleeve around this cup?,this cup,./val2014/COCO_val2014_000000132316.jpg
2185,Is the light on or off on the oven?,the oven,./val2014/COCO_val2014_000000578974.jpg
2186,How did this get like this?,this,./val2014/COCO_val2014_000000485532.jpg
2187,What is the symbol in the shown board indicates?,shown board,./val2014/COCO_val2014_000000066711.jpg
2188,How much electricity does this machine require?,this machine,./val2014/COCO_val2014_000000019544.jpg
2189,What is this woman made out of?,this woman,./val2014/COCO_val2014_000000456127.jpg
2190,Why is he bending over the toilet for?,he,./val2014/COCO_val2014_000000052087.jpg
2191,What size is the pizza in this picture?,pizza in this picture,./val2014/COCO_val2014_000000156076.jpg
2192,What kind of sports equipment is this person holding?,sports equipment,./val2014/COCO_val2014_000000356937.jpg
2193,What material is the countertops made from?,countertops,./val2014/COCO_val2014_000000257685.jpg
2194,What type of cheese is used on this sandwich?,this sandwich,./val2014/COCO_val2014_000000159831.jpg
2195,What are the natural predators of this animal?,this animal,./val2014/COCO_val2014_000000499007.jpg
2196,What animal should you watch out for while doing this?,this,./val2014/COCO_val2014_000000399284.jpg
2197,What brand of clothing is the woman wearing?,clothing,./val2014/COCO_val2014_000000226579.jpg
2198,How fast can this animal run?,this animal,./val2014/COCO_val2014_000000267343.jpg
2199,What type of train is this?,this train,./val2014/COCO_val2014_000000027874.jpg
2200,How cold is the sand?,the sand,./val2014/COCO_val2014_000000456525.jpg
2201,What sport is the motor cycle here used in?,motor cycle,./val2014/COCO_val2014_000000382554.jpg
2202,Why shouldn't this man do this?,this man,./val2014/COCO_val2014_000000014756.jpg
2203,How many of these types of animals live in captivity?,these types of animals,./val2014/COCO_val2014_000000418109.jpg
2204,Which type of leather is used for making the sofa set shown in this picture?,sofa set,./val2014/COCO_val2014_000000346154.jpg
2205,What professions are required to wear a suit like this?,suit like this,./val2014/COCO_val2014_000000473133.jpg
2206,What kind of boats in the background?,boats in the background,./val2014/COCO_val2014_000000233994.jpg
2207,What kind of cow is this?,this cow,./val2014/COCO_val2014_000000449428.jpg
2208,What kind of institution does this image depict?,this image,./val2014/COCO_val2014_000000441293.jpg
2209,What model is this car?,this car,./val2014/COCO_val2014_000000298649.jpg
2210,What is the name of the equipment this animal is wearing?,this animal,./val2014/COCO_val2014_000000464894.jpg
2211,What is the complimentary color to the placemat?,placemat,./val2014/COCO_val2014_000000041271.jpg
2212,What is the average life span of this animal?,this animal,./val2014/COCO_val2014_000000517318.jpg
2213,What is this animal poached for?,this animal,./val2014/COCO_val2014_000000541485.jpg
2214,How can he fix this on?,this,./val2014/COCO_val2014_000000544201.jpg
2215,Who won the most trophies of this sport?,this sport,./val2014/COCO_val2014_000000480726.jpg
2216,Why do we know this person has testosterone in their system?,this person,./val2014/COCO_val2014_000000292428.jpg
2217,What berries are known from being red from jupiter's blood?,berries,./val2014/COCO_val2014_000000535313.jpg
2218,How was this prepared?,this,./val2014/COCO_val2014_000000470318.jpg
2219,Which national park is this?,this,./val2014/COCO_val2014_000000053120.jpg
2220,Healthy or unhealthy?,Healthy,./val2014/COCO_val2014_000000230265.jpg
2221,Is this a military or recreational plane?,this,./val2014/COCO_val2014_000000527506.jpg
2222,What store are they shopping at?,they shopping,./val2014/COCO_val2014_000000489739.jpg
2223,What company sells the device the girl is holding?,device the girl is holding,./val2014/COCO_val2014_000000300509.jpg
2224,What gender is this person?,this person,./val2014/COCO_val2014_000000006847.jpg
2225,What are the designs in the grass likely made out of?,designs in the grass,./val2014/COCO_val2014_000000499903.jpg
2226,Are they djing or are they playing e sports?,they,./val2014/COCO_val2014_000000244197.jpg
2227,Is this grandfather clock in front of a photographic backdrop or a window?,this grandfather clock,./val2014/COCO_val2014_000000371999.jpg
2228,What place can these trains be found?,these trains,./val2014/COCO_val2014_000000533069.jpg
2229,What activities can be done with items on the shelves?,items on the shelves,./val2014/COCO_val2014_000000070478.jpg
2230,Why is this elephant raising its leg?,this elephant,./val2014/COCO_val2014_000000581726.jpg
2231,How many speeds does this bike have?,this bike,./val2014/COCO_val2014_000000075923.jpg
2232,What visual pattern is being featured in this photo?,this photo,./val2014/COCO_val2014_000000057345.jpg
2233,What kind of tree are those leaves from?,those leaves,./val2014/COCO_val2014_000000328786.jpg
2234,Who invented the part of the bed this kid is landing on?,this kid,./val2014/COCO_val2014_000000338840.jpg
2235,What kind of brids are they?,brids are they,./val2014/COCO_val2014_000000357824.jpg
2236,What is this room used for?,this room,./val2014/COCO_val2014_000000283131.jpg
2237,What kind of cake is this?,this cake,./val2014/COCO_val2014_000000390954.jpg
2238,Where did this person get these books from?,these books,./val2014/COCO_val2014_000000520077.jpg
2239,Often used as a side dish?,side dish,./val2014/COCO_val2014_000000456143.jpg
2240,Who is famous for allegedly doing this in a lightning storm?,this,./val2014/COCO_val2014_000000184388.jpg
2241,Who made the old clocks found in railway stations?,old clocks,./val2014/COCO_val2014_000000321665.jpg
2242,What kind of clouds are these?,these clouds,./val2014/COCO_val2014_000000522713.jpg
2243,What food do these animals eat?,these animals,./val2014/COCO_val2014_000000035074.jpg
2244,What do these animals eat?,these animals,./val2014/COCO_val2014_000000416668.jpg
2245,Which city is this?,this,./val2014/COCO_val2014_000000411184.jpg
2246,What kind of surface is this girl playing on?,this girl playing,./val2014/COCO_val2014_000000580778.jpg
2247,What is this man doing that is good for his health?,this man,./val2014/COCO_val2014_000000187543.jpg
2248,How many servings a day should be consumed of the food type in the bowl?,food type in the bowl,./val2014/COCO_val2014_000000081274.jpg
2249,Is the riding the crest or trough?,the crest or trough,./val2014/COCO_val2014_000000022304.jpg
2250,Name the model of train shown in this picture?,train shown,./val2014/COCO_val2014_000000002972.jpg
2251,What profession does this man have?,this man,./val2014/COCO_val2014_000000316995.jpg
2252,What time does high tide start?,high tide,./val2014/COCO_val2014_000000222559.jpg
2253,What time is it?,it ,./val2014/COCO_val2014_000000218362.jpg
2254,What place is this?,this,./val2014/COCO_val2014_000000360170.jpg
2255,Which city is famous for this food?,this food,./val2014/COCO_val2014_000000336320.jpg
2256,What breed of cat is this?,cat is this,./val2014/COCO_val2014_000000076588.jpg
2257,What ocean are these surfers in?,these surfers,./val2014/COCO_val2014_000000002171.jpg
2258,What kind of stove do they have?,stove,./val2014/COCO_val2014_000000008170.jpg
2259,What mode of transportation uses this terminal?,this terminal,./val2014/COCO_val2014_000000526353.jpg
2260,What is the appropriate name for this bird?,this bird,./val2014/COCO_val2014_000000197915.jpg
2261,During the great depression homeless people that hitched rides on this were said to be riding what?,this,./val2014/COCO_val2014_000000175994.jpg
2262,What brand of truck is this?,this truck,./val2014/COCO_val2014_000000451501.jpg
2263,Who invented the material that this bench is made from?,this bench,./val2014/COCO_val2014_000000371155.jpg
2264,What genre of food is this?,this,./val2014/COCO_val2014_000000564197.jpg
2265,Which branch of the military is this?,this,./val2014/COCO_val2014_000000022850.jpg
2266,How long have these people been gone?,these people,./val2014/COCO_val2014_000000513793.jpg
2267,Name the place where the monkey is sitting in this picture?,monkey,./val2014/COCO_val2014_000000460732.jpg
2268,What are some of the more usual colors for courts where this game is played?,this game,./val2014/COCO_val2014_000000033116.jpg
2269,What is in that vase on the table?,that vase,./val2014/COCO_val2014_000000502063.jpg
2270,Name the vegetable shown?,vegetable shown,./val2014/COCO_val2014_000000467726.jpg
2271,Why might they be pushing this vehicle?,this vehicle,./val2014/COCO_val2014_000000353180.jpg
2272,Is this animal male or female?,this animal,./val2014/COCO_val2014_000000389404.jpg
2273,What movie is this animal famous in?,this animal,./val2014/COCO_val2014_000000406332.jpg
2274,How do individuals get from one floor to another inside these buildings?,these buildings,./val2014/COCO_val2014_000000374727.jpg
2275,What type of numerals are on the clock?,numerals,./val2014/COCO_val2014_000000160661.jpg
2276,What is this orange being used for?,this orange,./val2014/COCO_val2014_000000260510.jpg
2277,Name the material which is used to make these shoes shown in this picture?,these shoes,./val2014/COCO_val2014_000000323327.jpg
2278,When was this rain protection item invented?,this rain protection item,./val2014/COCO_val2014_000000076029.jpg
2279,What holiday do you think this is?,this,./val2014/COCO_val2014_000000268413.jpg
2280,How many deaths occur due to accidents involving the type of transportation shown here?,type of transportation,./val2014/COCO_val2014_000000126657.jpg
2281,What farm animal are these zebras related to?,these zebras,./val2014/COCO_val2014_000000199849.jpg
2282,What clothing accessory is missing in the right most photo?,clothing accessory,./val2014/COCO_val2014_000000077997.jpg
2283,What food is being sold?,food,./val2014/COCO_val2014_000000217522.jpg
2284,What street is he snowboarding down?,he snowboarding,./val2014/COCO_val2014_000000298586.jpg
2285,What shape are the floor tiles?,floor tiles,./val2014/COCO_val2014_000000492758.jpg
2286,What is the kitchen on ship known as?,kitchen on ship,./val2014/COCO_val2014_000000056127.jpg
2287,What does a gift like this usually mean?,gift like this,./val2014/COCO_val2014_000000435075.jpg
2288,What is the purpose of this vehicle?,this vehicle,./val2014/COCO_val2014_000000165697.jpg
2289,Which oscar winning movie prominently features a character sitting on one of these?,these,./val2014/COCO_val2014_000000577182.jpg
2290,What kind of lights are used in this train car?,this train car,./val2014/COCO_val2014_000000546126.jpg
2291,How were these vegetables cooked?,these vegetables,./val2014/COCO_val2014_000000239005.jpg
2292,What is the three whelled vehicle in the picture called?,three-wheeled vehicle,./val2014/COCO_val2014_000000011887.jpg
2293,What kind of animal is this?,this animal,./val2014/COCO_val2014_000000455290.jpg
2294,What ocean is being surfed?,ocean,./val2014/COCO_val2014_000000501614.jpg
2295,What season is this?,this,./val2014/COCO_val2014_000000293749.jpg
2296,What type of switch is on the wall?,switch on the wall,./val2014/COCO_val2014_000000030455.jpg
2297,What breed of bird is that?,bird is that,./val2014/COCO_val2014_000000300155.jpg
2298,In what disney movie was the pictured creature and container used for good luck?,creature and container,./val2014/COCO_val2014_000000296303.jpg
2299,Is this dog jumping because he is excited or angry?,this dog,./val2014/COCO_val2014_000000474272.jpg
2300,What cola company has a polar bear as a mascot?,cola company,./val2014/COCO_val2014_000000204381.jpg
2301,What food does this animal eat?,this animal,./val2014/COCO_val2014_000000075719.jpg
2302,What is the person leaning on the wall called?,person leaning,./val2014/COCO_val2014_000000060992.jpg
2303,Why do people need to stand back when one of these transportations approaches?,these transportations,./val2014/COCO_val2014_000000409856.jpg
2304,What material is this man's shorts made out of?,this man's shorts,./val2014/COCO_val2014_000000455772.jpg
2305,What military branch to the men in the picture belong to?,men in the picture,./val2014/COCO_val2014_000000003382.jpg
2306,What is the tie made of?,tie,./val2014/COCO_val2014_000000354507.jpg
2307,What is the name for a cat that looks like this one?,this one,./val2014/COCO_val2014_000000500471.jpg
2308,Why is the green grassy food item on top for?,green grassy food item,./val2014/COCO_val2014_000000519475.jpg
2309,Name the place where you can see the duck swiming in this picture?,duck,./val2014/COCO_val2014_000000572574.jpg
2310,What type of show is playing on the tv?,show is playing on the tv,./val2014/COCO_val2014_000000426241.jpg
2311,Where in the world is this bus in?,this bus,./val2014/COCO_val2014_000000331386.jpg
2312,Is the athlete right or left handed?,athlete,./val2014/COCO_val2014_000000330515.jpg
2313,What is the name of this type of small oven?,this type of small oven,./val2014/COCO_val2014_000000555900.jpg
2314,In which type of room facility is this young man standing in?,this young man,./val2014/COCO_val2014_000000242610.jpg
2315,Where would you find this machinery?,this machinery,./val2014/COCO_val2014_000000332205.jpg
2316,What place of business is this?,this,./val2014/COCO_val2014_000000090724.jpg
2317,What causes the waves in the background?,waves in the background,./val2014/COCO_val2014_000000323576.jpg
2318,What type of bus?,bus,./val2014/COCO_val2014_000000189773.jpg
2319,What game are the two men playing?,two men playing,./val2014/COCO_val2014_000000036149.jpg
2320,Was this photo taken at dusk or dawn?,this photo,./val2014/COCO_val2014_000000184369.jpg
2321,What kind of bag is the cat sitting down on?,cat,./val2014/COCO_val2014_000000467197.jpg
2322,Ufo's are associated with this shape?,this shape,./val2014/COCO_val2014_000000498733.jpg
2323,What cutting device is shown?,cutting device,./val2014/COCO_val2014_000000431439.jpg
2324,This animal has been known to be a pet to humans for how long?,This animal,./val2014/COCO_val2014_000000438628.jpg
2325,What material might the red article in the foreground be made of?,red article,./val2014/COCO_val2014_000000371330.jpg
2326,What storefront is this picture from?,this picture,./val2014/COCO_val2014_000000194956.jpg
2327,What famous beverage brand uses this animal in their advertisements?,this animal,./val2014/COCO_val2014_000000182369.jpg
2328,What item is used to clean that sporting equipment?,that sporting equipment,./val2014/COCO_val2014_000000221095.jpg
2329,What is it for?,it,./val2014/COCO_val2014_000000416968.jpg
2330,What is the name of the bird on top of the animal?,bird on top,./val2014/COCO_val2014_000000042279.jpg
2331,What famous american sisters play this sport?,this sport,./val2014/COCO_val2014_000000416105.jpg
2332,What are the cats reaching for in this photo?,cats,./val2014/COCO_val2014_000000570664.jpg
2333,When you see this sign what is it telling you to do or not do?,this sign,./val2014/COCO_val2014_000000028499.jpg
2334,What part of a car is used when obeying this sign?,this sign,./val2014/COCO_val2014_000000260020.jpg
2335,What is the child holding and when might you use it?,child holding,./val2014/COCO_val2014_000000391642.jpg
2336,What size and model of bed is that?,bed is that,./val2014/COCO_val2014_000000244909.jpg
2337,What musical instrument does this bus remind you of?,this bus,./val2014/COCO_val2014_000000566823.jpg
2338,What type of animal are known for loving the fruit hanging above the rest?,fruit hanging above,./val2014/COCO_val2014_000000009077.jpg
2339,What kind of television is in this room?,television,./val2014/COCO_val2014_000000314792.jpg
2340,Is this sport played on a natural or manmade surface?,this sport,./val2014/COCO_val2014_000000266847.jpg
2341,What position is the person in?,person,./val2014/COCO_val2014_000000376793.jpg
2342,What type of swing is this tennis player doing?,this tennis player,./val2014/COCO_val2014_000000272357.jpg
2343,What is this statue made of?,this statue,./val2014/COCO_val2014_000000170960.jpg
2344,What musical instrument is the woman in the red hat playing?,instrument,./val2014/COCO_val2014_000000477042.jpg
2345,What are these commonly building?,these,./val2014/COCO_val2014_000000565031.jpg
2346,How do we know this is not a beginner?,this,./val2014/COCO_val2014_000000127669.jpg
2347,What are the beds in this photo used for?,beds in this photo,./val2014/COCO_val2014_000000484627.jpg
2348,What type of surface is the vehicle driving on?,vehicle driving,./val2014/COCO_val2014_000000138730.jpg
2349,What country does this sandwich originate from?,this sandwich,./val2014/COCO_val2014_000000489745.jpg
2350,Where can you buy what he is using for a chair?,what he is using,./val2014/COCO_val2014_000000203085.jpg
2351,What language is that sign?,that sign,./val2014/COCO_val2014_000000570110.jpg
2352,What is the average life span of these animals?,these animals,./val2014/COCO_val2014_000000124013.jpg
2353,What type of bird is this?,bird is this,./val2014/COCO_val2014_000000197652.jpg
2354,What type of building is this?,this building,./val2014/COCO_val2014_000000017741.jpg
2355,What surface is this person playing on?,this person playing,./val2014/COCO_val2014_000000001599.jpg
2356,How do you make this dish?,this dish,./val2014/COCO_val2014_000000563816.jpg
2357,What type of bird is in the picture?,bird,./val2014/COCO_val2014_000000031322.jpg
2358,Which type of cloth is used on the table shown in this picture?,table cloth,./val2014/COCO_val2014_000000125129.jpg
2359,When was this item first invented?,this item,./val2014/COCO_val2014_000000264124.jpg
2360,Whose birthday is it?,birthday,./val2014/COCO_val2014_000000006473.jpg
2361,What kind of environments do zebras live in?,zebras,./val2014/COCO_val2014_000000453649.jpg
2362,Where do these vehicles stop?,these vehicles,./val2014/COCO_val2014_000000560111.jpg
2363,What language are these characters written in?,these characters,./val2014/COCO_val2014_000000564419.jpg
2364,What is the brand of bear?,bear,./val2014/COCO_val2014_000000190700.jpg
2365,What is the object called in the mans hand?,object in the mans hand,./val2014/COCO_val2014_000000310735.jpg
2366,How do you clean this?,this,./val2014/COCO_val2014_000000280242.jpg
2367,What is the c02 emmisions of that bus?,that bus,./val2014/COCO_val2014_000000567013.jpg
2368,What kind of bear is this?,bear is this,./val2014/COCO_val2014_000000490720.jpg
2369,The hooligan in this photo is breaking a rule that might damage what part of the park?,part of the park,./val2014/COCO_val2014_000000419408.jpg
2370,What sport might this animal be involved in?,this animal,./val2014/COCO_val2014_000000519728.jpg
2371,What nationality is affiliated with this type of bread?,this type of bread,./val2014/COCO_val2014_000000037109.jpg
2372,What does the train carry?,the train,./val2014/COCO_val2014_000000023995.jpg
2373,What is the purple vegetable above the spaghetti squash?,purple vegetable,./val2014/COCO_val2014_000000308504.jpg
2374,What type of camera filter is this called?,camera filter is this,./val2014/COCO_val2014_000000312746.jpg
2375,Where is this photo taken?,this photo,./val2014/COCO_val2014_000000185366.jpg
2376,What type of drink could be in the pitcher?,pitcher,./val2014/COCO_val2014_000000541965.jpg
2377,What type of device is the woman holding in her hand?,device,./val2014/COCO_val2014_000000141334.jpg
2378,In what position in surfing is the woman on the picture in?,woman on the picture,./val2014/COCO_val2014_000000407903.jpg
2379,What is the red item used for?,red item,./val2014/COCO_val2014_000000013159.jpg
2380,The batter here plays for what professional team?,batter here,./val2014/COCO_val2014_000000037882.jpg
2381,What kind of animals could make these guys fearful?,these guys,./val2014/COCO_val2014_000000571059.jpg
2382,Which kind of tree is shown in this photo?,tree is shown in this photo,./val2014/COCO_val2014_000000383018.jpg
2383,What model computer is this?,this computer,./val2014/COCO_val2014_000000083462.jpg
2384,What animal is this?,this animal,./val2014/COCO_val2014_000000220344.jpg
2385,How many of these signs are there in the united states?,these signs,./val2014/COCO_val2014_000000328316.jpg
2386,How is this made?,this,./val2014/COCO_val2014_000000522156.jpg
2387,How many calories does the orange fruit have?,orange fruit,./val2014/COCO_val2014_000000207898.jpg
2388,What ingredient is used in the crust?,the crust,./val2014/COCO_val2014_000000070626.jpg
2389,What is the brand name of this place?,this place,./val2014/COCO_val2014_000000542095.jpg
2390,In which city is this baseball team to which the batter belongs based?,this baseball team,./val2014/COCO_val2014_000000237487.jpg
2391,What would you feed this?,this,./val2014/COCO_val2014_000000300725.jpg
2392,What parts of the world also use this style of architecture?,this style of architecture,./val2014/COCO_val2014_000000328551.jpg
2393,What kind of bird is this?,this bird,./val2014/COCO_val2014_000000388902.jpg
2394,Where is this ferris wheel?,this ferris wheel,./val2014/COCO_val2014_000000315769.jpg
2395,What is the brand and style of ski jacket that the person is wearing?,ski jacket,./val2014/COCO_val2014_000000214127.jpg
2396,Who is famous for this?,this,./val2014/COCO_val2014_000000443844.jpg
2397,This tennis player comes to the clinic for elbow pain what anatomic structure has she likely injured?,tennis player,./val2014/COCO_val2014_000000360480.jpg
2398,What kind of bird is that?,bird is that,./val2014/COCO_val2014_000000542205.jpg
2399,What is the toy the little boy is holding?,toy,./val2014/COCO_val2014_000000233187.jpg
2400,What company manufactured the video game system being played here?,video game system,./val2014/COCO_val2014_000000157469.jpg
2401,What bird is at the feeder?,bird is at the feeder,./val2014/COCO_val2014_000000284279.jpg
2402,What brand motorcycle is the man riding on?,motorcycle,./val2014/COCO_val2014_000000205300.jpg
2403,The cage around the suet helps ward off what creatures?,the suet,./val2014/COCO_val2014_000000235902.jpg
2404,What is the skill level of this skier?,this skier,./val2014/COCO_val2014_000000408049.jpg
2405,Is this picture taken in the past or present?,this picture,./val2014/COCO_val2014_000000261796.jpg
2406,What job do these vehicles serve?,these vehicles,./val2014/COCO_val2014_000000375892.jpg
2407,What type of pastries are in the plastic container?,pastries,./val2014/COCO_val2014_000000174740.jpg
2408,What objects are found usually in this room?,this room,./val2014/COCO_val2014_000000115709.jpg
2409,What kind of lamp is this?,this lamp,./val2014/COCO_val2014_000000006720.jpg
2410,What is the main ingredient in this meal?,this meal,./val2014/COCO_val2014_000000080369.jpg
2411,What type of computer user fits this desk's layout?,this desk's layout,./val2014/COCO_val2014_000000398567.jpg
2412,What large circular object is this?,this,./val2014/COCO_val2014_000000357432.jpg
2413,What is the person riding called?,person riding,./val2014/COCO_val2014_000000475396.jpg
2414,What type of sport is shown?,sport is shown,./val2014/COCO_val2014_000000316258.jpg
2415,What animal are the animals in the picture known for not getting along with?,the animals,./val2014/COCO_val2014_000000483074.jpg
2416,Who is the designer of the purse this kitten is inside of?,purse,./val2014/COCO_val2014_000000352549.jpg
2417,What style breakfast is this?,this,./val2014/COCO_val2014_000000177258.jpg
2418,What tennis championships are held on clay courts?,tennis championships,./val2014/COCO_val2014_000000229207.jpg
2419,What kind of trees are shown?,trees,./val2014/COCO_val2014_000000079362.jpg
2420,How high can a kite go?,kite,./val2014/COCO_val2014_000000232309.jpg
2421,How do they make the type of drink inside the glass cup?,type of drink,./val2014/COCO_val2014_000000181796.jpg
2422,What animals see in these colors?,these colors,./val2014/COCO_val2014_000000285773.jpg
2423,What is this plane doing?,this plane,./val2014/COCO_val2014_000000196185.jpg
2424,What type of resturaunt are these cooks at?,these cooks,./val2014/COCO_val2014_000000410350.jpg
2425,What food group do these belong to?,these,./val2014/COCO_val2014_000000136772.jpg
2426,What ingredients do i need to make this?,this,./val2014/COCO_val2014_000000298172.jpg
2427,In what language is the background advertisement being shown in?,background advertisement,./val2014/COCO_val2014_000000344013.jpg
2428,What kind of dog is in the picture?,dog,./val2014/COCO_val2014_000000478977.jpg
2429,How are the two eggs on the plate prepared?,two eggs,./val2014/COCO_val2014_000000216603.jpg
2430,What is the handled item used for?,handled item,./val2014/COCO_val2014_000000151790.jpg
2431,Is lincoln av east or west?,lincoln av,./val2014/COCO_val2014_000000220739.jpg
2432,What decade is this photo likely taken?,this photo,./val2014/COCO_val2014_000000345356.jpg
2433,What kind of shirt is this girl wearing?,this girl,./val2014/COCO_val2014_000000339253.jpg
2434,What animal does this toy represent?,this toy,./val2014/COCO_val2014_000000523315.jpg
2435,Where in canada is this?,this,./val2014/COCO_val2014_000000154087.jpg
2436,Where was this game played at?,this game,./val2014/COCO_val2014_000000318193.jpg
2437,How is this type of fire hydrant opened?,this type of fire hydrant,./val2014/COCO_val2014_000000343315.jpg
2438,How tall are these animals?,these animals,./val2014/COCO_val2014_000000329494.jpg
2439,What family does this vegetable belong to?,this vegetable,./val2014/COCO_val2014_000000560178.jpg
2440,What type of soldier does this uniform belong to?,this uniform,./val2014/COCO_val2014_000000315620.jpg
2441,What type of drink is pictured?,drink,./val2014/COCO_val2014_000000368510.jpg
2442,What are the benefits to playing the type of game shown here?,type of game,./val2014/COCO_val2014_000000552148.jpg
2443,Where would you find this kind of scene?,this kind of scene,./val2014/COCO_val2014_000000517061.jpg
2444,Apart from this toy which other item does these animal like to fetch?,this toy,./val2014/COCO_val2014_000000256800.jpg
2445,What food does this animal eat?,this animal,./val2014/COCO_val2014_000000240417.jpg
2446,Where is the tennis ball?,tennis ball,./val2014/COCO_val2014_000000395665.jpg
2447,What do the wires connected to the bus do?,wires connected to the bus,./val2014/COCO_val2014_000000051167.jpg
2448,What category of water craft are these?,these,./val2014/COCO_val2014_000000377882.jpg
2449,What vitamin does this fruit give?,this fruit,./val2014/COCO_val2014_000000360877.jpg
2450,What type of camera is the guy using?,camera,./val2014/COCO_val2014_000000129502.jpg
2451,What type of beer is that?,beer is that,./val2014/COCO_val2014_000000277831.jpg
2452,What type of flowers are in the picture?,flowers,./val2014/COCO_val2014_000000155873.jpg
2453,What ritual allows sports fans to get up and stretch their legs when attending the event shown in this photo?,event shown,./val2014/COCO_val2014_000000094046.jpg
2454,What kind of device is this?,device is this,./val2014/COCO_val2014_000000104982.jpg
2455,What year these cell phones were made?,these cell phones,./val2014/COCO_val2014_000000357255.jpg
2456,I wonder what is the skill level of this game?,this game,./val2014/COCO_val2014_000000482910.jpg
2457,What type of monitor is displayed?,monitor,./val2014/COCO_val2014_000000537939.jpg
2458,What is in the grain food group?,grain food group,./val2014/COCO_val2014_000000294605.jpg
2459,Where is this building located?,this building,./val2014/COCO_val2014_000000496102.jpg
2460,What is the active ingredient in this?,this,./val2014/COCO_val2014_000000290515.jpg
2461,Where can you see this culture?,this culture,./val2014/COCO_val2014_000000383066.jpg
2462,In what country did this food originate?,this food,./val2014/COCO_val2014_000000495443.jpg
2463,What's the purpose of the cubes in the picture?,cubes,./val2014/COCO_val2014_000000239656.jpg
2464,Is this person expressing happiness or anger?,this person,./val2014/COCO_val2014_000000207046.jpg
2465,What material are the swim clothing the people are wearing made from?,swim clothing,./val2014/COCO_val2014_000000383533.jpg
2466,What do these usually provide for children?,these,./val2014/COCO_val2014_000000537802.jpg
2467,What kind of meat is inside the bread?,meat is inside the bread,./val2014/COCO_val2014_000000197004.jpg
2468,In what country are these animals in?,these animals,./val2014/COCO_val2014_000000209613.jpg
2469,In what body of water is this light house located?,this light house,./val2014/COCO_val2014_000000246809.jpg
2470,What profession would you say this guy has?,this guy,./val2014/COCO_val2014_000000419265.jpg
2471,What are these people rolling around?,these people,./val2014/COCO_val2014_000000576363.jpg
2472,Who rides this?,this,./val2014/COCO_val2014_000000367900.jpg
2473,What is the handler of this animal known as?,this animal,./val2014/COCO_val2014_000000035807.jpg
2474,Why is this dog's ear out?,this dog's ear,./val2014/COCO_val2014_000000194420.jpg
2475,What do this animals eat?,this animals,./val2014/COCO_val2014_000000440529.jpg
2476,What kind of restraurant is this?,this,./val2014/COCO_val2014_000000543268.jpg
2477,What sort of food would this animal eat?,this animal,./val2014/COCO_val2014_000000222235.jpg
2478,Do the wheels seen here look more like bicycle wheels or monster truck wheels?,wheels seen here,./val2014/COCO_val2014_000000116067.jpg
2479,What is this place used for?,this place,./val2014/COCO_val2014_000000401330.jpg
2480,What word that starts with p might these elephants also be called?,these elephants,./val2014/COCO_val2014_000000383921.jpg
2481,What country could this zebra be found in?,this zebra,./val2014/COCO_val2014_000000077479.jpg
2482,Name the sea where the person is jumping in this picture?,the person,./val2014/COCO_val2014_000000469200.jpg
2483,What edible treat is in the glass?,edible treat,./val2014/COCO_val2014_000000123704.jpg
2484,What type of boat is displayed?,boat is displayed,./val2014/COCO_val2014_000000090040.jpg
2485,What type of church is that?,church,./val2014/COCO_val2014_000000487217.jpg
2486,What type of building is this room located in?,this room,./val2014/COCO_val2014_000000221105.jpg
2487,What team is playing the baseball game?,basketball game,./val2014/COCO_val2014_000000399790.jpg
2488,What is the age range for this group?,this group,./val2014/COCO_val2014_000000531707.jpg
2489,What brand is this microwave?,this microwave,./val2014/COCO_val2014_000000479612.jpg
2490,The colored object in this photo depicts a symbol of which country?,colored object,./val2014/COCO_val2014_000000233771.jpg
2491,Who does he play for?,he play,./val2014/COCO_val2014_000000414576.jpg
2492,What style of car is in the red one?,car in the red,./val2014/COCO_val2014_000000346621.jpg
2493,What is the airline company that manages the pictures flight?,pictures flight,./val2014/COCO_val2014_000000162998.jpg
2494,How high do you think the kite is?,kite,./val2014/COCO_val2014_000000511647.jpg
2495,Is this legal or illegal?,this,./val2014/COCO_val2014_000000520433.jpg
2496,Factory or custom?,Factory or custom,./val2014/COCO_val2014_000000476894.jpg
2497,Name the dish which is prepared using these fruits?,these fruits,./val2014/COCO_val2014_000000397693.jpg
2498,What style are the eggs on the plate cooked?,eggs on the plate,./val2014/COCO_val2014_000000581205.jpg
2499,What is the purpose of the umbrellas?,umbrellas,./val2014/COCO_val2014_000000389255.jpg
2500,What is the name of the long green legumes shown here?,long green legumes shown here,./val2014/COCO_val2014_000000318386.jpg
2501,Is this a public or private school?,this school,./val2014/COCO_val2014_000000079588.jpg
2502,What kind of bed is this in the photo?,this bed,./val2014/COCO_val2014_000000384111.jpg
2503,When the batter strategically taps the ball like this it's called a what?,ball like this,./val2014/COCO_val2014_000000313647.jpg
2504,The kids on skateboards are wearing what kind of safety gear?,kids on skateboards,./val2014/COCO_val2014_000000409345.jpg
2505,Who invented the sport being played here?,sport being played,./val2014/COCO_val2014_000000142742.jpg
2506,What regions are this activity typically done in?,this activity,./val2014/COCO_val2014_000000146193.jpg
2507,Is this red wine or grape juice?,this red wine,./val2014/COCO_val2014_000000273637.jpg
2508,At the end of which movie featuring dick van dyke does this activity occur?,this activity,./val2014/COCO_val2014_000000132328.jpg
2509,What vegetables should i eat everyday?,vegetables,./val2014/COCO_val2014_000000252137.jpg
2510,Which author created this character?,this character,./val2014/COCO_val2014_000000312081.jpg
2511,What is inside that sandwhich?,that sandwhich,./val2014/COCO_val2014_000000234779.jpg
2512,What event is this at?,this,./val2014/COCO_val2014_000000487612.jpg
2513,What kind of bird is that?,bird is that,./val2014/COCO_val2014_000000176527.jpg
2514,What company made this vehicle?,this vehicle,./val2014/COCO_val2014_000000168890.jpg
2515,What do you do in this room?,this room,./val2014/COCO_val2014_000000507274.jpg
2516,What body part are these sticks traditionally used to clean?,these sticks,./val2014/COCO_val2014_000000037660.jpg
2517,In what part of the world are these a custom?,these,./val2014/COCO_val2014_000000440299.jpg
2518,What shape is used to classify the difficult of this activity?,this activity,./val2014/COCO_val2014_000000545583.jpg
2519,How do you know they are competing?,they,./val2014/COCO_val2014_000000351140.jpg
2520,What kind of shoes is her wearing?,shoes,./val2014/COCO_val2014_000000110617.jpg
2521,What style of skateboarding is depicted?,style of skateboarding,./val2014/COCO_val2014_000000370935.jpg
2522,What types of seats are these?,seats are these,./val2014/COCO_val2014_000000339177.jpg
2523,What is most famous internet animal?,internet animal,./val2014/COCO_val2014_000000517454.jpg
2524,In what country can you see this?,this,./val2014/COCO_val2014_000000158964.jpg
2525,What breed of animal is on the picture?,animal is on the picture,./val2014/COCO_val2014_000000407825.jpg
2526,What genre are these books?,these books,./val2014/COCO_val2014_000000389315.jpg
2527,What type of disability does that vehicle's sign say it can accommodate?,that vehicle's sign,./val2014/COCO_val2014_000000102400.jpg
2528,What is this area of a town?,this area,./val2014/COCO_val2014_000000449638.jpg
2529,What is this used for?,this,./val2014/COCO_val2014_000000228749.jpg
2530,What are these trains used for?,these trains,./val2014/COCO_val2014_000000482585.jpg
2531,What is the long tall white pole for?,long tall white pole,./val2014/COCO_val2014_000000185903.jpg
2532,How long do these animals live?,these animals,./val2014/COCO_val2014_000000196706.jpg
2533,This motorcycle has what stroke engine?,This motorcycle,./val2014/COCO_val2014_000000327565.jpg
2534,What is the company name for this airplane?,this airplane,./val2014/COCO_val2014_000000466005.jpg
2535,When was this mode of transportation invented?,this mode of transportation,./val2014/COCO_val2014_000000255917.jpg
2536,What style saddle are the riders using?,saddle,./val2014/COCO_val2014_000000420090.jpg
2537,What breed is the black and white animal next to the sheep?,black and white animal,./val2014/COCO_val2014_000000176078.jpg
2538,How fast could you travel on this?,this,./val2014/COCO_val2014_000000283498.jpg
2539,What flavor is the cake?,the cake,./val2014/COCO_val2014_000000416960.jpg
2540,What goes in the container next to the benches?,container next to benches,./val2014/COCO_val2014_000000533039.jpg
2541,What is generally in the drawer next to the bed?,drawer next to the bed,./val2014/COCO_val2014_000000052232.jpg
2542,What part of the building is the person standing on?,the building,./val2014/COCO_val2014_000000389532.jpg
2543,Taking a ride on one of these may cause what kind of sickness?,these,./val2014/COCO_val2014_000000163929.jpg
2544,What do we call a place like this with many cars?,place like this,./val2014/COCO_val2014_000000071384.jpg
2545,What tv show is this backpack from?,this backpack,./val2014/COCO_val2014_000000094926.jpg
2546,What vitamins does this vegetable contain?,this vegetable,./val2014/COCO_val2014_000000076138.jpg
2547,The vegetables shown before you is good for which parts of the body?,vegetables,./val2014/COCO_val2014_000000370399.jpg
2548,What type of walkway is pictured?,walkway is pictured,./val2014/COCO_val2014_000000510515.jpg
2549,In what country would you find this hat?,this hat,./val2014/COCO_val2014_000000459141.jpg
2550,Is this a desktop or laptop computer?,this,./val2014/COCO_val2014_000000527497.jpg
2551,What type of breed are the two birds in the photo?,birds in the photo,./val2014/COCO_val2014_000000503951.jpg
2552,What process is used to make that umbrella green?,that umbrella,./val2014/COCO_val2014_000000158798.jpg
2553,What color is the skin of the vegetable used to make these fried sticks?,these fried sticks,./val2014/COCO_val2014_000000491062.jpg
2554,What kind of sandwhich is that?,sandwhich is that,./val2014/COCO_val2014_000000310770.jpg
2555,How long would it usually take to bake this kind of cake?,this kind of cake,./val2014/COCO_val2014_000000092177.jpg
2556,What kind of boat is this?,boat is this,./val2014/COCO_val2014_000000395633.jpg
2557,What part of this back does this pillow support?,this pillow,./val2014/COCO_val2014_000000145325.jpg
2558,Name the material used to make this ball shown in this picture?,this ball,./val2014/COCO_val2014_000000065736.jpg
2559,What branch of the military is this woman from?,this woman,./val2014/COCO_val2014_000000210230.jpg
2560,Name the flooring type shown in this picture?,flooring type,./val2014/COCO_val2014_000000037149.jpg
2561,What type of boat is this?,boat is this,./val2014/COCO_val2014_000000186873.jpg
2562,What language is on the sign?,the sign,./val2014/COCO_val2014_000000552507.jpg
2563,What do you put inside these bags?,these bags,./val2014/COCO_val2014_000000444777.jpg
2564,What type of trees are growing in this photo?,trees,./val2014/COCO_val2014_000000405007.jpg
2565,What kind of craft is pulling the two people?,craft pulling,./val2014/COCO_val2014_000000427111.jpg
2566,What reason might one have for sitting here?,here,./val2014/COCO_val2014_000000002453.jpg
2567,What is the reason for piling these appliances up in the parking lot?,these appliances,./val2014/COCO_val2014_000000170425.jpg
2568,What type of fuel does this vehicle use?,this vehicle,./val2014/COCO_val2014_000000508165.jpg
2569,Why would we suspect that these bears are male and female?,these bears,./val2014/COCO_val2014_000000399921.jpg
2570,Name the kind of wood stored in this picture?,this picture,./val2014/COCO_val2014_000000395975.jpg
2571,What military branch is she in?,she,./val2014/COCO_val2014_000000189152.jpg
2572,These animals are found in what area of the world?,These animals,./val2014/COCO_val2014_000000038919.jpg
2573,What kind of sport is this bike used for?,this bike,./val2014/COCO_val2014_000000521221.jpg
2574,This furred creature is likely to chase what lover of cheese?,furred creature,./val2014/COCO_val2014_000000154701.jpg
2575,What type of project do these items need to be used?,these items,./val2014/COCO_val2014_000000509819.jpg
2576,Who is this famously named after?,this,./val2014/COCO_val2014_000000143644.jpg
2577,What kind of shoes are in this picture?,shoes,./val2014/COCO_val2014_000000189845.jpg
2578,What is parked along the curb?,along the curb,./val2014/COCO_val2014_000000340386.jpg
2579,Name the material used to make this sitting bench shown in this picture?,sitting bench,./val2014/COCO_val2014_000000340922.jpg
2580,Where is this food served?,this food,./val2014/COCO_val2014_000000558137.jpg
2581,In what decade was this machine invented?,this machine,./val2014/COCO_val2014_000000242870.jpg
2582,What is she making?,she making,./val2014/COCO_val2014_000000158279.jpg
2583,Where would you find these items?,these items,./val2014/COCO_val2014_000000174511.jpg
2584,Which instrument is on the floor?,instrument,./val2014/COCO_val2014_000000454751.jpg
2585,Would a male or female use this bag?,this bag,./val2014/COCO_val2014_000000264161.jpg
2586,What kind of food does the restaurant on the sign serve?,restaurant on the sign,./val2014/COCO_val2014_000000331642.jpg
2587,What are the ropes on their faces called?,ropes on their faces,./val2014/COCO_val2014_000000272518.jpg
2588,What are these people doing?,these people,./val2014/COCO_val2014_000000434509.jpg
2589,What is this wedding dress made from?,this wedding dress,./val2014/COCO_val2014_000000289573.jpg
2590,How many burners does this stove top have?,this stove top,./val2014/COCO_val2014_000000468277.jpg
2591,What kind of food is this?,this,./val2014/COCO_val2014_000000308430.jpg
2592,What model is the car?,the car,./val2014/COCO_val2014_000000156928.jpg
2593,What mini van is that?,van is that,./val2014/COCO_val2014_000000528905.jpg
2594,What kind of climate do you typically find these?,these,./val2014/COCO_val2014_000000075479.jpg
2595,Which serial killer operated an establishment such as this?,establishment such as this,./val2014/COCO_val2014_000000255631.jpg
2596,What are these pastries made of?,these pastries,./val2014/COCO_val2014_000000003001.jpg
2597,Does this look more like a home or a hotel?,this,./val2014/COCO_val2014_000000029596.jpg
2598,Why animal is this artifact modeled on?,this artifact,./val2014/COCO_val2014_000000344654.jpg
2599,What kind of chair is the tennis player sitting in?,chair,./val2014/COCO_val2014_000000175864.jpg
2600,When was this type of vehicle created?,this type of vehicle,./val2014/COCO_val2014_000000276323.jpg
2601,What is the name of the beer?,the beer,./val2014/COCO_val2014_000000298067.jpg
2602,In which us states are these fruits commonly grown?,these fruits,./val2014/COCO_val2014_000000410493.jpg
2603,Why is this food on that type of paper?,this food,./val2014/COCO_val2014_000000492785.jpg
2604,What does the blue p represent?,blue p,./val2014/COCO_val2014_000000162366.jpg
2605,Who rides in this?,this,./val2014/COCO_val2014_000000067608.jpg
2606,What country is this bus in?,this bus,./val2014/COCO_val2014_000000248087.jpg
2607,Who invented these items?,these items,./val2014/COCO_val2014_000000411277.jpg
2608,What kind of cell phone does this person have?,this person,./val2014/COCO_val2014_000000243260.jpg
2609,What building might this be found in?,this,./val2014/COCO_val2014_000000344308.jpg
2610,What kind of recipes could one make with this?,this,./val2014/COCO_val2014_000000456377.jpg
2611,What is the plate made out of?,the plate,./val2014/COCO_val2014_000000407524.jpg
2612,Is this fresh water or salt water?,this water,./val2014/COCO_val2014_000000204059.jpg
2613,Which item shown here is a compound word derived from the name of the human cranium and the telephone?,item shown here,./val2014/COCO_val2014_000000168683.jpg
2614,How were these two photos combined into one image?,these two photos,./val2014/COCO_val2014_000000198416.jpg
2615,What do people do in these brown objects?,these brown objects,./val2014/COCO_val2014_000000351530.jpg
2616,Which direction would i turn to drive to go to casper?,direction to casper,./val2014/COCO_val2014_000000493682.jpg
2617,What are his tires made out of?,his tires,./val2014/COCO_val2014_000000152120.jpg
2618,What kind of material are these short made from?,these shorts,./val2014/COCO_val2014_000000181403.jpg
2619,What item is the woman in this photo pulling her luggage on?,luggage,./val2014/COCO_val2014_000000285799.jpg
2620,Does this look more like chuckie or the characters from the dark crystal?,this,./val2014/COCO_val2014_000000092244.jpg
2621,This type of transportation is used primarily for what purpose?,type of transportation,./val2014/COCO_val2014_000000065306.jpg
2622,How long is this animal's neck?,this animal's neck,./val2014/COCO_val2014_000000291330.jpg
2623,What kind of boat is this?,this boat,./val2014/COCO_val2014_000000177856.jpg
2624,What nationality is this food?,this food,./val2014/COCO_val2014_000000018781.jpg
2625,What is the paper used for?,the paper,./val2014/COCO_val2014_000000099747.jpg
2626,What is the complimentary color of the light in the top right corner?,light in the top right corner,./val2014/COCO_val2014_000000440959.jpg
2627,What keeps these boats from sinking?,these boats,./val2014/COCO_val2014_000000145747.jpg
2628,What is the most famous professional athlete of this sport who is african american?,this sport,./val2014/COCO_val2014_000000088507.jpg
2629,What type of tree is this guy under?,this guy,./val2014/COCO_val2014_000000278977.jpg
2630,What colors are shown in this photo?,this photo,./val2014/COCO_val2014_000000293964.jpg
2631,What ingredients were used to make this food?,this food,./val2014/COCO_val2014_000000248980.jpg
2632,What is likely being sold from this truck?,this truck,./val2014/COCO_val2014_000000321024.jpg
2633,What breed are the dogs?,the dogs,./val2014/COCO_val2014_000000044856.jpg
2634,To secure this two wheeled conveyance seen here on the street what sort of metal item is needed?,this two wheeled conveyance,./val2014/COCO_val2014_000000456323.jpg
2635,What kind of pants is the woman wearing?,the woman,./val2014/COCO_val2014_000000209995.jpg
2636,What object is this?,this,./val2014/COCO_val2014_000000388082.jpg
2637,What does the company do that is advertised on the side of the train?,side of the train,./val2014/COCO_val2014_000000074937.jpg
2638,What does this train carry?,this train,./val2014/COCO_val2014_000000096988.jpg
2639,Ralph lauren famously depicts what sport which requires riding the animal depicted in this picture?,this picture,./val2014/COCO_val2014_000000326058.jpg
2640,Name the dish for which these ingredients used?,these ingredients,./val2014/COCO_val2014_000000421703.jpg
2641,What is the name of the famous tournament for this sport?,this sport,./val2014/COCO_val2014_000000568333.jpg
2642,What trick is this person doing?,this person doing,./val2014/COCO_val2014_000000561437.jpg
2643,Is this food cooked or raw?,this food,./val2014/COCO_val2014_000000142127.jpg
2644,What program can i used to make my photos look like this one?,this one,./val2014/COCO_val2014_000000155319.jpg
2645,How was the red highlights on this black and white photo made?,red highlights,./val2014/COCO_val2014_000000267321.jpg
2646,What is the blender for?,the blender,./val2014/COCO_val2014_000000519359.jpg
2647,What color is the ball for the sport being shown is?,ball for the sport,./val2014/COCO_val2014_000000432429.jpg
2648,What century is this?,this,./val2014/COCO_val2014_000000390555.jpg
2649,What certification will these people receive?,these people,./val2014/COCO_val2014_000000199771.jpg
2650,What type of drink is likely in these bottles?,these bottles,./val2014/COCO_val2014_000000302716.jpg
2651,What kind of cat is this?,this cat,./val2014/COCO_val2014_000000374061.jpg
2652,What type of beverages are served here?,beverages,./val2014/COCO_val2014_000000451471.jpg
2653,What well known farm animal produces an ingredient that goes into this food item?,this food item,./val2014/COCO_val2014_000000149469.jpg
2654,What is the stuffed animal being used for?,stuffed animal,./val2014/COCO_val2014_000000492886.jpg
2655,Is this an airport a train station or a cruise ship?,this,./val2014/COCO_val2014_000000360097.jpg
2656,What is spewing out water?,spewing out water,./val2014/COCO_val2014_000000105885.jpg
2657,What warm clothing may be made from this animal?,this animal,./val2014/COCO_val2014_000000058146.jpg
2658,What kind of sandwitch is this?,this sandwitch,./val2014/COCO_val2014_000000375426.jpg
2659,What mountain range is this?,this,./val2014/COCO_val2014_000000564563.jpg
2660,What kind of lighting is this?,this lighting,./val2014/COCO_val2014_000000569801.jpg
2661,What shape is the water making?,the water making,./val2014/COCO_val2014_000000168093.jpg
2662,What is the white pot on the stove top made out of?,white pot,./val2014/COCO_val2014_000000389974.jpg
2663,Which object in the picture is described as sharp?,object in the picture,./val2014/COCO_val2014_000000348012.jpg
2664,Who can use this type of transportation?,this type of transportation,./val2014/COCO_val2014_000000335241.jpg
2665,What food is this man preparing?,this man,./val2014/COCO_val2014_000000019456.jpg
2666,Are these people having fun or is the photo staged?,these people,./val2014/COCO_val2014_000000442040.jpg
2667,What fish are most commonly caught here?,fish,./val2014/COCO_val2014_000000428403.jpg
2668,How many people love this sport?,this sport,./val2014/COCO_val2014_000000447558.jpg
2669,Is this the amazon or sahara?,this,./val2014/COCO_val2014_000000547738.jpg
2670,Why would this person be holding this sign?,this sign,./val2014/COCO_val2014_000000129595.jpg
2671,What kind of dog is staring out the window in the background?,dog,./val2014/COCO_val2014_000000580255.jpg
2672,Often used at slumber parties to fight with?,this,./val2014/COCO_val2014_000000328940.jpg
2673,What do the two medium similar size buildings seem to be made of?,two medium similar size buildings,./val2014/COCO_val2014_000000238141.jpg
2674,Where can this red vegetable be found?,this red vegetable,./val2014/COCO_val2014_000000488832.jpg
2675,Which kitchen appliance can this iron pot be place inside of to cook?,this iron pot,./val2014/COCO_val2014_000000440377.jpg
2676,What operating system is that laptop running on?,laptop running,./val2014/COCO_val2014_000000435003.jpg
2677,What is the name of the team?,the team,./val2014/COCO_val2014_000000472509.jpg
2678,What is the minimum age in the us to acquire a license for that vehicle?,that vehicle,./val2014/COCO_val2014_000000335585.jpg
2679,What kind of car is shown?,car is shown,./val2014/COCO_val2014_000000066144.jpg
2680,The real live version of this toy does what in the winter?,this toy,./val2014/COCO_val2014_000000360440.jpg
2681,Clint walker was impaled with one of these objects?,these objects,./val2014/COCO_val2014_000000002890.jpg
2682,Name one person who was famous in this sport?,this sport,./val2014/COCO_val2014_000000474078.jpg
2683,Who makes this tennis racket?,this tennis racket,./val2014/COCO_val2014_000000088895.jpg
2684,What ingredient in this picture is used for cocktails?,this picture,./val2014/COCO_val2014_000000451693.jpg
2685,What kind of sporting event is this?,this,./val2014/COCO_val2014_000000463722.jpg
2686,What type of tool is she using for her hair?,she using,./val2014/COCO_val2014_000000018412.jpg
2687,What type of vessel is in the background?,vessel in the background,./val2014/COCO_val2014_000000135620.jpg
2688,What company do the men behind the bottles represent?,men behind the bottles,./val2014/COCO_val2014_000000013148.jpg
2689,What is the item called in the photo that people may sit on?,item in the photo,./val2014/COCO_val2014_000000419224.jpg
2690,What move is this considered?,this,./val2014/COCO_val2014_000000023671.jpg
2691,What time of year is this?,this,./val2014/COCO_val2014_000000127920.jpg
2692,What language is the lower text on the sign transcribed in?,lower text on the sign,./val2014/COCO_val2014_000000100283.jpg
2693,These sandwiches just got done doing what?,these sandwiches,./val2014/COCO_val2014_000000465430.jpg
2694,What wild mammals might interrupt this event?,this event,./val2014/COCO_val2014_000000516805.jpg
2695,How is this desert prepared?,this desert,./val2014/COCO_val2014_000000468022.jpg
2696,Where might one buy this?,this,./val2014/COCO_val2014_000000204311.jpg
2697,How many calories will the person consumes if he eats all the donuts?,person,./val2014/COCO_val2014_000000085905.jpg
2698,What makes it look like two people are here?,it,./val2014/COCO_val2014_000000450357.jpg
2699,What venue in a city is this?,this,./val2014/COCO_val2014_000000248582.jpg
2700,What country is this popular in?,this,./val2014/COCO_val2014_000000301950.jpg
2701,What kind of cargo does that train carry?,that train,./val2014/COCO_val2014_000000065942.jpg
2702,Which act is prohibited according to the sign in this sign?,this sign,./val2014/COCO_val2014_000000491482.jpg
2703,Why does light refraction cause these colors to appear?,these colors,./val2014/COCO_val2014_000000560279.jpg
2704,What is this game called?,this game,./val2014/COCO_val2014_000000424642.jpg
2705,Why does the man in the red and gray have his arm out?,man in the red and gray,./val2014/COCO_val2014_000000078671.jpg
2706,Is it legal or illegal to stop here?,stop here,./val2014/COCO_val2014_000000474452.jpg
2707,Why does this animal not have to compete with most other grazers in its habitat?,this animal,./val2014/COCO_val2014_000000502630.jpg
2708,What service does this truck provide?,this truck,./val2014/COCO_val2014_000000295420.jpg
2709,Based on the person's hair what decade is this photo from the 40's or 70's?,person's hair,./val2014/COCO_val2014_000000085192.jpg
2710,How do we know that someone athletic may live here?,someone athletic,./val2014/COCO_val2014_000000322261.jpg
2711,What profession is this an example of?,this,./val2014/COCO_val2014_000000223766.jpg
2712,How old is this train?,this train,./val2014/COCO_val2014_000000125815.jpg
2713,How long does it take to learn this activity?,this activity,./val2014/COCO_val2014_000000376754.jpg
2714,What is it called when props are arranged in front of windows like this?,props,./val2014/COCO_val2014_000000034922.jpg
2715,What many sides does the sign have?,the sign,./val2014/COCO_val2014_000000182469.jpg
2716,What might have knocked the child over?,the child,./val2014/COCO_val2014_000000120162.jpg
2717,What tree is pictured here?,tree,./val2014/COCO_val2014_000000356358.jpg
2718,What type of jet is this?,jet is this,./val2014/COCO_val2014_000000030080.jpg
2719,What letters represent that person's chromosomes?,that person's chromosomes,./val2014/COCO_val2014_000000058869.jpg
2720,How do we know a filter was used to create this picture?,this picture,./val2014/COCO_val2014_000000151492.jpg
2721,Where can you buy this type of furniture?,this type of furniture,./val2014/COCO_val2014_000000228867.jpg
2722,What is the term for the young animal in the picture?,young animal,./val2014/COCO_val2014_000000246672.jpg
2723,What part of the computer is this animal touching?,this animal,./val2014/COCO_val2014_000000265707.jpg
2724,What type of cargo is the train carrying?,the train,./val2014/COCO_val2014_000000241297.jpg
2725,What games makes use of the pattern shown here?,pattern shown here,./val2014/COCO_val2014_000000078554.jpg
2726,What time of day would someone typically use this?,this,./val2014/COCO_val2014_000000187329.jpg
2727,What is the name of the breed of the dog holding onto the water bottle?,dog holding,./val2014/COCO_val2014_000000125107.jpg
2728,What is missing under the microwave?,the microwave,./val2014/COCO_val2014_000000124594.jpg
2729,What are they riding?,they,./val2014/COCO_val2014_000000423498.jpg
2730,What is the orange veggie on the plate?,orange veggie,./val2014/COCO_val2014_000000326222.jpg
2731,What holiday is this card being created for?,this card,./val2014/COCO_val2014_000000286001.jpg
2732,From which culture does this food originate?,this food,./val2014/COCO_val2014_000000018575.jpg
2733,What is the significance of the colored smoke in this photo?,colored smoke,./val2014/COCO_val2014_000000357829.jpg
2734,What kind of birds are these?,these,./val2014/COCO_val2014_000000388014.jpg
2735,What was the name of the piece of furniture they are sitting on?,piece of furniture,./val2014/COCO_val2014_000000337619.jpg
2736,What dog breed is this dog?,this dog,./val2014/COCO_val2014_000000269417.jpg
2737,How long does this animal typically live?,this animal,./val2014/COCO_val2014_000000031893.jpg
2738,What are the white things this girl is wearing on her legs?,white things,./val2014/COCO_val2014_000000560626.jpg
2739,Is that horseradish or mustard?,that,./val2014/COCO_val2014_000000055429.jpg
2740,What kind of bicycle is that?,bicycle is that,./val2014/COCO_val2014_000000303069.jpg
2741,What is the purpose of the item the man on the skateboard has strapped to his left arm?,item the man,./val2014/COCO_val2014_000000223300.jpg
2742,What type of cat is this?,cat is this,./val2014/COCO_val2014_000000237917.jpg
2743,What is the gestation period for the animal pictured?,animal pictured,./val2014/COCO_val2014_000000272953.jpg
2744,What language is written on the signs?,the signs,./val2014/COCO_val2014_000000404338.jpg
2745,What kind of bird is that?,bird is that,./val2014/COCO_val2014_000000067342.jpg
2746,What kind of bear?,bear,./val2014/COCO_val2014_000000006579.jpg
2747,What is the calorie count for one individual pastry shown in the image?,individual pastry,./val2014/COCO_val2014_000000565245.jpg
2748,What does the person skiing have covering her eyes?,person skiing,./val2014/COCO_val2014_000000114579.jpg
2749,What is being built here?,being built here,./val2014/COCO_val2014_000000578713.jpg
2750,What type of excursion would use this?,this,./val2014/COCO_val2014_000000475879.jpg
2751,What is the name of the fixture beside the toilet?,fixture beside the toilet,./val2014/COCO_val2014_000000412753.jpg
2752,What airline is this flight?,this flight,./val2014/COCO_val2014_000000296996.jpg
2753,What food does this animal eat?,this animal,./val2014/COCO_val2014_000000231998.jpg
2754,What type of market does the woman work in?,the woman,./val2014/COCO_val2014_000000313562.jpg
2755,What electronic appliance is this called?,this,./val2014/COCO_val2014_000000524977.jpg
2756,What size of bed is this?,this bed,./val2014/COCO_val2014_000000557916.jpg
2757,How is this food made?,this food,./val2014/COCO_val2014_000000092861.jpg
2758,How do we know this is not a reptile?,this,./val2014/COCO_val2014_000000461775.jpg
2759,What culture do you believe made this food?,this food,./val2014/COCO_val2014_000000108208.jpg
2760,How many calories are in this meal?,this meal,./val2014/COCO_val2014_000000136795.jpg
2761,What type of bus is this?,bus is this,./val2014/COCO_val2014_000000050752.jpg
2762,What are the tires made of?,tires,./val2014/COCO_val2014_000000532285.jpg
2763,What veggies are on this sandwich?,this sandwich,./val2014/COCO_val2014_000000253732.jpg
2764,How many pieces of luggage are there?,luggage are there,./val2014/COCO_val2014_000000023023.jpg
2765,What is the weather like?,the weather,./val2014/COCO_val2014_000000432898.jpg
2766,What organization do these people belong to?,these people,./val2014/COCO_val2014_000000434459.jpg
2767,What attaches behind these objects?,these objects,./val2014/COCO_val2014_000000147745.jpg
2768,Why do the buildings seem to be blurred?,buildings,./val2014/COCO_val2014_000000562084.jpg
2769,What is this appliance used for?,this appliance,./val2014/COCO_val2014_000000071914.jpg
2770,Is this busy or not busy?,this,./val2014/COCO_val2014_000000331785.jpg
2771,How did the animals get there?,animals,./val2014/COCO_val2014_000000494578.jpg
2772,Why is timing of the essence when delivering this food item?,this food item,./val2014/COCO_val2014_000000369584.jpg
2773,What activity is this?,this,./val2014/COCO_val2014_000000244931.jpg
2774,What occupation is the mans?,mans,./val2014/COCO_val2014_000000410272.jpg
2775,What is the main ingredient in this food?,this food,./val2014/COCO_val2014_000000307731.jpg
2776,A beverage is represented here what brand is its opposite in the cola wars?,this beverage,./val2014/COCO_val2014_000000302787.jpg
2777,What is the typical battery life of this type of laptop?,this type of laptop,./val2014/COCO_val2014_000000550405.jpg
2778,What state is this likely in?,this,./val2014/COCO_val2014_000000558253.jpg
2779,How much does this truck weigh?,this truck,./val2014/COCO_val2014_000000519691.jpg
2780,What type of cows are these?,these cows,./val2014/COCO_val2014_000000125806.jpg
2781,How long do these animals live?,these animals,./val2014/COCO_val2014_000000014681.jpg
2782,If you had to take a guess would you say it is day or night?,"it

(Note: The prompt calls for an ambiguous thing in the image to be extracted from the sentence. In this context, ""it"" refers ambiguously to the time of day depicted in the image.)",./val2014/COCO_val2014_000000172993.jpg
2783,What size breed is this type of animal?,this type of animal,./val2014/COCO_val2014_000000483867.jpg
2784,What do you do here?,here,./val2014/COCO_val2014_000000415194.jpg
2785,What is needed to use this vehicle?,this vehicle,./val2014/COCO_val2014_000000391415.jpg
2786,What style building is in the picture?,building,./val2014/COCO_val2014_000000553588.jpg
2787,What nutrient is associated with the fruit seen here?,fruit seen here,./val2014/COCO_val2014_000000076529.jpg
2788,What is this type of water transportation called?,this type of water transportation,./val2014/COCO_val2014_000000207177.jpg
2789,What is the name of this bird?,this bird,./val2014/COCO_val2014_000000269662.jpg
2790,Which brand of car is shown in this picture?,car,./val2014/COCO_val2014_000000198590.jpg
2791,What vegetables are pictured?,vegetables,./val2014/COCO_val2014_000000028582.jpg
2792,What material in the blue and tan building made out of?,blue and tan building,./val2014/COCO_val2014_000000394240.jpg
2793,What species of bear is this?,bear is this,./val2014/COCO_val2014_000000366508.jpg
2794,What kind of dog is this?,dog is this,./val2014/COCO_val2014_000000511398.jpg
2795,What is the name of this small bird?,this small bird,./val2014/COCO_val2014_000000255974.jpg
2796,What ingriedients is this bun made of?,this bun,./val2014/COCO_val2014_000000297427.jpg
2797,What is going on?,going on,./val2014/COCO_val2014_000000186013.jpg
2798,What brand of cell phone is this?,cell phone is this,./val2014/COCO_val2014_000000462148.jpg
2799,What are the long objects hanging off of these animals called?,these animals,./val2014/COCO_val2014_000000366295.jpg
2800,What kind of license do you need to operate this vehicle?,this vehicle,./val2014/COCO_val2014_000000187924.jpg
2801,What is the chemical composition of the surface that this vehicle is on?,this vehicle,./val2014/COCO_val2014_000000248252.jpg
2802,What derogatory word does one of these signs bring to mind?,these signs,./val2014/COCO_val2014_000000461275.jpg
2803,Where is the type of bird shown in this photo typically found?,type of bird,./val2014/COCO_val2014_000000512276.jpg
2804,Which material is used for making the shoes weared by the person in the photo?,shoes,./val2014/COCO_val2014_000000230964.jpg
2805,Who repairs these objects?,these objects,./val2014/COCO_val2014_000000301453.jpg
2806,A person wearing this outfit has most likely escaped from where?,this outfit,./val2014/COCO_val2014_000000441216.jpg
2807,Which objects of clothing shown were most commonly worn in the 90s?,objects of clothing,./val2014/COCO_val2014_000000405183.jpg
2808,Is that shaped more like a dragon fly or garfield?,that,./val2014/COCO_val2014_000000075327.jpg
2809,What in this picture is most out of place?,this picture,./val2014/COCO_val2014_000000357354.jpg
2810,Is this a domestic or wild cat?,this cat,./val2014/COCO_val2014_000000048419.jpg
2811,What movie is the small robot in the background from?,small robot,./val2014/COCO_val2014_000000297074.jpg
2812,Is this a rural or urban enviroment?,this,./val2014/COCO_val2014_000000142940.jpg
2813,What gadgets are the people in the photo using?,gadgets,./val2014/COCO_val2014_000000484151.jpg
2814,What are the objects in this woman's hand used for?,objects in this woman's hand,./val2014/COCO_val2014_000000203416.jpg
2815,What does this business sell?,this business,./val2014/COCO_val2014_000000112093.jpg
2816,Who is a famous for this sport?,this sport,./val2014/COCO_val2014_000000441218.jpg
2817,What material is the tent made of?,the tent,./val2014/COCO_val2014_000000309371.jpg
2818,What is this bowl used for?,this bowl,./val2014/COCO_val2014_000000185935.jpg
2819,What type of cattle are these?,these cattle,./val2014/COCO_val2014_000000223005.jpg
2820,What is this building made of?,this building,./val2014/COCO_val2014_000000440895.jpg
2821,What is the sporting equipment called that the man has in his hand?,sporting equipment,./val2014/COCO_val2014_000000034015.jpg
2822,Can you guess the place where these people are playing?,these people,./val2014/COCO_val2014_000000349203.jpg
2823,What texture are the objects in the room?,objects in the room,./val2014/COCO_val2014_000000567693.jpg
2824,Why is he using knee pads?,knee pads,./val2014/COCO_val2014_000000031093.jpg
2825,What is the wallpaper in this picture showing?,this picture,./val2014/COCO_val2014_000000104572.jpg
2826,What did this guy just hit?,this guy,./val2014/COCO_val2014_000000108748.jpg
2827,Where would you see this type of sign?,this type of sign,./val2014/COCO_val2014_000000555772.jpg
2828,What force causes the kite to fly and the waves?,kite,./val2014/COCO_val2014_000000446902.jpg
2829,What kind of object is this?,this,./val2014/COCO_val2014_000000401037.jpg
2830,What is the name of the shape of a stop sign?,shape of a stop sign,./val2014/COCO_val2014_000000495014.jpg
2831,What is a well known manufacturer of this vehicle?,this vehicle,./val2014/COCO_val2014_000000371365.jpg
2832,What hemishere does this animal live in?,this animal,./val2014/COCO_val2014_000000504921.jpg
2833,When was this type of vehicle invented?,this type of vehicle,./val2014/COCO_val2014_000000143217.jpg
2834,What is up with these birds?,these birds,./val2014/COCO_val2014_000000060823.jpg
2835,What brand is this flip phone?,this flip phone,./val2014/COCO_val2014_000000047008.jpg
2836,Who invented the transportation device in this picture?,transportation device,./val2014/COCO_val2014_000000160394.jpg
2837,Who is the bike rider's employer?,bike rider's employer,./val2014/COCO_val2014_000000309492.jpg
2838,Is this a male or female of the species?,this,./val2014/COCO_val2014_000000464251.jpg
2839,What other utensils are needed to consume the cake?,the cake,./val2014/COCO_val2014_000000495438.jpg
2840,What is this style of decorating called?,this style,./val2014/COCO_val2014_000000578500.jpg
2841,What food group does this main dish fall into?,this main dish,./val2014/COCO_val2014_000000091883.jpg
2842,What is the most distinct feature of this animal?,this animal,./val2014/COCO_val2014_000000089121.jpg
2843,What rising agent is used to make the dough in these italian dishes?,these italian dishes,./val2014/COCO_val2014_000000408906.jpg
2844,How old must you be to play this sport?,this sport,./val2014/COCO_val2014_000000481891.jpg
2845,If his head covering consisted of only a brim that would be called a what?,head covering,./val2014/COCO_val2014_000000520478.jpg
2846,What year was this car made?,this car,./val2014/COCO_val2014_000000113333.jpg
2847,What is this main dish?,this main dish,./val2014/COCO_val2014_000000009914.jpg
2848,Why is this crowd assembled?,this crowd,./val2014/COCO_val2014_000000163057.jpg
2849,Which threatened insect is famously the same color as this train?,this train,./val2014/COCO_val2014_000000345456.jpg
2850,What appliance is in the background of this picture?,this picture,./val2014/COCO_val2014_000000490286.jpg
2851,What flavor is this donut?,this donut,./val2014/COCO_val2014_000000193041.jpg
2852,What time period might this be from?,this,./val2014/COCO_val2014_000000449990.jpg
2853,What kind of plant is this?,this plant,./val2014/COCO_val2014_000000309935.jpg
2854,What is the pattern on the fabric called?,pattern on the fabric,./val2014/COCO_val2014_000000454154.jpg
2855,How many numbers are on this item?,this item,./val2014/COCO_val2014_000000085750.jpg
2856,What is the red building called?,red building,./val2014/COCO_val2014_000000458223.jpg
2857,What could be used to season this meal?,this meal,./val2014/COCO_val2014_000000148067.jpg
2858,What breed of dog is in the foreground?,dog is in the foreground,./val2014/COCO_val2014_000000149568.jpg
2859,What kind of climate do those trees flourish in?,those trees,./val2014/COCO_val2014_000000154607.jpg
2860,What did this runner do?,this runner,./val2014/COCO_val2014_000000043305.jpg
2861,What will the truck do?,truck,./val2014/COCO_val2014_000000373341.jpg
2862,How does one operate this particular mode of transportation?,this particular mode,./val2014/COCO_val2014_000000346596.jpg
2863,What type of cheese is on these vegetables?,these vegetables,./val2014/COCO_val2014_000000052746.jpg
2864,Would this plane fly international or domestic routes?,this plane,./val2014/COCO_val2014_000000556597.jpg
2865,What is this move called?,this move,./val2014/COCO_val2014_000000022479.jpg
2866,What are the group of people gathered to do?,group of people,./val2014/COCO_val2014_000000387916.jpg
2867,What time period is the action pictured here based off of?,action pictured here,./val2014/COCO_val2014_000000092847.jpg
2868,Who is the richest athlete of this sport?,this sport,./val2014/COCO_val2014_000000375021.jpg
2869,This photo was taken in which type of facility?,this photo,./val2014/COCO_val2014_000000449661.jpg
2870,What part of the train is fully pictured here?,train,./val2014/COCO_val2014_000000505638.jpg
2871,What purpose does the oar serve for this man?,this man,./val2014/COCO_val2014_000000437494.jpg
2872,What kind of bird is this?,bird is this,./val2014/COCO_val2014_000000566729.jpg
2873,What type of phone is the woman looking at?,phone,./val2014/COCO_val2014_000000134518.jpg
2874,Which yung lean music video features this type of vehicle or a vehicle similar to it?,this type of vehicle,./val2014/COCO_val2014_000000052624.jpg
2875,What can i use these for?,these,./val2014/COCO_val2014_000000200252.jpg
2876,Why does it blow white smoke?,it,./val2014/COCO_val2014_000000406377.jpg
2877,What food does this animal eat?,this animal,./val2014/COCO_val2014_000000163728.jpg
2878,How do you install this kind of flooring?,this kind of flooring,./val2014/COCO_val2014_000000425371.jpg
2879,What kind of birds are those?,birds,./val2014/COCO_val2014_000000000143.jpg
2880,How do i make the kind of cake in this photo?,this cake,./val2014/COCO_val2014_000000487897.jpg
2881,What item shown might be used for pest control?,item shown,./val2014/COCO_val2014_000000147042.jpg
2882,What is the man wearing round his neck?,man wearing round,./val2014/COCO_val2014_000000009105.jpg
2883,Where did this sport originate?,this sport,./val2014/COCO_val2014_000000264771.jpg
2884,What connects these to the internet?,these,./val2014/COCO_val2014_000000015074.jpg
2885,What sport could he be pretending to play?,he,./val2014/COCO_val2014_000000280766.jpg
2886,What else can go with an umbrella?,an umbrella,./val2014/COCO_val2014_000000449412.jpg
2887,How many pounds is this suitcase rated for?,this suitcase,./val2014/COCO_val2014_000000358024.jpg
2888,What time of year is it?,time of year,./val2014/COCO_val2014_000000400907.jpg
2889,What kind of fruit is the orange shape?,orange shape,./val2014/COCO_val2014_000000218608.jpg
2890,What is the man in that ad riding?,that ad,./val2014/COCO_val2014_000000477671.jpg
2891,What restaurant serves this?,this,./val2014/COCO_val2014_000000355424.jpg
2892,What is in the sky?,the sky,./val2014/COCO_val2014_000000232223.jpg
2893,What fruit is used to make the beverage in the jugs?,beverage in the jugs,./val2014/COCO_val2014_000000229132.jpg
2894,Is that a flag or a big paper airplane?,that,./val2014/COCO_val2014_000000512451.jpg
2895,How old is the baby?,the baby,./val2014/COCO_val2014_000000178025.jpg
2896,What mode of transport does this dog enjoy?,this dog,./val2014/COCO_val2014_000000472375.jpg
2897,How long do these animals live?,these animals,./val2014/COCO_val2014_000000474384.jpg
2898,How many sides do these signs normally have?,these signs,./val2014/COCO_val2014_000000237318.jpg
2899,At what age do these animals stop depending on their mothers for survival?,these animals,./val2014/COCO_val2014_000000200217.jpg
2900,How do i cook this?,this,./val2014/COCO_val2014_000000551908.jpg
2901,What animated martial arts movie stars a bear just like this one in this image?,bear just like,./val2014/COCO_val2014_000000388766.jpg
2902,Name a piece of fruit that is the same color as the bowl in the bottom right corner?,bowl in the corner,./val2014/COCO_val2014_000000255248.jpg
2903,What type of animals make material to make clothing?,animals,./val2014/COCO_val2014_000000425608.jpg
2904,What would you estimate her age to be?,her age,./val2014/COCO_val2014_000000046048.jpg
2905,Which is a form of transportation?,a form,./val2014/COCO_val2014_000000101762.jpg
2906,What kind of bait is used to catch this species?,this species,./val2014/COCO_val2014_000000556131.jpg
2907,What is the airline in the image?,the airline,./val2014/COCO_val2014_000000478320.jpg
2908,What does this animal eat?,this animal,./val2014/COCO_val2014_000000349130.jpg
2909,What kind of day is it?,day,./val2014/COCO_val2014_000000282366.jpg
2910,Is this a scene from a korean chinese or japanese movie premiere?,this a scene,./val2014/COCO_val2014_000000301910.jpg
2911,What is this room mostly used for?,this room,./val2014/COCO_val2014_000000025860.jpg
2912,What is the man speaking into?,the man speaking,./val2014/COCO_val2014_000000196742.jpg
2913,What is the complimentary color to the their socks?,their socks,./val2014/COCO_val2014_000000360792.jpg
2914,What kind of suitcase is this?,this suitcase,./val2014/COCO_val2014_000000215755.jpg
2915,What's the person doing on their pc?,person on their pc,./val2014/COCO_val2014_000000024880.jpg
2916,What are the men in this picture called?,men in this picture,./val2014/COCO_val2014_000000528458.jpg
2917,What continent is the person on?,the person,./val2014/COCO_val2014_000000189368.jpg
2918,What is the average lifespan of this animal?,this animal,./val2014/COCO_val2014_000000061943.jpg
2919,What is the most important tennis tournament played on this surface?,this surface,./val2014/COCO_val2014_000000186060.jpg
2920,Who makes that black truck?,that black truck,./val2014/COCO_val2014_000000345027.jpg
2921,How large are the gas tanks in these vehicles?,these vehicles,./val2014/COCO_val2014_000000101656.jpg
2922,What do these animals eat?,these animals,./val2014/COCO_val2014_000000229753.jpg
2923,What type of horse are these horses?,these horses,./val2014/COCO_val2014_000000063328.jpg
2924,Name the place where these cattle is shown in this picture?,these cattle,./val2014/COCO_val2014_000000451102.jpg
2925,How is the device to the right powered?,device to the right,./val2014/COCO_val2014_000000097696.jpg
2926,What type of flowers are in the field of this photo?,flowers,./val2014/COCO_val2014_000000150834.jpg
2927,What is holding this dog here?,this dog,./val2014/COCO_val2014_000000129187.jpg
2928,The squares of cloth under the plates are called what?,squares of cloth,./val2014/COCO_val2014_000000355430.jpg
2929,What type of horse is pulling the trolley?,horse,./val2014/COCO_val2014_000000318671.jpg
2930,Can you guess to which part of body this dish is good?,this dish,./val2014/COCO_val2014_000000007207.jpg
2931,Who drew the cartoon painting on the wall?,cartoon painting,./val2014/COCO_val2014_000000002521.jpg
2932,What city is shown?,city,./val2014/COCO_val2014_000000159320.jpg
2933,What is this person doing on the computer?,this person,./val2014/COCO_val2014_000000104624.jpg
2934,The chef is holding a pizza in the photo so what type of restaurant does this suggest he may be cooking at?,this restaurant,./val2014/COCO_val2014_000000561311.jpg
2935,What is the floor made of?,the floor,./val2014/COCO_val2014_000000003466.jpg
2936,Who made these types of areas the kids are playing in?,these types,./val2014/COCO_val2014_000000047181.jpg
2937,Name the place where these cattle is shown in this picture?,these cattle,./val2014/COCO_val2014_000000235857.jpg
2938,What type of work is being done on this road?,this road,./val2014/COCO_val2014_000000516998.jpg
2939,From what plant is the beverage shown likely derived?,beverage shown,./val2014/COCO_val2014_000000141163.jpg
2940,What type of dog is this?,dog is this,./val2014/COCO_val2014_000000043433.jpg
2941,Where would you buy this food?,this food,./val2014/COCO_val2014_000000202865.jpg
2942,When were these weather protection devices invented?,these weather protection devices,./val2014/COCO_val2014_000000380993.jpg
2943,What day is being celebrated?,being celebrated,./val2014/COCO_val2014_000000425136.jpg
2944,What place does this vehicle stop?,this vehicle,./val2014/COCO_val2014_000000002640.jpg
2945,What type of business is this?,this business,./val2014/COCO_val2014_000000563258.jpg
2946,How healthy is this dish?,this dish,./val2014/COCO_val2014_000000409217.jpg
2947,What historical ship does this look like?,this,./val2014/COCO_val2014_000000223545.jpg
2948,Who invented the object to the right of this photograph?,object to the right,./val2014/COCO_val2014_000000198139.jpg
2949,If the batter successfully hits the ball should they run to the left or to the right?,the batter,./val2014/COCO_val2014_000000181409.jpg
2950,What noise does this animal make?,this animal,./val2014/COCO_val2014_000000275219.jpg
2951,What kind of car is this?,this car,./val2014/COCO_val2014_000000471097.jpg
2952,What type of clouds are in the picture?,clouds in the picture,./val2014/COCO_val2014_000000504690.jpg
2953,Where can't you park?,you park,./val2014/COCO_val2014_000000345535.jpg
2954,What company or organization does the logo on this racket represent?,logo on this racket,./val2014/COCO_val2014_000000525762.jpg
2955,What kind of lights are in this refrigerator?,this refrigerator,./val2014/COCO_val2014_000000575834.jpg
2956,What drink is in the glass?,the glass,./val2014/COCO_val2014_000000561523.jpg
2957,What type of shoes are on the persons feet?,shoes,./val2014/COCO_val2014_000000065433.jpg
2958,How long will those flowers live in that vase?,those flowers,./val2014/COCO_val2014_000000272713.jpg
2959,How can you tell if this animal is alive or not?,this animal,./val2014/COCO_val2014_000000073595.jpg
2960,Which of these fruits contains the highest concentration of water?,these fruits,./val2014/COCO_val2014_000000321062.jpg
2961,Named after theodore roosevelt?,theodore roosevelt,./val2014/COCO_val2014_000000116861.jpg
2962,What used to be used to capture images that has now been replaced by a function on cell phones?,capture images,./val2014/COCO_val2014_000000244925.jpg
2963,What is the complimentary color to the foliage?,the foliage,./val2014/COCO_val2014_000000316464.jpg
2964,What breed it this cat?,this cat,./val2014/COCO_val2014_000000027075.jpg
2965,What is the canopy used for?,canopy,./val2014/COCO_val2014_000000400851.jpg
2966,How do we know one of these vehicles is driven by a professional driver that takes people where they want to go?,these vehicles,./val2014/COCO_val2014_000000441736.jpg
2967,What do you call the person who flies the plane?,person who flies,./val2014/COCO_val2014_000000393858.jpg
2968,What is the complimentary color to the frisbee?,frisbee,./val2014/COCO_val2014_000000501762.jpg
2969,What is scary about this photo?,this photo,./val2014/COCO_val2014_000000274708.jpg
2970,What country uses toilet like this?,toilet like this,./val2014/COCO_val2014_000000044604.jpg
2971,Who is wearing eye protection in this picture?,eye protection,./val2014/COCO_val2014_000000234230.jpg
2972,What do you call a baby version of his animal?,his animal,./val2014/COCO_val2014_000000367881.jpg
2973,What could you make with these?,these,./val2014/COCO_val2014_000000098729.jpg
2974,Who should really use this?,this,./val2014/COCO_val2014_000000502852.jpg
2975,What kind of birds are these?,these birds,./val2014/COCO_val2014_000000507766.jpg
2976,What are these cakes called?,these cakes,./val2014/COCO_val2014_000000236542.jpg
2977,Guess which object is organic?,object,./val2014/COCO_val2014_000000253825.jpg
2978,What was the name of the tennis event played at this location at this time?,this location,./val2014/COCO_val2014_000000367929.jpg
2979,What is this person doing?,this person,./val2014/COCO_val2014_000000331844.jpg
2980,What sport does this child play?,this child,./val2014/COCO_val2014_000000009317.jpg
2981,What holiday is being celebrated?,being celebrated,./val2014/COCO_val2014_000000261185.jpg
2982,What happens in this room?,this room,./val2014/COCO_val2014_000000428231.jpg
2983,What location do these vehicles stop?,these vehicles,./val2014/COCO_val2014_000000219260.jpg
2984,Why is the man holding the umbrella?,the umbrella,./val2014/COCO_val2014_000000156889.jpg
2985,What is a collective word representing the quantity of baked goods shown?,baked goods shown,./val2014/COCO_val2014_000000364665.jpg
2986,What position does the man with the bat play?,man with the bat,./val2014/COCO_val2014_000000133969.jpg
2987,What brand vehicle is the blue white one?,blue white one,./val2014/COCO_val2014_000000096351.jpg
2988,Who is the world's top female player of this sport?,this sport,./val2014/COCO_val2014_000000331727.jpg
2989,What are the street lights communicating?,street lights,./val2014/COCO_val2014_000000368595.jpg
2990,What am i doing to my hair?,my hair,./val2014/COCO_val2014_000000005670.jpg
2991,What's needed to make this object move?,this object,./val2014/COCO_val2014_000000208867.jpg
2992,What campus is this?,this campus,./val2014/COCO_val2014_000000416088.jpg
2993,What is this trick called?,this trick,./val2014/COCO_val2014_000000053668.jpg
2994,What do these birds eat?,these birds,./val2014/COCO_val2014_000000578703.jpg
2995,What type of game is this?,game is this,./val2014/COCO_val2014_000000050975.jpg
2996,What is the very bright light called above the girls head in this photo?,bright light,./val2014/COCO_val2014_000000010825.jpg
2997,What brand of shows are being worn?,shows being worn,./val2014/COCO_val2014_000000512776.jpg
2998,Are these elephants from india africa or southeast asia?,these elephants,./val2014/COCO_val2014_000000054718.jpg
2999,What are the potential dangers to riding the waves like in this photo?,waves like in this photo,./val2014/COCO_val2014_000000295114.jpg
3000,What country is this airplane from?,this airplane,./val2014/COCO_val2014_000000451202.jpg
3001,What type of parade is this?,this parade,./val2014/COCO_val2014_000000231945.jpg
3002,What keeps things cold?,things,./val2014/COCO_val2014_000000248111.jpg
3003,Can you name the place where these sport is played?,these sport,./val2014/COCO_val2014_000000421139.jpg
3004,Who is top player in this sport?,this sport,./val2014/COCO_val2014_000000458487.jpg
3005,What kind of tree is in the picture?,tree in the picture,./val2014/COCO_val2014_000000320336.jpg
3006,What is this cat laying in?,this cat,./val2014/COCO_val2014_000000125850.jpg
3007,What is this silver appliance?,this silver appliance,./val2014/COCO_val2014_000000306212.jpg
3008,What's the side dish to the hot dog?,side dish,./val2014/COCO_val2014_000000270001.jpg
3009,What is the fruit in?,fruit,./val2014/COCO_val2014_000000113113.jpg
3010,Name the bike model shown in this picture?,bike model,./val2014/COCO_val2014_000000525021.jpg
3011,What type of sandwich is this?,sandwich is this,./val2014/COCO_val2014_000000118367.jpg
3012,What room in the house is this typicaly located?,this,./val2014/COCO_val2014_000000083768.jpg
3013,What is the object with the round top used for?,object with the round top,./val2014/COCO_val2014_000000008583.jpg
3014,What is this style of architecture?,this style of architecture,./val2014/COCO_val2014_000000391584.jpg
3015,What is the ground made of?,the ground,./val2014/COCO_val2014_000000476190.jpg
3016,The signs hanging between the buildings in the photo have what language on them?,signs hanging between the buildings,./val2014/COCO_val2014_000000049091.jpg
3017,Who usually plays with these?,these,./val2014/COCO_val2014_000000125167.jpg
3018,Who is playing?,playing,./val2014/COCO_val2014_000000467791.jpg
3019,What breed is this dog?,this dog,./val2014/COCO_val2014_000000035672.jpg
3020,Is the lady in the middle of the older couple happy or scared?,lady in the middle,./val2014/COCO_val2014_000000236370.jpg
3021,What is the spanish word for a person in this age group?,this age group,./val2014/COCO_val2014_000000313811.jpg
3022,What sort of angels might these men be?,these men,./val2014/COCO_val2014_000000165681.jpg
3023,Is it day or night?,day or night,./val2014/COCO_val2014_000000142574.jpg
3024,What has happened to this food?,this food,./val2014/COCO_val2014_000000416787.jpg
3025,What skateboard move is this?,this,./val2014/COCO_val2014_000000052314.jpg
3026,What are the tires made of?,the tires,./val2014/COCO_val2014_000000257236.jpg
3027,What wild animal did this animal evolve from?,this animal,./val2014/COCO_val2014_000000236904.jpg
3028,What other types of pizza could i have?,pizza,./val2014/COCO_val2014_000000226821.jpg
3029,Why is this lady using an umbrella if it's sunny?,this lady,./val2014/COCO_val2014_000000182805.jpg
3030,What kind of cheese is on this pizza?,this pizza,./val2014/COCO_val2014_000000167044.jpg
3031,What year was this photo taken?,this photo,./val2014/COCO_val2014_000000096539.jpg
3032,What might this be commenorating?,this,./val2014/COCO_val2014_000000190463.jpg
3033,What are some benefits of using this type of transportation?,this type of transportation,./val2014/COCO_val2014_000000331667.jpg
3034,What habitat does this animal thrive in?,this animal,./val2014/COCO_val2014_000000551861.jpg
3035,Is this illegal or legal?,this,./val2014/COCO_val2014_000000026730.jpg
3036,What product is this advertising?,this advertising,./val2014/COCO_val2014_000000523360.jpg
3037,What is the shadow on the ground from?,shadow on the ground,./val2014/COCO_val2014_000000017627.jpg
3038,Are these african or asian elephants?,these,./val2014/COCO_val2014_000000570594.jpg
3039,Where was this made?,this,./val2014/COCO_val2014_000000032039.jpg
3040,What german city is this in?,this,./val2014/COCO_val2014_000000276731.jpg
3041,What sound is made every hour?,sound,./val2014/COCO_val2014_000000145093.jpg
3042,How fast does this birds heart beat?,this birds heart,./val2014/COCO_val2014_000000478769.jpg
3043,What is this vehicle used for?,this vehicle,./val2014/COCO_val2014_000000349794.jpg
3044,What language is spoken here?,here,./val2014/COCO_val2014_000000371879.jpg
3045,How is this fruit grown?,this fruit,./val2014/COCO_val2014_000000047807.jpg
3046,What company makes the drink?,the drink,./val2014/COCO_val2014_000000031796.jpg
3047,What time of day is it?,it,./val2014/COCO_val2014_000000129065.jpg
3048,Which bike model is this?,this bike model,./val2014/COCO_val2014_000000537206.jpg
3049,Who infamously attempted to blow this building up?,this building,./val2014/COCO_val2014_000000125572.jpg
3050,Is this legal or illegal?,this,./val2014/COCO_val2014_000000508972.jpg
3051,What is this person's profession?,this person's profession,./val2014/COCO_val2014_000000260994.jpg
3052,What breed of cow is this?,cow is this,./val2014/COCO_val2014_000000466635.jpg
3053,What emotion is this man expressing?,this man,./val2014/COCO_val2014_000000293537.jpg
3054,Where might you find this?,this,./val2014/COCO_val2014_000000385641.jpg
3055,What are these streets paved with?,these streets,./val2014/COCO_val2014_000000265063.jpg
3056,What kind of license do you need to drive this?,this,./val2014/COCO_val2014_000000232453.jpg
3057,What kind of bakery is this?,bakery is this,./val2014/COCO_val2014_000000142472.jpg
3058,Where in the world are these buildings?,these buildings,./val2014/COCO_val2014_000000016241.jpg
3059,What type of boat is in this image?,in this image,./val2014/COCO_val2014_000000573759.jpg
3060,Where can i go to see trams like this?,trams like this,./val2014/COCO_val2014_000000450182.jpg
3061,What does the red sign with the large m denote?,red sign,./val2014/COCO_val2014_000000134870.jpg
3062,What model of vehicle is that?,vehicle is that,./val2014/COCO_val2014_000000398884.jpg
3063,What is the scientific name of the animal sleeping here?,animal sleeping,./val2014/COCO_val2014_000000325331.jpg
3064,What kind of sandwich is this cat eating?,this cat,./val2014/COCO_val2014_000000254838.jpg
3065,What kind of bear?,bear,./val2014/COCO_val2014_000000034321.jpg
3066,What type of flower is this?,flower is this,./val2014/COCO_val2014_000000125371.jpg
3067,How many people fit in this type of vehicle?,this type of vehicle,./val2014/COCO_val2014_000000116279.jpg
3068,What is the counter made of?,the counter,./val2014/COCO_val2014_000000231732.jpg
3069,What does this object do?,this object,./val2014/COCO_val2014_000000120164.jpg
3070,What type of bird is this?,bird is this,./val2014/COCO_val2014_000000098674.jpg
3071,What is the event associated with this type of bike?,this type of bike,./val2014/COCO_val2014_000000250939.jpg
3072,What is the name of this move?,this move,./val2014/COCO_val2014_000000398188.jpg
3073,How is the fish in this dish prepared?,this dish,./val2014/COCO_val2014_000000391067.jpg
3074,In this game how many strikes until you are out?,this game,./val2014/COCO_val2014_000000376342.jpg
3075,Are these copies and fakes or are they real?,these copies and fakes,./val2014/COCO_val2014_000000169584.jpg
3076,Why is this here?,this,./val2014/COCO_val2014_000000361751.jpg
3077,What is pictured in the tallest part of the building?,tallest part,./val2014/COCO_val2014_000000160580.jpg
3078,Name the dish that can be prepared using this ingredients?,this ingredients,./val2014/COCO_val2014_000000232627.jpg
3079,What helps the candles to glow?,candles,./val2014/COCO_val2014_000000290477.jpg
3080,Is this an ambulance or firetruck?,this,./val2014/COCO_val2014_000000350003.jpg
3081,What is the blue eagle on the buffet made out of?,blue eagle,./val2014/COCO_val2014_000000295491.jpg
3082,Gargoyles can often be found on these structures?,these structures,./val2014/COCO_val2014_000000131504.jpg
3083,What can you do in this room?,this room,./val2014/COCO_val2014_000000389753.jpg
3084,What kind of carrying equipment is on the floor at the foot of the bed?,carrying equipment,./val2014/COCO_val2014_000000303534.jpg
3085,This technique of red against a sea of black and white was famously used in what movie about the holocaust?,This technique of red against a sea of black and white,./val2014/COCO_val2014_000000148508.jpg
3086,Name the type of architecture?,type of architecture,./val2014/COCO_val2014_000000323888.jpg
3087,Is the fruit in this picture sweet or sour?,fruit in this picture,./val2014/COCO_val2014_000000270303.jpg
3088,What kind of house is next to the stop sign?,next to the stop sign,./val2014/COCO_val2014_000000117368.jpg
3089,What ingredients are used in this food?,this food,./val2014/COCO_val2014_000000007867.jpg
3090,Where are these birds going?,these birds,./val2014/COCO_val2014_000000058194.jpg
3091,What is the purpose of the meters?,the meters,./val2014/COCO_val2014_000000369470.jpg
3092,What kind of plane is flying?,plane is flying,./val2014/COCO_val2014_000000056736.jpg
3093,What appears to be showing on the television?,the television,./val2014/COCO_val2014_000000016025.jpg
3094,Imagine this photo was taken in germany which european holiday do you think they are celebrating with lots of presents?,this photo,./val2014/COCO_val2014_000000279138.jpg
3095,Where can the brand be purchased?,the brand,./val2014/COCO_val2014_000000095770.jpg
3096,What is this style of house called?,this style of house,./val2014/COCO_val2014_000000483266.jpg
3097,What vitamin do these fruit give?,these fruit,./val2014/COCO_val2014_000000198367.jpg
3098,What nationality is the child?,the child,./val2014/COCO_val2014_000000054796.jpg
3099,What type of land is this?,this land,./val2014/COCO_val2014_000000162634.jpg
3100,What is the name of the device used to click things on the computer?,device,./val2014/COCO_val2014_000000221605.jpg
3101,What are the boards made of?,boards,./val2014/COCO_val2014_000000475184.jpg
3102,What room of the house is this?,this,./val2014/COCO_val2014_000000471816.jpg
3103,What airline is sponsored on this plane?,this plane,./val2014/COCO_val2014_000000267521.jpg
3104,What year did this plane come out in?,this plane,./val2014/COCO_val2014_000000322791.jpg
3105,In the united states of america which publich transportation are usually the color shown on that ca?,that ca,./val2014/COCO_val2014_000000511341.jpg
3106,What is the source of power for these boats?,these boats,./val2014/COCO_val2014_000000175469.jpg
3107,What brand makes this hat?,this hat,./val2014/COCO_val2014_000000514826.jpg
3108,What bakery is this?,this,./val2014/COCO_val2014_000000370677.jpg
3109,What part of the meal is a dish like this traditionally served at?,dish like this,./val2014/COCO_val2014_000000250790.jpg
3110,What kind of trees are these?,these,./val2014/COCO_val2014_000000224368.jpg
3111,Where was this bedspread bought?,this bedspread,./val2014/COCO_val2014_000000226592.jpg
3112,Does this look like the owner of the suitcase is packing or unpacking?,owner of the suitcase,./val2014/COCO_val2014_000000572734.jpg
3113,What are these four white items usually used for?,these four white items,./val2014/COCO_val2014_000000429530.jpg
3114,What kind of plant is this?,this plant,./val2014/COCO_val2014_000000217005.jpg
3115,What type of animal is likely to be hunted in the environment shown?,environment shown,./val2014/COCO_val2014_000000556369.jpg
3116,What kind of terrain are these horses in?,these horses,./val2014/COCO_val2014_000000068490.jpg
3117,What animal does the meat in this picture come from?,meat in this picture,./val2014/COCO_val2014_000000457461.jpg
3118,What kind of restaurant are these people eating at?,these people,./val2014/COCO_val2014_000000461467.jpg
3119,Why the reaction what is the child thinking?,reaction,./val2014/COCO_val2014_000000373034.jpg
3120,What place is this?,this,./val2014/COCO_val2014_000000032102.jpg
3121,What is the red item called?,red item,./val2014/COCO_val2014_000000533958.jpg
3122,What company is this train?,this train,./val2014/COCO_val2014_000000473783.jpg
3123,What is the length of each of the outer sides of this sign?,this sign,./val2014/COCO_val2014_000000252332.jpg
3124,Why is this place so dark?,this place,./val2014/COCO_val2014_000000197774.jpg
3125,The baby form of this animal is known as what?,this animal,./val2014/COCO_val2014_000000554291.jpg
3126,What kind of meat is presented here?,meat,./val2014/COCO_val2014_000000224012.jpg
3127,What is the name for a collective of these animals?,these animals,./val2014/COCO_val2014_000000147498.jpg
3128,What does the giant g stand for on this laptop?,this laptop,./val2014/COCO_val2014_000000023446.jpg
3129,What do these use to warn drivers they're coming?,these,./val2014/COCO_val2014_000000365386.jpg
3130,The stuffed animal in the photo is called what kind of bear?,stuffed animal,./val2014/COCO_val2014_000000174070.jpg
3131,What time of year is this photo taken?,this photo,./val2014/COCO_val2014_000000075611.jpg
3132,What is the purpose of the metal scaffolding on the side of this building?,metal scaffolding,./val2014/COCO_val2014_000000405945.jpg
3133,What food does the animal eat?,the animal,./val2014/COCO_val2014_000000446990.jpg
3134,Are the kids in danger or safe?,kids,./val2014/COCO_val2014_000000429042.jpg
3135,What is keeping the sun from shining in on the room?,sun from shining,./val2014/COCO_val2014_000000015180.jpg
3136,What is the name of the most famous of these animals?,these animals,./val2014/COCO_val2014_000000379584.jpg
3137,What kind of smartphone is this?,smartphone is this,./val2014/COCO_val2014_000000505014.jpg
3138,What kind of dog is this?,dog is this,./val2014/COCO_val2014_000000339470.jpg
3139,Can you guess the model of bicycle shown in this picture?,bicycle,./val2014/COCO_val2014_000000502963.jpg
3140,What is the ground made of that the giraffe's are standing on?,giraffe's are standing,./val2014/COCO_val2014_000000525600.jpg
3141,Where can you do this kind of activity?,this kind of activity,./val2014/COCO_val2014_000000368671.jpg
3142,What outdoor sport does this exemplify?,this,./val2014/COCO_val2014_000000166979.jpg
3143,Which of the items in this tray contain protein?,in this tray,./val2014/COCO_val2014_000000453565.jpg
3144,Who makes that bike?,that bike,./val2014/COCO_val2014_000000139637.jpg
3145,What animal sees in these colors?,these colors,./val2014/COCO_val2014_000000093553.jpg
3146,What fish do north american bears like to catch as they swim upstream?,fish,./val2014/COCO_val2014_000000145439.jpg
3147,What type of airplane is this?,airplane is this,./val2014/COCO_val2014_000000513615.jpg
3148,What flowers are these?,these,./val2014/COCO_val2014_000000202928.jpg
3149,Who invented the game system they are playing?,game system,./val2014/COCO_val2014_000000108645.jpg
3150,What meat comes from this animal?,this animal,./val2014/COCO_val2014_000000581422.jpg
3151,What food does the animal eat?,the animal,./val2014/COCO_val2014_000000147712.jpg
3152,What animal do these flying kites look like?,these flying kites,./val2014/COCO_val2014_000000386012.jpg
3153,What country is famous for this dish?,this dish,./val2014/COCO_val2014_000000548550.jpg
3154,What kind of tree is he pulling?,tree,./val2014/COCO_val2014_000000087070.jpg
3155,What other surfaces might this sport be played on?,this sport,./val2014/COCO_val2014_000000004175.jpg
3156,During what season is this location likely to be frequented?,this location,./val2014/COCO_val2014_000000009707.jpg
3157,What drink is in these glasses?,these glasses,./val2014/COCO_val2014_000000531047.jpg
3158,What kind of building is this?,building is this,./val2014/COCO_val2014_000000244215.jpg
3159,A top like these seen here with a collar which buttons down the front is usually referred to as a what?,these,./val2014/COCO_val2014_000000409346.jpg
3160,Name the mode of transport?,mode of transport,./val2014/COCO_val2014_000000245426.jpg
3161,Happy day or sad day?,sad,./val2014/COCO_val2014_000000086147.jpg
3162,What kind of store is this?,store is this,./val2014/COCO_val2014_000000342377.jpg
3163,What animals are the carts attached to?,carts attached,./val2014/COCO_val2014_000000106453.jpg
3164,What prevents these animals from climbing well?,these animals,./val2014/COCO_val2014_000000334614.jpg
3165,What is the hairstyle called that the woman in the foreground has?,womman in the foreground,./val2014/COCO_val2014_000000152886.jpg
3166,What time of year is it?,it,./val2014/COCO_val2014_000000266451.jpg
3167,What kind of dog is this?,dog is this,./val2014/COCO_val2014_000000487741.jpg
3168,What type of flowers are in this bouqet?,this bouqet,./val2014/COCO_val2014_000000442419.jpg
3169,What is this boy on?,this boy,./val2014/COCO_val2014_000000187990.jpg
3170,What popular company makes the computer in the forefront of the image?,computer in the forefront,./val2014/COCO_val2014_000000451324.jpg
3171,What style hat is the man on the right wearing?,hat,./val2014/COCO_val2014_000000398045.jpg
3172,What type of plane is present?,plane is present,./val2014/COCO_val2014_000000134328.jpg
3173,Which of these is more likely used to wash the face?,these,./val2014/COCO_val2014_000000560298.jpg
3174,Who won this years championship in this sport?,this sport,./val2014/COCO_val2014_000000143119.jpg
3175,What animals are known for going in and out of the cones on the ground?,cones on the ground,./val2014/COCO_val2014_000000070769.jpg
3176,What brand of tv is this?,tv is this,./val2014/COCO_val2014_000000444565.jpg
3177,Who wrote the novel that gave this store its name?,this store,./val2014/COCO_val2014_000000511594.jpg
3178,Which book was written first?,book,./val2014/COCO_val2014_000000535501.jpg
3179,What breed is this?,this,./val2014/COCO_val2014_000000011696.jpg
3180,What is on this sandwich?,this sandwich,./val2014/COCO_val2014_000000507065.jpg
3181,What kind of baseball play is this called?,this called,./val2014/COCO_val2014_000000162189.jpg
3182,How often should children do what is shown in this photo?,shown in this photo,./val2014/COCO_val2014_000000142564.jpg
3183,What type of board is this person waterskiing on?,board is this,./val2014/COCO_val2014_000000478522.jpg
3184,Where are the strands coming from?,the strands,./val2014/COCO_val2014_000000196483.jpg
3185,What does the company advertised on the umbrellas produce?,company advertised on the umbrellas,./val2014/COCO_val2014_000000142826.jpg
3186,In what part of the house stand the man?,house stand the man,./val2014/COCO_val2014_000000529447.jpg
3187,Is that plane taking off or landing?,that plane,./val2014/COCO_val2014_000000329573.jpg
3189,What kind of guitar is the man in the image playing?,man in the image,./val2014/COCO_val2014_000000411953.jpg
3190,What type of bus is this?,bus is this,./val2014/COCO_val2014_000000067178.jpg
3191,Why would we suspect that this is a lake and not an ocean?,this,./val2014/COCO_val2014_000000432798.jpg
3192,What food item do you think this ornament resembles?,this ornament,./val2014/COCO_val2014_000000174904.jpg
3193,What eye wear is he wearing?,eye wear,./val2014/COCO_val2014_000000196665.jpg
3194,What is the name of the armor piece on this man's wrist?,armor piece,./val2014/COCO_val2014_000000303260.jpg
3195,What kind of sandwich is this?,sandwich is this,./val2014/COCO_val2014_000000549112.jpg
3196,What is the name of the place the children are?,the place,./val2014/COCO_val2014_000000419386.jpg
3197,What season would you most likely complete this activity?,this activity,./val2014/COCO_val2014_000000121827.jpg
3198,What type of doughnut are these?,these,./val2014/COCO_val2014_000000292905.jpg
3199,Where is this building located?,this building,./val2014/COCO_val2014_000000475660.jpg
3200,What is the meter for?,the meter,./val2014/COCO_val2014_000000203488.jpg
3201,What is the lifespan of the animal pictured here?,animal pictured here,./val2014/COCO_val2014_000000568270.jpg
3202,What room does it look like the cat is in?,cat,./val2014/COCO_val2014_000000315467.jpg
3203,Name the place shown in this picture where the man is standing?,place shown in this picture,./val2014/COCO_val2014_000000128675.jpg
3204,What happened to this bus?,this bus,./val2014/COCO_val2014_000000390241.jpg
3205,What was that white furniture used for?,that white furniture,./val2014/COCO_val2014_000000401010.jpg
3206,What era does this vehicle come from?,this vehicle,./val2014/COCO_val2014_000000575544.jpg
3207,What would you use these for?,these,./val2014/COCO_val2014_000000143822.jpg
3208,What type of cloud formations are shown?,cloud formations,./val2014/COCO_val2014_000000084870.jpg
3209,What is the most common kind of cheese used in this dish?,this dish,./val2014/COCO_val2014_000000007787.jpg
3210,What are some reasons people spend time in this room?,this room,./val2014/COCO_val2014_000000270603.jpg
3211,Who is going to read these books?,these books,./val2014/COCO_val2014_000000278134.jpg
3212,What is the device in the child's hand used for?,device in the child's hand,./val2014/COCO_val2014_000000289941.jpg
3213,Does the scene make you feel cold or hot?,the scene,./val2014/COCO_val2014_000000302842.jpg
3214,Where would you take this?,this,./val2014/COCO_val2014_000000030448.jpg
3215,Why is this cat under the umbrella?,this cat,./val2014/COCO_val2014_000000127781.jpg
3216,What type of boats are those?,boats are those,./val2014/COCO_val2014_000000291672.jpg
3217,Thomas edison is given credit for this invention?,this invention,./val2014/COCO_val2014_000000528470.jpg
3218,What is the most common item transported in this type of vehicle?,this type of vehicle,./val2014/COCO_val2014_000000565186.jpg
3219,What vegetable is shown?,vegetable,./val2014/COCO_val2014_000000025986.jpg
3220,What type of dish uses this much cheese?,this much cheese,./val2014/COCO_val2014_000000171483.jpg
3221,What is the train passing under?,train passing,./val2014/COCO_val2014_000000461973.jpg
3222,What type of dog is this?,dog is this,./val2014/COCO_val2014_000000320020.jpg
3223,What type of license is required to drive the vehicle?,the vehicle,./val2014/COCO_val2014_000000489358.jpg
3224,How far back into time do these animals existance date?,these animals,./val2014/COCO_val2014_000000062353.jpg
3225,In what climate do you find these animals?,these animals,./val2014/COCO_val2014_000000507918.jpg
3226,What kind of bear is shown in the photo?,bear,./val2014/COCO_val2014_000000397291.jpg
3227,What seems to be the emotional state of the people here?,people here,./val2014/COCO_val2014_000000341409.jpg
3228,What electronic device is the person using at the moment?,electronic device,./val2014/COCO_val2014_000000160480.jpg
3229,What type of lighting is hanging from the ceiling of this bedroom?,lighting,./val2014/COCO_val2014_000000450364.jpg
3230,Does this animal lay eggs or give live birth?,this animal,./val2014/COCO_val2014_000000183114.jpg
3231,What city could this be?,this,./val2014/COCO_val2014_000000276720.jpg
3232,What southern based fruit is this sitting on?,this,./val2014/COCO_val2014_000000486026.jpg
3233,What terrorist group is linked to 9 11 attacks using this vehicle?,this vehicle,./val2014/COCO_val2014_000000002881.jpg
3234,What animals might be native to the environment out of the window?,environment out of the window,./val2014/COCO_val2014_000000290771.jpg
3235,What kind of oil is on the dish?,oil on the dish,./val2014/COCO_val2014_000000153632.jpg
3236,In what country is this type of transportation popular?,this type of transportation,./val2014/COCO_val2014_000000122302.jpg
3237,Which american city is known for having this transportation system?,this transportation system,./val2014/COCO_val2014_000000350966.jpg
3238,What green frout is being grown?,green frout,./val2014/COCO_val2014_000000114549.jpg
3239,What company made this bus?,this bus,./val2014/COCO_val2014_000000432378.jpg
3240,What does this item measure?,this item,./val2014/COCO_val2014_000000450655.jpg
3241,What animal eats the orange vegetables?,orange vegetables,./val2014/COCO_val2014_000000265743.jpg
3242,What is under the eggs?,the eggs,./val2014/COCO_val2014_000000260105.jpg
3243,What animal might feed of that ground covering?,that ground covering,./val2014/COCO_val2014_000000425578.jpg
3244,What platform does this train ride on?,this train,./val2014/COCO_val2014_000000241155.jpg
3245,What is the name for a low underhand tennis swing?,low underhand tennis swing,./val2014/COCO_val2014_000000019432.jpg
3246,What is this person about to do?,this person,./val2014/COCO_val2014_000000040515.jpg
3247,What occupation is the mans?,the mans,./val2014/COCO_val2014_000000580388.jpg
3248,What type of tower is this?,this tower,./val2014/COCO_val2014_000000078176.jpg
3249,What is the ingredient shown on top of this food item?,ingredient,./val2014/COCO_val2014_000000075296.jpg
3250,How long would it take to create the item of interest?,item of interest,./val2014/COCO_val2014_000000100203.jpg
3251,What country is that flag?,that flag,./val2014/COCO_val2014_000000303550.jpg
3252,What is the name of the trick being performed?,trick,./val2014/COCO_val2014_000000280184.jpg
3253,What activity happened or is about to happen?,activity,./val2014/COCO_val2014_000000213280.jpg
3254,What food is this?,this,./val2014/COCO_val2014_000000448492.jpg
3255,What valuable material is usually cut illegally from these mammals?,these mammals,./val2014/COCO_val2014_000000285599.jpg
3256,What happens if the ball is not pitched over the plate?,ball,./val2014/COCO_val2014_000000273190.jpg
3257,What animal is this?,animal is this,./val2014/COCO_val2014_000000356733.jpg
3258,In what countries would you prepare this kind of ethnic food?,this kind of ethnic food,./val2014/COCO_val2014_000000458510.jpg
3259,Where in the world is this picture taken?,this picture,./val2014/COCO_val2014_000000114744.jpg
3260,What food do these animals eat?,these animals,./val2014/COCO_val2014_000000524957.jpg
3261,Do you see meat or vegetables?,meat or vegetables,./val2014/COCO_val2014_000000320978.jpg
3262,What restaurant is this cup from?,this cup,./val2014/COCO_val2014_000000188053.jpg
3263,Can you guess the place name where the game is played in this picture?,game,./val2014/COCO_val2014_000000133596.jpg
3264,What type of shoes does the woman in the green shirt and white shorts have on?,shoes,./val2014/COCO_val2014_000000124614.jpg
3265,What type of hat is the man in the white coat wearing?,hat,./val2014/COCO_val2014_000000514508.jpg
3266,What is this skateboarding trick called?,this skateboarding trick,./val2014/COCO_val2014_000000378673.jpg
3267,In what country does the company advertised on the banner have its headquarters?,company advertised on the banner,./val2014/COCO_val2014_000000388215.jpg
3268,What room in the house would you find these objects?,these objects,./val2014/COCO_val2014_000000049517.jpg
3269,A race involving a great many of these items would be called a what?,these items,./val2014/COCO_val2014_000000298928.jpg
3270,What sign makes people slow down?,sign,./val2014/COCO_val2014_000000006723.jpg
3271,Which direction should the object on the ceiling rotate?,object on the ceiling,./val2014/COCO_val2014_000000001138.jpg
3272,What brand is the tv?,the tv,./val2014/COCO_val2014_000000224509.jpg
3273,What food does the animal eat?,animal,./val2014/COCO_val2014_000000109291.jpg
3274,Why would you need this many of these?,these,./val2014/COCO_val2014_000000371822.jpg
3275,The tower is made of what material?,tower,./val2014/COCO_val2014_000000471562.jpg
3276,In what country was the toy being played with here invented?,toy,./val2014/COCO_val2014_000000050326.jpg
3277,What bodily organs benefit from one of the items shown?,items shown,./val2014/COCO_val2014_000000089273.jpg
3278,How are different ways to throw this object?,this object,./val2014/COCO_val2014_000000436323.jpg
3279,What is the car to the right doing?,car to the right,./val2014/COCO_val2014_000000222724.jpg
3280,What is making the drawing on the door light up like that?,drawing on the door,./val2014/COCO_val2014_000000291932.jpg
3281,What is species of cow lives on this farm?,cow lives,./val2014/COCO_val2014_000000240301.jpg
3282,What tool is used to style this doll's hair?,this doll's hair,./val2014/COCO_val2014_000000191812.jpg
3283,What kind of place is this?,place is this,./val2014/COCO_val2014_000000118051.jpg
3284,What is a famous version of this animal in cartoons?,this animal,./val2014/COCO_val2014_000000499571.jpg
3285,What is the purpose of the elephant here?,elephant here,./val2014/COCO_val2014_000000241466.jpg
3286,This sport is sometimes called the great american what?,This sport,./val2014/COCO_val2014_000000392365.jpg
3287,What brand of motorcycle is this?,motorcycle is this,./val2014/COCO_val2014_000000117380.jpg
3288,Who was the creator of the device being used here?,device being used here,./val2014/COCO_val2014_000000231991.jpg
3289,What are the items in the cup used for?,items in the cup,./val2014/COCO_val2014_000000369128.jpg
3290,Where can i get a laptop like the one found here?,laptop like the one,./val2014/COCO_val2014_000000526904.jpg
3291,What type of horse is in the picture?,horse in the picture,./val2014/COCO_val2014_000000388161.jpg
3292,What toy is this?,toy is this,./val2014/COCO_val2014_000000200231.jpg
3293,Where does this animal usually live?,this animal,./val2014/COCO_val2014_000000213758.jpg
3294,What sort of trick is this man doing?,this man,./val2014/COCO_val2014_000000169356.jpg
3295,Who rides in this?,this,./val2014/COCO_val2014_000000442701.jpg
3296,Is the relationship between these two animals good or bad?,these two animals,./val2014/COCO_val2014_000000393145.jpg
3297,What do they call this type of pattern on this bedspread?,this type of pattern,./val2014/COCO_val2014_000000031971.jpg
3298,In what country do most of these animals live?,these animals,./val2014/COCO_val2014_000000516732.jpg
3299,Name a vitamin mineral found in either of these vegetables?,these vegetables,./val2014/COCO_val2014_000000157390.jpg
3300,Where are the birds migrating to?,birds,./val2014/COCO_val2014_000000105432.jpg
3301,Where in in china is this?,this,./val2014/COCO_val2014_000000386645.jpg
3302,Is this meal undercooked or overcooked?,this meal,./val2014/COCO_val2014_000000086884.jpg
3303,Indian or african elephants?,elephants,./val2014/COCO_val2014_000000102912.jpg
3304,What do you call the person who drives this vehicle?,this vehicle,./val2014/COCO_val2014_000000280239.jpg
3305,What is attached to the front of the bus that you normally wouldn't see?,front of the bus,./val2014/COCO_val2014_000000128119.jpg
3306,What is the shower made of?,the shower,./val2014/COCO_val2014_000000529507.jpg
3307,What is the name of this bird?,this bird,./val2014/COCO_val2014_000000442968.jpg
3308,What era is this car from?,this car,./val2014/COCO_val2014_000000424585.jpg
3309,What style of motorcycle is this called?,this motorcycle,./val2014/COCO_val2014_000000529698.jpg
3310,What type of sandwich did this person order?,this person,./val2014/COCO_val2014_000000516856.jpg
3311,What part of the country will you find such kind of trees?,such kind of trees,./val2014/COCO_val2014_000000354368.jpg
3312,How do these animals keep cool?,these animals,./val2014/COCO_val2014_000000322858.jpg
3313,What part of america is this happening in?,this happening,./val2014/COCO_val2014_000000157099.jpg
3314,What kind of trick is the skier in the air performing?,the skier in the air,./val2014/COCO_val2014_000000308115.jpg
3315,What type of vitamins do you get from the fruit?,the fruit,./val2014/COCO_val2014_000000452684.jpg
3316,What style of bathtub is that?,bathtub,./val2014/COCO_val2014_000000261115.jpg
3317,What kind of lens distorts the picture in this way?,lens,./val2014/COCO_val2014_000000266831.jpg
3318,What is the fruit bowl made of?,fruit bowl,./val2014/COCO_val2014_000000192871.jpg
3319,What camera is she using to take this picture?,camera,./val2014/COCO_val2014_000000470313.jpg
3320,What is the main purpose of the item hanging on the wall?,item hanging,./val2014/COCO_val2014_000000364413.jpg
3321,What sports are related to the one portrayed here?,one portrayed here,./val2014/COCO_val2014_000000315384.jpg
3322,What state is known for wearing hats like this?,hats like this,./val2014/COCO_val2014_000000291048.jpg
3323,What nationality is the woman on the far left?,woman on the far left,./val2014/COCO_val2014_000000572233.jpg
3324,Who probably lives here?,here,./val2014/COCO_val2014_000000515755.jpg
3325,What do i put clothes in when traveling?,clothes,./val2014/COCO_val2014_000000364133.jpg
3326,How often do these people get together for a photo?,these people,./val2014/COCO_val2014_000000331875.jpg
3327,What is the name of the airline of the plane that is flying?,airline of the plane,./val2014/COCO_val2014_000000136218.jpg
3328,What force is pulling this skateboard down?,this skateboard,./val2014/COCO_val2014_000000107558.jpg
3329,What was the largest size of that platform that we have?,that platform,./val2014/COCO_val2014_000000152398.jpg
3330,Batman's main female villain surround herself with these?,these,./val2014/COCO_val2014_000000236162.jpg
3331,Where is this picture taken?,this picture,./val2014/COCO_val2014_000000314192.jpg
3332,What kind of bear is this?,bear is this,./val2014/COCO_val2014_000000154584.jpg
3333,Where could you bring these?,these,./val2014/COCO_val2014_000000335473.jpg
3334,Is the train on the ground or in the air?,the train,./val2014/COCO_val2014_000000108440.jpg
3335,Which type of material is used for making the group of tie shown in this photo?,group of tie,./val2014/COCO_val2014_000000179191.jpg
3336,What brand hot dogs are shown?,hot dogs,./val2014/COCO_val2014_000000096884.jpg
3337,What material is the couch made of?,the couch,./val2014/COCO_val2014_000000169250.jpg
3338,What city is this?,this,./val2014/COCO_val2014_000000358342.jpg
3339,How old is the child?,child,./val2014/COCO_val2014_000000285534.jpg
3340,What place is this taken?,this,./val2014/COCO_val2014_000000078858.jpg
3341,How long do these animals gestate?,these animals,./val2014/COCO_val2014_000000108088.jpg
3342,What kind of dish is in front of the cat?,dish,./val2014/COCO_val2014_000000440067.jpg
3343,Name a piece of technology that is pictured here?,pictured here,./val2014/COCO_val2014_000000467988.jpg
3344,Who invented the object this dog caught?,object,./val2014/COCO_val2014_000000572825.jpg
3345,What is this ad for?,this ad,./val2014/COCO_val2014_000000419401.jpg
3346,What is the temperature like hot or cold of the place in the picture?,place in the picture,./val2014/COCO_val2014_000000457693.jpg
3347,Which country describes this sport as its national sport?,this sport,./val2014/COCO_val2014_000000116037.jpg
3348,The grazing animals in this photo are part of what genus?,grazing animals in this photo,./val2014/COCO_val2014_000000347179.jpg
3349,What kind of jump can this boy do with this board?,this board,./val2014/COCO_val2014_000000133327.jpg
3350,Who sponsored this tennis player?,this tennis player,./val2014/COCO_val2014_000000541108.jpg
3351,What is the name of the red and white checkered pattern draped across the woman's body?,red and white checkered pattern,./val2014/COCO_val2014_000000373344.jpg
3352,What would you describe the place depicted in the image?,the place depicted,./val2014/COCO_val2014_000000385098.jpg
3353,Name the material used to make this skating board shown in this picture?,this skating board,./val2014/COCO_val2014_000000423619.jpg
3354,Is this street in the city or country?,this street,./val2014/COCO_val2014_000000352194.jpg
3355,What is this dog laying on?,this dog,./val2014/COCO_val2014_000000094376.jpg
3356,Where in the world would you find this structure?,this structure,./val2014/COCO_val2014_000000437859.jpg
3357,What event is this at?,this event,./val2014/COCO_val2014_000000256505.jpg
3358,What president was this plus toy named after?,this plus toy,./val2014/COCO_val2014_000000132992.jpg
3359,Which country are these souvenirs from?,these souvenirs,./val2014/COCO_val2014_000000184485.jpg
3360,What other types of food could be helpful here?,here,./val2014/COCO_val2014_000000571497.jpg
3361,What type of room is this?,room is this,./val2014/COCO_val2014_000000555905.jpg
3362,A shepherd is typically required to guide what animal which is depicted in this picture?,this picture,./val2014/COCO_val2014_000000078522.jpg
3363,Name the bike model shown in this picture?,in this picture,./val2014/COCO_val2014_000000356263.jpg
3364,Can you name the location where the person is playing the sport?,the location,./val2014/COCO_val2014_000000023991.jpg
3365,What type of snowboard is this man on?,this man,./val2014/COCO_val2014_000000428454.jpg
3366,What kind of boat is in the background?,boat is in the background,./val2014/COCO_val2014_000000227073.jpg
3367,How fast can an average person hit this ball?,this ball,./val2014/COCO_val2014_000000138180.jpg
3368,What are the two prongs on these animals called?,these animals,./val2014/COCO_val2014_000000046327.jpg
3369,What airline does the plane in the background belong to?,plane in the background,./val2014/COCO_val2014_000000061259.jpg
3370,What type of shadow appears to be cast upon the building?,upon the building,./val2014/COCO_val2014_000000223093.jpg
3371,What type of trees are shown in the picture?,trees,./val2014/COCO_val2014_000000399049.jpg
3372,What type of vehicle is painted orange in this picture?,vehicle,./val2014/COCO_val2014_000000253924.jpg
3373,What is the bathroom counter made of?,bathroom counter,./val2014/COCO_val2014_000000449950.jpg
3374,How do you make this dish?,this dish,./val2014/COCO_val2014_000000024197.jpg
3375,What part of the world is this?,this,./val2014/COCO_val2014_000000475244.jpg
3376,Is this more likely to be in a home or business?,this,./val2014/COCO_val2014_000000308730.jpg
3377,What kind of gear do you need to perform this activity?,this activity,./val2014/COCO_val2014_000000329827.jpg
3378,What time of day is this?,this,./val2014/COCO_val2014_000000022660.jpg
3379,What type of event is happening?,event,./val2014/COCO_val2014_000000111434.jpg
3380,What type of sandwich is this man eating?,this man,./val2014/COCO_val2014_000000154263.jpg
3381,Name the desktop model or brand shown in this picture?,desktop model,./val2014/COCO_val2014_000000072051.jpg
3382,What is the boy recieving?,boy,./val2014/COCO_val2014_000000568846.jpg
3383,This bear is native to what continent?,this bear,./val2014/COCO_val2014_000000539067.jpg
3384,Why are things flocking together here?,things flocking together,./val2014/COCO_val2014_000000076310.jpg
3385,What will he hit with this implement?,this implement,./val2014/COCO_val2014_000000413432.jpg
3386,Name the ingredients used to make this dish shown in this picture?,this dish,./val2014/COCO_val2014_000000294297.jpg
3387,What breed of bears are these?,these bears,./val2014/COCO_val2014_000000101265.jpg
3388,Who named this stuffed toy?,this stuffed toy,./val2014/COCO_val2014_000000289152.jpg
3389,What type of phone is this person using?,this person,./val2014/COCO_val2014_000000375606.jpg
3390,What is the technical name for the cloud type in the sky?,cloud type,./val2014/COCO_val2014_000000224802.jpg
3391,What is the structure over the top of the train?,structure over the top,./val2014/COCO_val2014_000000409241.jpg
3392,What type of degree do you need to build this type of landmark?,this type of landmark,./val2014/COCO_val2014_000000137993.jpg
3393,What do cats do this so much?,this,./val2014/COCO_val2014_000000520933.jpg
3394,What is the taste of these items?,these items,./val2014/COCO_val2014_000000006012.jpg
3395,Which other sports require equipment similar to that seen here?,equipment similar to that,./val2014/COCO_val2014_000000576987.jpg
3396,What kind of sandwich is in the photo?,sandwich,./val2014/COCO_val2014_000000413358.jpg
3397,What do you feed this kind of animal?,this kind of animal,./val2014/COCO_val2014_000000303653.jpg
3398,Why are they sitting down?,they,./val2014/COCO_val2014_000000122007.jpg
3399,What sport is this?,this,./val2014/COCO_val2014_000000447080.jpg
3400,What safety precaution are they taking?,they taking,./val2014/COCO_val2014_000000511777.jpg
3401,What compass terminology do you see?,compass terminology,./val2014/COCO_val2014_000000278749.jpg
3402,What flower is this?,flower is this,./val2014/COCO_val2014_000000512194.jpg
3403,What objects are in this type of room usually?,this type of room,./val2014/COCO_val2014_000000031043.jpg
3404,What do these animals eat?,these animals,./val2014/COCO_val2014_000000168562.jpg
3405,What is happening to the man?,the man,./val2014/COCO_val2014_000000042501.jpg
3406,What kind of white clothing are they wearing?,white clothing,./val2014/COCO_val2014_000000464359.jpg
3407,Where do these animals go in the winter?,these animals,./val2014/COCO_val2014_000000344773.jpg
3408,Can you guess the place name where they are playing the game?,they are playing,./val2014/COCO_val2014_000000339120.jpg
3409,What type of plane is this?,plane,./val2014/COCO_val2014_000000445038.jpg
3410,What kind of utensil is this kid holding in both hands?,this kid,./val2014/COCO_val2014_000000209290.jpg
3411,What is the name of the location being featured in this photo?,location,./val2014/COCO_val2014_000000406908.jpg
3412,What issues would someone have bringing this suitcase on a plane?,this suitcase,./val2014/COCO_val2014_000000259819.jpg
3413,What type of appliance is the silver pot sitting on?,silver pot,./val2014/COCO_val2014_000000192458.jpg
3414,Which person is the groom?,person,./val2014/COCO_val2014_000000397890.jpg
3415,What popular salad dressing has the same name as a place like this?,place like this,./val2014/COCO_val2014_000000348474.jpg
3416,What fruit are they selling?,they selling,./val2014/COCO_val2014_000000537456.jpg
3417,Who makes this model?,this model,./val2014/COCO_val2014_000000063796.jpg
3418,What type of music does this dj play?,this dj,./val2014/COCO_val2014_000000526089.jpg
3419,How big is the field this sports is played on?,this sports,./val2014/COCO_val2014_000000205594.jpg
3420,The lack of follicles on this man's head is called being what?,this man's head,./val2014/COCO_val2014_000000179699.jpg
3421,Used instead of a pair of skis?,this,./val2014/COCO_val2014_000000190014.jpg
3422,What breed of cat is this?,this cat,./val2014/COCO_val2014_000000100000.jpg
3423,Where do you store this vehicle?,this vehicle,./val2014/COCO_val2014_000000082263.jpg
3424,What is the position name of the player squatting down?,player squatting down,./val2014/COCO_val2014_000000080698.jpg
3425,Which state is more associated with this activity: colorado or florida?,this activity,./val2014/COCO_val2014_000000434662.jpg
3426,What type of weather is this?,this,./val2014/COCO_val2014_000000294541.jpg
3427,What alphabet letter is commonly associated with this?,this,./val2014/COCO_val2014_000000045535.jpg
3428,What safety precautions are taken in the photo?,the photo,./val2014/COCO_val2014_000000125404.jpg
3429,What is the name of this animal's offspring?,this animal's offspring,./val2014/COCO_val2014_000000462424.jpg
3430,How many people use this mode of transportatin anually?,this mode of transport,./val2014/COCO_val2014_000000176037.jpg
3431,What type of water is this?,this water,./val2014/COCO_val2014_000000431996.jpg
3432,What kind of truck is this?,this truck,./val2014/COCO_val2014_000000515266.jpg
3433,Who is the world's top player in this sport?,this sport,./val2014/COCO_val2014_000000515214.jpg
3434,Is this ball likely to be in or out?,this ball,./val2014/COCO_val2014_000000068025.jpg
3435,Where is this man?,this man,./val2014/COCO_val2014_000000077222.jpg
3436,Are the cows grazing on cool season or warm season grasses?,cows,./val2014/COCO_val2014_000000500663.jpg
3437,What piece of clothing is the person with hat wearing which is buttoned up over their shirt?,piece of clothing,./val2014/COCO_val2014_000000260478.jpg
3438,Who rides in this?,this,./val2014/COCO_val2014_000000490294.jpg
3439,What airline do you see on the plane closest in the photo?,plane closest,./val2014/COCO_val2014_000000072666.jpg
3440,Who were the first people to successfully do this?,this,./val2014/COCO_val2014_000000474215.jpg
3441,What kind of food is this?,food is this,./val2014/COCO_val2014_000000100582.jpg
3442,Can you guess the material used to make the bag shown in this picture?,bag shown in this picture,./val2014/COCO_val2014_000000039663.jpg
3443,What material is used to cover these roadways?,these roadways,./val2014/COCO_val2014_000000449872.jpg
3444,What kind of tv is hanging on the wall?,tv,./val2014/COCO_val2014_000000155546.jpg
3445,How long do these animals typical live?,these animals,./val2014/COCO_val2014_000000418799.jpg
3446,What movie is the man on the paper from?,man on the paper,./val2014/COCO_val2014_000000431827.jpg
3447,At what speed does this animal run?,this animal,./val2014/COCO_val2014_000000528011.jpg
3448,What additional insurance would likely be necessary if a person lived in one of these structures?,these structures,./val2014/COCO_val2014_000000378139.jpg
3449,At what age does one usually enter this type of institution?,this type of institution,./val2014/COCO_val2014_000000082431.jpg
3450,The man in the photo is walking toward what types of boards in the photo?,boards in the photo,./val2014/COCO_val2014_000000529939.jpg
3451,Which item shown here has the same name as a piece of land surrounded by ocean?,item shown here,./val2014/COCO_val2014_000000544198.jpg
3452,Which of these vegetables is the lowest in vitamin d?,these vegetables,./val2014/COCO_val2014_000000505911.jpg
3453,How much sunlight does the plant in this photo require?,plant in this photo,./val2014/COCO_val2014_000000395343.jpg
3454,How fast can the animal to the right go?,animal to the right,./val2014/COCO_val2014_000000353299.jpg
3455,Why would you need warm clothes?,warm clothes,./val2014/COCO_val2014_000000063563.jpg
3456,What type of recipe can i make using the ingredients in the photo?,ingredients in the photo,./val2014/COCO_val2014_000000097513.jpg
3457,What wrong with the cat?,cat,./val2014/COCO_val2014_000000501229.jpg
3458,What type of ceiling is depicted in this photo?,this photo,./val2014/COCO_val2014_000000217188.jpg
3459,What type of net is used to play this?,this,./val2014/COCO_val2014_000000080194.jpg
3460,What well known company operates passenger versions of these vehicles?,these vehicles,./val2014/COCO_val2014_000000526806.jpg
3461,What type of feed does this breed of horse need?,this breed of horse,./val2014/COCO_val2014_000000142318.jpg
3462,What type of school project is this?,this,./val2014/COCO_val2014_000000188311.jpg
3463,What's the breed of the cat in the photo?,cat in the photo,./val2014/COCO_val2014_000000404984.jpg
3464,What is the common name for this type of phone?,this type of phone,./val2014/COCO_val2014_000000451533.jpg
3465,What is the white cup made out of?,white cup,./val2014/COCO_val2014_000000085340.jpg
3466,Where do you buy this kind of furniture?,this kind of furniture,./val2014/COCO_val2014_000000538175.jpg
3467,How many grams of sugar are in this item?,this item,./val2014/COCO_val2014_000000472146.jpg
3468,What kind of cow is that?,cow is that,./val2014/COCO_val2014_000000529004.jpg
3469,The breed of dog in the photo is known for what?,dog in the photo,./val2014/COCO_val2014_000000556505.jpg
3470,What type of weather is needed for this activity to occur?,this activity,./val2014/COCO_val2014_000000477906.jpg
3471,Where do i use these?,these,./val2014/COCO_val2014_000000571196.jpg
3472,What is the professional name of a person that tends to the types of rooms featured in this photo?,rooms featured in this photo,./val2014/COCO_val2014_000000218091.jpg
3473,Wat fuels these fllying objects?,these fllying objects,./val2014/COCO_val2014_000000207003.jpg
3474,Which part os the subject's body shows a piercing?,subject's body shows,./val2014/COCO_val2014_000000553667.jpg
3475,What place is this?,this,./val2014/COCO_val2014_000000360529.jpg
3476,What type of computer is shown?,computer,./val2014/COCO_val2014_000000069266.jpg
3477,What is the sport called that these girls are playing?,these girls,./val2014/COCO_val2014_000000534373.jpg
3478,What is this road made of?,this road,./val2014/COCO_val2014_000000518530.jpg
3479,Where was this photo taken?,this photo,./val2014/COCO_val2014_000000348896.jpg
3480,These animals can be found in what place?,these animals,./val2014/COCO_val2014_000000474881.jpg
3481,What language is on the signs?,the signs,./val2014/COCO_val2014_000000547760.jpg
3482,What type of elephant is in this photo?,elephant,./val2014/COCO_val2014_000000392212.jpg
3483,What kind of grass is the hydrant on?,hydrant,./val2014/COCO_val2014_000000309696.jpg
3484,What is the light source?,light source,./val2014/COCO_val2014_000000163112.jpg
3485,What is the wall made of?,the wall,./val2014/COCO_val2014_000000564332.jpg
3486,Whose bus is this?,bus is this,./val2014/COCO_val2014_000000365177.jpg
3487,What position in the man in the foreground playing?,man in the foreground,./val2014/COCO_val2014_000000193349.jpg
3488,Where are these men taking a break?,these men,./val2014/COCO_val2014_000000435387.jpg
3489,What animal likes to chase the animal shown in the picture?,animal shown,./val2014/COCO_val2014_000000197111.jpg
3490,What language is the sign written in?,the sign,./val2014/COCO_val2014_000000284253.jpg
3491,What game is being played?,game is being played,./val2014/COCO_val2014_000000434873.jpg
3492,What are these umbrellas made of?,these umbrellas,./val2014/COCO_val2014_000000473199.jpg
3493,What popular wind related hobby is depicted in the photo?,in the photo,./val2014/COCO_val2014_000000577310.jpg
3494,Is it showing or raining?,it ,./val2014/COCO_val2014_000000499845.jpg
3495,What are the people doing?,people,./val2014/COCO_val2014_000000517296.jpg
3496,What kind of ship is pictured?,ship,./val2014/COCO_val2014_000000539673.jpg
3497,Is this car parked legally or illegally?,this car,./val2014/COCO_val2014_000000387150.jpg
3498,What is this building made from?,this building,./val2014/COCO_val2014_000000269253.jpg
3499,What sport is this?,this,./val2014/COCO_val2014_000000000836.jpg
3500,Which is better this wooden utensil or a metal version of it?,this wooden utensil,./val2014/COCO_val2014_000000113045.jpg
3501,What place is this?,this,./val2014/COCO_val2014_000000336276.jpg
3502,Name the mobile model shown in this picture?,mobile model,./val2014/COCO_val2014_000000031983.jpg
3503,What is the dog doing?,dog,./val2014/COCO_val2014_000000357943.jpg
3504,What kind of couch is that?,couch is that,./val2014/COCO_val2014_000000546964.jpg
3505,What kind of board is this?,board is this,./val2014/COCO_val2014_000000247999.jpg
3506,What is needed to use this transportation?,this transportation,./val2014/COCO_val2014_000000166896.jpg
3507,What kind of food are they eating?,they eating,./val2014/COCO_val2014_000000190291.jpg
3508,How old is this baby?,this baby,./val2014/COCO_val2014_000000074967.jpg
3509,What types of transportation are shown?,transportation are shown,./val2014/COCO_val2014_000000267363.jpg
3510,Where in the house would you find this bed?,this bed,./val2014/COCO_val2014_000000392564.jpg
3511,Name the family or the bread of dog shown in this picture?,dog shown in this picture,./val2014/COCO_val2014_000000031745.jpg
3512,What percent of americans know how to do this sport?,this sport,./val2014/COCO_val2014_000000376751.jpg
3513,What media was used to paint this artwork?,this artwork,./val2014/COCO_val2014_000000524742.jpg
3514,What is the tie made of?,tie,./val2014/COCO_val2014_000000548894.jpg
3515,What country might this be based on the writing on the bus?,this,./val2014/COCO_val2014_000000284725.jpg
3516,What type of lens is used for this picture?,this picture,./val2014/COCO_val2014_000000506310.jpg
3517,What is a famous cartoon animal of this type?,this type,./val2014/COCO_val2014_000000089430.jpg
3518,What is the name of the shape of this street sign?,this street sign,./val2014/COCO_val2014_000000441854.jpg
3519,What is this used for?,this,./val2014/COCO_val2014_000000309366.jpg
3520,What's he doing?,he,./val2014/COCO_val2014_000000184405.jpg
3521,What is being used to play this sport?,this sport,./val2014/COCO_val2014_000000485564.jpg
3522,How sharp do you think the edges are?,edges,./val2014/COCO_val2014_000000006177.jpg
3523,What material are those shorts made out of?,those shorts,./val2014/COCO_val2014_000000091402.jpg
3524,What type of cuisine is this?,this,./val2014/COCO_val2014_000000177489.jpg
3525,How popular is this breed?,this breed,./val2014/COCO_val2014_000000481318.jpg
3526,Which kind of cows are shown in this picture?,this picture,./val2014/COCO_val2014_000000235692.jpg
3527,Where might a person dress like this?,like this,./val2014/COCO_val2014_000000172877.jpg
3528,What is this man's occupation?,this man's occupation,./val2014/COCO_val2014_000000438077.jpg
3529,Is this a single or full sized bed?,this bed,./val2014/COCO_val2014_000000497488.jpg
3530,What are these animals defense mechanism?,these animals,./val2014/COCO_val2014_000000176629.jpg
3531,What era is this plane from?,this plane,./val2014/COCO_val2014_000000272136.jpg
3532,What type of ship is that sandwich named after?,ship is that,./val2014/COCO_val2014_000000277162.jpg
3533,What happen here?,here,./val2014/COCO_val2014_000000214109.jpg
3534,What us state is famous for growing these fruits?,these fruits,./val2014/COCO_val2014_000000286524.jpg
3535,What breed of dog is in this picture?,dog in this picture,./val2014/COCO_val2014_000000135748.jpg
3536,What sport is this?,this,./val2014/COCO_val2014_000000386589.jpg
3537,What kind of restaurant did that cup come from?,that cup,./val2014/COCO_val2014_000000378204.jpg
3538,Based off of the scene seen here what would be a more important thing to avoid if you were these people cross contamination or lava?,scene seen here,./val2014/COCO_val2014_000000392320.jpg
3539,What are the horns on this animal used for?,this animal,./val2014/COCO_val2014_000000031993.jpg
3540,What is the man's umbrella made out of?,man's umbrella,./val2014/COCO_val2014_000000049942.jpg
3541,From what can you make the shavings of these animals?,these animals,./val2014/COCO_val2014_000000372501.jpg
3542,What does this need to fly?,this,./val2014/COCO_val2014_000000241717.jpg
3543,What movie featured a vehicle like this with sandra bullock?,vehicle like this,./val2014/COCO_val2014_000000003134.jpg
3544,In which country are the transportation regulations loose enough to allow vehicles like these?,vehicles like these,./val2014/COCO_val2014_000000334371.jpg
3545,The name of the material of her jacket is called what?,her jacket,./val2014/COCO_val2014_000000398174.jpg
3546,How do you make this pizza?,this pizza,./val2014/COCO_val2014_000000207431.jpg
3547,What's the name for the two things the plane is floating on?,plane is floating on,./val2014/COCO_val2014_000000084474.jpg
3548,What other furniture items might be found in this room?,this room,./val2014/COCO_val2014_000000424879.jpg
3549,What could i exit through in this picture?,this picture,./val2014/COCO_val2014_000000382307.jpg
3550,What body of water is that?,body of water,./val2014/COCO_val2014_000000271643.jpg
3551,What country is this?,country is this,./val2014/COCO_val2014_000000107183.jpg
3552,What causes felines to arch their back in this way?,arch their back,./val2014/COCO_val2014_000000411832.jpg
3553,How do i make the sweet that i see in this photo?,sweet,./val2014/COCO_val2014_000000475990.jpg
3554,What holiday is being celebrated?,holiday,./val2014/COCO_val2014_000000094607.jpg
3555,What material is typically used to enclose a patio to keep it free of bugs?,material,./val2014/COCO_val2014_000000047837.jpg
3556,What is the plate made of?,the plate,./val2014/COCO_val2014_000000396387.jpg
3557,What flowers are these?,flowers are these,./val2014/COCO_val2014_000000478071.jpg
3558,What body part is this focusing on?,this,./val2014/COCO_val2014_000000562292.jpg
3559,What do this vehicle need the wheels for?,this vehicle,./val2014/COCO_val2014_000000022797.jpg
3560,How long does it take someone to learn this sport?,this sport,./val2014/COCO_val2014_000000290700.jpg
3561,What does the number on the little screen mean?,little screen,./val2014/COCO_val2014_000000221543.jpg
3562,How does the term blaze apply here?,here,./val2014/COCO_val2014_000000468063.jpg
3563,You use the object over the windows when the weather is what outside?,object over the windows,./val2014/COCO_val2014_000000380597.jpg
3564,How is this powered?,this,./val2014/COCO_val2014_000000256367.jpg
3565,What are the large square items located on either sides of the picture?,large square items,./val2014/COCO_val2014_000000496525.jpg
3566,What place is this?,this,./val2014/COCO_val2014_000000040275.jpg
3567,In what room was this made?,this,./val2014/COCO_val2014_000000444626.jpg
3568,What kind of bird is sitting on the branch?,on the branch,./val2014/COCO_val2014_000000009553.jpg
3569,What model of aircraft is pictured here?,here,./val2014/COCO_val2014_000000158801.jpg
3570,What is the green food on this dish?,this dish,./val2014/COCO_val2014_000000121210.jpg
3571,Would you say this is lunch or dinner?,this,./val2014/COCO_val2014_000000519475.jpg
3572,What military are they in?,they,./val2014/COCO_val2014_000000506458.jpg
3573,Which country consumes the most ham?,the most ham,./val2014/COCO_val2014_000000577385.jpg
3574,What is this ski moved called?,this ski,./val2014/COCO_val2014_000000164885.jpg
3575,What country is that?,that,./val2014/COCO_val2014_000000488251.jpg
3576,What is being driven on?,being driven on,./val2014/COCO_val2014_000000529083.jpg
3577,What is the uniform this young man is wearing?,this young man,./val2014/COCO_val2014_000000578807.jpg
3578,Who is a famous american athlete that engages in this type of sport?,this type of sport,./val2014/COCO_val2014_000000187244.jpg
3579,Where would this person be?,this person,./val2014/COCO_val2014_000000317018.jpg
3580,What breed of bear is this?,bear is this,./val2014/COCO_val2014_000000375015.jpg
3581,What holiday is this?,this,./val2014/COCO_val2014_000000395904.jpg
3582,What is the best floor covering for a kitchen?,floor covering,./val2014/COCO_val2014_000000399269.jpg
3583,Name the material used to make this cap weared by the cat?,this cap,./val2014/COCO_val2014_000000177486.jpg
3584,What year is that picture?,that picture,./val2014/COCO_val2014_000000478356.jpg
3585,What does the red and white sign mean?,red and white sign,./val2014/COCO_val2014_000000306893.jpg
3586,How is a parking lot illuminated at night?,a parking lot,./val2014/COCO_val2014_000000257537.jpg
3587,What is the symbol shown in the picture?,symbol shown,./val2014/COCO_val2014_000000172979.jpg
3588,What model plane is this?,plane is this,./val2014/COCO_val2014_000000160529.jpg
3589,What is the name of this little statue?,this little statue,./val2014/COCO_val2014_000000298316.jpg
3590,Name the game played by this man in the picture?,this man,./val2014/COCO_val2014_000000232692.jpg
3591,Which kind of train is seen in this photo?,train,./val2014/COCO_val2014_000000483722.jpg
3592,How is this dish prepared?,this dish,./val2014/COCO_val2014_000000488198.jpg
3593,When will i want the item on the plate?,item on the plate,./val2014/COCO_val2014_000000484425.jpg
3594,Is this soup served hot or cold?,this soup,./val2014/COCO_val2014_000000306638.jpg
3595,What is the name of the person who drives that vehicle?,that vehicle,./val2014/COCO_val2014_000000183666.jpg
3596,What is this plate made from?,this plate,./val2014/COCO_val2014_000000213156.jpg
3597,The man in the photo is reaching up to hit what type of object?,object,./val2014/COCO_val2014_000000192233.jpg
3598,What kind of birds are these?,birds are these,./val2014/COCO_val2014_000000539791.jpg
3599,What band is this car?,this car,./val2014/COCO_val2014_000000068852.jpg
3600,What famous sega video game character has a fondness for this food?,this food,./val2014/COCO_val2014_000000071933.jpg
3601,What season is it?,season,./val2014/COCO_val2014_000000371395.jpg
3602,What kind of place is this?,place is this,./val2014/COCO_val2014_000000332351.jpg
3603,Who makes the lights over the mirror?,lights over the mirror,./val2014/COCO_val2014_000000123843.jpg
3604,What type of dog is pictured on the left?,pictured on the left,./val2014/COCO_val2014_000000208236.jpg
3605,What design is on the headboard of the bed?,headboard,./val2014/COCO_val2014_000000401157.jpg
3606,Do men or women use these?,these,./val2014/COCO_val2014_000000117396.jpg
3607,What breed of cat is this?,cat is this,./val2014/COCO_val2014_000000561393.jpg
3608,What is another color that this animal is often found in?,this animal,./val2014/COCO_val2014_000000388009.jpg
3609,What is the complimentary color to the right man's shirt?,right man's shirt,./val2014/COCO_val2014_000000214247.jpg
3610,What us president is this stuffed animal named after?,this stuffed animal,./val2014/COCO_val2014_000000164305.jpg
3611,What ocean is he surfing on?,he surfing,./val2014/COCO_val2014_000000278395.jpg
3612,What to do you call this form of street art?,this form,./val2014/COCO_val2014_000000356298.jpg
3613,What are these items used for?,these items,./val2014/COCO_val2014_000000291664.jpg
3614,What food groups are represented in this breakfast?,this breakfast,./val2014/COCO_val2014_000000577853.jpg
3615,Is this bicycle for males or females?,this bicycle,./val2014/COCO_val2014_000000020307.jpg
3616,What kind of pastry is the woman eating?,the woman eating,./val2014/COCO_val2014_000000063804.jpg
3617,What is the name of the item used to keep things cool?,item used,./val2014/COCO_val2014_000000215114.jpg
3618,What city is this in?,this in,./val2014/COCO_val2014_000000186322.jpg
3619,What color would this be it it were transporting students?,this,./val2014/COCO_val2014_000000128051.jpg
3620,What do these animals eat?,these animals,./val2014/COCO_val2014_000000167993.jpg
3621,What is the name of the sport which uses the ball which is in the man's hand?,ball,./val2014/COCO_val2014_000000538454.jpg
3622,How fast can one go using this equipment?,this equipment,./val2014/COCO_val2014_000000046919.jpg
3623,What are the best places to snowboard like in the photo?,places to snowboard,./val2014/COCO_val2014_000000327255.jpg
3624,What style of bathtub is near the window?,bathtub near,./val2014/COCO_val2014_000000442009.jpg
3625,What kind of food is this called?,this,./val2014/COCO_val2014_000000205601.jpg
3626,What heavenly object is seen above the mountains in the early morning?,seen above the mountains,./val2014/COCO_val2014_000000345275.jpg
3627,What black spice could be added to this emal?,this emal,./val2014/COCO_val2014_000000448511.jpg
3628,What is the purpose of the light on the pole?,light on the pole,./val2014/COCO_val2014_000000284445.jpg
3629,Where is this photo taken?,this photo,./val2014/COCO_val2014_000000409247.jpg
3630,This school is segregated for which gender?,This school,./val2014/COCO_val2014_000000068409.jpg
3631,What tire shaped food is in the image?,tire shaped food,./val2014/COCO_val2014_000000224020.jpg
3632,How is this item cooked?,this item,./val2014/COCO_val2014_000000519182.jpg
3633,What activity is this?,this,./val2014/COCO_val2014_000000079380.jpg
3634,What word is shown on the sign when in mexico?,the sign,./val2014/COCO_val2014_000000496531.jpg
3635,What type of a worship place could that building be?,building,./val2014/COCO_val2014_000000496411.jpg
3636,Apart from pictures what moving images can this device capture?,this device,./val2014/COCO_val2014_000000365035.jpg
3637,What kind of industry would the driver of this vehicle be in?,this vehicle,./val2014/COCO_val2014_000000111801.jpg
3638,What is growing there?,there,./val2014/COCO_val2014_000000549136.jpg
3639,Name the model of the laptop shown in this picture?,laptop shown,./val2014/COCO_val2014_000000575882.jpg
3640,What does the round disk on the wall tell us?,round disk on the wall,./val2014/COCO_val2014_000000299716.jpg
3641,What is the surface of this court made from?,this court,./val2014/COCO_val2014_000000137297.jpg
3642,Who died on one of the objects seen here elvis presley or billy the kid?,objects seen here,./val2014/COCO_val2014_000000505849.jpg
3643,When was that white equipment invented?,that white equipment,./val2014/COCO_val2014_000000381134.jpg
3644,What kind of board is that?,board,./val2014/COCO_val2014_000000550432.jpg
3645,What do you do with this type of equipment?,this type of equipment,./val2014/COCO_val2014_000000044504.jpg
3646,Is this a blurry picture or a clear picture?,this picture,./val2014/COCO_val2014_000000014278.jpg
3647,How do you clean this?,this,./val2014/COCO_val2014_000000152103.jpg
3648,Maxwell house says this is good to the last drop?,this,./val2014/COCO_val2014_000000194755.jpg
3649,What kind of cake is this?,this cake,./val2014/COCO_val2014_000000039516.jpg
3650,What ethnicity is the man?,the man,./val2014/COCO_val2014_000000263687.jpg
3651,What activity is taking place?,activity,./val2014/COCO_val2014_000000025807.jpg
3652,What hotel worker made these beds?,these beds,./val2014/COCO_val2014_000000449594.jpg
3653,How many survivers are there from this crash?,this crash,./val2014/COCO_val2014_000000436385.jpg
3654,What type of nutrition value does this pastry have?,this pastry,./val2014/COCO_val2014_000000390134.jpg
3655,What types of planes are these?,planes are these,./val2014/COCO_val2014_000000323418.jpg
3656,What is suggested safety equipment utilized when driving this vehicle?,this vehicle,./val2014/COCO_val2014_000000108531.jpg
3657,What city is this?,this,./val2014/COCO_val2014_000000497969.jpg
3658,What is covering the ground in this setting?,the ground,./val2014/COCO_val2014_000000277032.jpg
3659,What kind of weather is this?,this,./val2014/COCO_val2014_000000579415.jpg
3660,What material are the shoes made of?,the shoes,./val2014/COCO_val2014_000000285212.jpg
3661,What was the first time this was invented?,this,./val2014/COCO_val2014_000000225946.jpg
3662,What is this person wearing that is mandated by law?,this person wearing,./val2014/COCO_val2014_000000331185.jpg
3663,Is this fridge or cupboard?,this,./val2014/COCO_val2014_000000384554.jpg
3664,What is the name for the person who officiates this game?,this game,./val2014/COCO_val2014_000000173598.jpg
3665,Which animal can also live with the ones in the picture?,ones in the picture,./val2014/COCO_val2014_000000296969.jpg
3666,What breed of horse is that?,horse is that,./val2014/COCO_val2014_000000050411.jpg
3667,What brand of jeans is the blonde girl wearing?,blonde girl,./val2014/COCO_val2014_000000532690.jpg
3668,How many calories does this sort of food contain?,this sort of food,./val2014/COCO_val2014_000000525211.jpg
3669,Name the model of train shown in this picture?,train shown,./val2014/COCO_val2014_000000201148.jpg
3670,What industry is this?,this industry,./val2014/COCO_val2014_000000434494.jpg
3671,Where can you buy this?,this,./val2014/COCO_val2014_000000108758.jpg
3672,Which type of tiles are used for making the floors of this house?,floors of this house,./val2014/COCO_val2014_000000340175.jpg
3673,Who officiates this game?,this game,./val2014/COCO_val2014_000000574282.jpg
3674,What year is the motorcycle?,motorcycle,./val2014/COCO_val2014_000000538242.jpg
3675,What are the sheep doing in the pasture?,sheep,./val2014/COCO_val2014_000000098416.jpg
3676,What type of blanket is on this bed?,this bed,./val2014/COCO_val2014_000000285234.jpg
3677,What health benefits do horses get from eating grass?,horses,./val2014/COCO_val2014_000000492407.jpg
3678,How much is dinner here?,dinner here,./val2014/COCO_val2014_000000469103.jpg
3679,What animal did the animal on the right evolve from?,animal on the right,./val2014/COCO_val2014_000000201918.jpg
3680,What is the object called?,object,./val2014/COCO_val2014_000000286458.jpg
3681,Where can you buy a hat like that?,hat like that,./val2014/COCO_val2014_000000453507.jpg
3682,What ethnicty are the people?,people,./val2014/COCO_val2014_000000019712.jpg
3683,What is the desk made of?,the desk,./val2014/COCO_val2014_000000351597.jpg
3684,What is the pattern of the table cloth called?,table cloth,./val2014/COCO_val2014_000000400453.jpg
3685,What is the weather like?,the weather,./val2014/COCO_val2014_000000555582.jpg
3686,What other sport is practiced in this environment?,this environment,./val2014/COCO_val2014_000000158133.jpg
3687,What are the chairs made from?,chairs,./val2014/COCO_val2014_000000073521.jpg
3688,What company manufactured the camera seen here?,camera,./val2014/COCO_val2014_000000446835.jpg
3689,What body of water is that?,body of water,./val2014/COCO_val2014_000000348186.jpg
3690,What other sport is popular on snowy mountains?,snowy mountains,./val2014/COCO_val2014_000000226588.jpg
3691,What shape is cut out here?,cut out here,./val2014/COCO_val2014_000000105737.jpg
3692,What sort of geometry sounds like the vehicle shown here?,vehicle shown here,./val2014/COCO_val2014_000000309530.jpg
3693,Why are the vehicles in this picture not moving?,vehicles in this picture,./val2014/COCO_val2014_000000236457.jpg
3694,What shade of blue is the racket?,the racket,./val2014/COCO_val2014_000000389986.jpg
3695,What was their cake made out of?,their cake,./val2014/COCO_val2014_000000231806.jpg
3696,Where were the items being carried into the water invented?,items being carried,./val2014/COCO_val2014_000000163479.jpg
3697,Where might this man work?,this man,./val2014/COCO_val2014_000000301582.jpg
3698,What's the next thing that this man is likely to do with the object in his hand?,object in his hand,./val2014/COCO_val2014_000000343543.jpg
3699,What are these people all wearing?,these people,./val2014/COCO_val2014_000000466784.jpg
3700,What beverage is most likely in the clear glass?,clear glass,./val2014/COCO_val2014_000000128224.jpg
3701,Is this a homemade cake or bought in a store?,this,./val2014/COCO_val2014_000000550707.jpg
3702,What other products does jvc make?,jvc,./val2014/COCO_val2014_000000127573.jpg
3703,Fashion models have what in common with these vehicles?,these vehicles,./val2014/COCO_val2014_000000498666.jpg
3704,What are these people wearing?,these people wearing,./val2014/COCO_val2014_000000004066.jpg
3705,What green vegetable is mixed with the chicken?,the chicken,./val2014/COCO_val2014_000000457717.jpg
3706,What types of clouds are forming in the sky?,clouds in the sky,./val2014/COCO_val2014_000000224111.jpg
3707,What emotion is shown in the picture?,the picture,./val2014/COCO_val2014_000000133876.jpg
3708,Name the model of train shown in this picture?,train shown,./val2014/COCO_val2014_000000387855.jpg
3709,How many calories are in this food?,this food,./val2014/COCO_val2014_000000544120.jpg
3710,What about this picture makes one think of hawaii?,this picture,./val2014/COCO_val2014_000000453297.jpg
3711,What kind of bird is this?,bird is this,./val2014/COCO_val2014_000000236690.jpg
3712,What food do these animals eat?,these animals,./val2014/COCO_val2014_000000396556.jpg
3713,What meal would this be served for?,this,./val2014/COCO_val2014_000000391972.jpg
3714,What kind of bags are they using?,they using,./val2014/COCO_val2014_000000113282.jpg
3715,Which of these dogs will be the biggest when fully grown?,these dogs,./val2014/COCO_val2014_000000202275.jpg
3716,Where would you find this animal?,this animal,./val2014/COCO_val2014_000000253362.jpg
3717,What art is this?,this,./val2014/COCO_val2014_000000222043.jpg
3718,What city is in the background of this photo?,background of this photo,./val2014/COCO_val2014_000000342394.jpg
3719,What are the trees in the backhround called?,trees in the background,./val2014/COCO_val2014_000000115571.jpg
3720,How big do these animals get?,these animals,./val2014/COCO_val2014_000000052638.jpg
3721,What breed of cat is that?,cat is that,./val2014/COCO_val2014_000000218924.jpg
3722,Where do these people work?,these people,./val2014/COCO_val2014_000000005802.jpg
3723,What do you call these kinds of buses?,these kinds of buses,./val2014/COCO_val2014_000000022236.jpg
3724,What activity do the these utensils assist in?,these utensils,./val2014/COCO_val2014_000000196699.jpg
3725,What airline does this plane belong to?,this plane,./val2014/COCO_val2014_000000533201.jpg
3726,When was the first game of this created?,this,./val2014/COCO_val2014_000000088092.jpg
3727,What is this electronic device called?,this electronic device,./val2014/COCO_val2014_000000405188.jpg
3728,What are the ingredients of this drink?,this drink,./val2014/COCO_val2014_000000547630.jpg
3729,What race is this?,this,./val2014/COCO_val2014_000000249815.jpg
3730,The gray boat shown in this photo is made up of which category of wood?,gray boat shown in this photo,./val2014/COCO_val2014_000000038662.jpg
3731,What sport is being played?,sport being played,./val2014/COCO_val2014_000000057597.jpg
3732,What is the counter made of?,the counter,./val2014/COCO_val2014_000000447328.jpg
3733,What replaced this mode of transportation in the 1800s?,this mode of transportation,./val2014/COCO_val2014_000000289001.jpg
3734,Where is this bus going?,this bus,./val2014/COCO_val2014_000000233527.jpg
3735,What kind of bus is that?,bus is that,./val2014/COCO_val2014_000000132791.jpg
3736,What type of walls was used in this washroom?,this washroom,./val2014/COCO_val2014_000000245996.jpg
3737,What is the name of the type of clouds?,type of clouds,./val2014/COCO_val2014_000000186042.jpg
3738,What does this do?,this,./val2014/COCO_val2014_000000025593.jpg
3739,What is the temperature like?,the temperature,./val2014/COCO_val2014_000000197352.jpg
3740,What method of travel is the girl in the picture waiting for?,the girl,./val2014/COCO_val2014_000000472102.jpg
3741,What activity are these bears promoting?,these bears,./val2014/COCO_val2014_000000009262.jpg
3742,What is the name the style of painting on the truck?,style of painting,./val2014/COCO_val2014_000000061660.jpg
3743,What in this image can you not park in front of?,this image,./val2014/COCO_val2014_000000427376.jpg
3744,What type of infant development is this toy probably used for?,this toy,./val2014/COCO_val2014_000000268966.jpg
3745,Name the refrigerator model shown in this picture?,refrigerator model,./val2014/COCO_val2014_000000234328.jpg
3746,Which appliance in this room is used to keep things cold?,appliance in this room,./val2014/COCO_val2014_000000328862.jpg
3747,How was the surface of this tennis court colored?,this tennis court,./val2014/COCO_val2014_000000462845.jpg
3748,What brand makes this controller?,this controller,./val2014/COCO_val2014_000000357365.jpg
3749,What popular drink might accompany this snack?,this snack,./val2014/COCO_val2014_000000017366.jpg
3750,What type of battery is used for this remote?,this remote,./val2014/COCO_val2014_000000021592.jpg
3751,What type of emergency vehicle might this be?,this,./val2014/COCO_val2014_000000434990.jpg
3752,What must a driver do when they encounter the red sign seen here?,red sign seen here,./val2014/COCO_val2014_000000262471.jpg
3753,This kid is grinding a rail on what kind of board?,board,./val2014/COCO_val2014_000000380330.jpg
3754,What kind of pastry is this?,pastry is this,./val2014/COCO_val2014_000000363767.jpg
3755,What is this used for?,this,./val2014/COCO_val2014_000000107954.jpg
3756,What is the woman wearing?,woman wearing,./val2014/COCO_val2014_000000356531.jpg
3757,What is the name of this famous building?,this famous building,./val2014/COCO_val2014_000000153094.jpg
3758,Name the material used to make this skating board shown in this picture?,this skating board,./val2014/COCO_val2014_000000413948.jpg
3759,What sort of hat is this man wearing?,this man,./val2014/COCO_val2014_000000353866.jpg
3760,What is this room used for?,this room,./val2014/COCO_val2014_000000566324.jpg
3761,Ansal adams used what instrument?,instrument,./val2014/COCO_val2014_000000123360.jpg
3762,Is that an electric or gas stove?,that,./val2014/COCO_val2014_000000104790.jpg
3763,What city is seen here?,city,./val2014/COCO_val2014_000000362159.jpg
3764,What kind of phones are being used?,phones are being used,./val2014/COCO_val2014_000000187045.jpg
3765,What is in the glass on the left?,the glass,./val2014/COCO_val2014_000000076384.jpg
3766,Who invented this machine?,this machine,./val2014/COCO_val2014_000000504811.jpg
3767,What energy source does this object run on?,this object,./val2014/COCO_val2014_000000569058.jpg
3768,What kind of tennis racket is the man using?,tennis racket,./val2014/COCO_val2014_000000235156.jpg
3769,What is the temperature like?,temperature,./val2014/COCO_val2014_000000422383.jpg
3770,What are the food items in this photo called?,food items in this photo,./val2014/COCO_val2014_000000031596.jpg
3771,What type of meat is on the plate?,meat on the plate,./val2014/COCO_val2014_000000568426.jpg
3772,What will take you somewhere?,somewhere,./val2014/COCO_val2014_000000270066.jpg
3773,If you had to take a guess would you say that this is someone's bedroom or a hotel room?,this,./val2014/COCO_val2014_000000144635.jpg
3774,What holiday is it?,it,./val2014/COCO_val2014_000000102594.jpg
3775,What kind of truck is this?,truck is this,./val2014/COCO_val2014_000000516798.jpg
3776,What type of weather do these clouds signify?,these clouds,./val2014/COCO_val2014_000000551650.jpg
3777,What is the seating capacity of the silver vehicle?,silver vehicle,./val2014/COCO_val2014_000000428754.jpg
3778,Waht brand of bike is this?,bike is this,./val2014/COCO_val2014_000000493846.jpg
3779,Why is the cow here?,cow,./val2014/COCO_val2014_000000501142.jpg
3780,What kind of bus is there?,bus,./val2014/COCO_val2014_000000024566.jpg
3781,What ethnicity are the people?,the people,./val2014/COCO_val2014_000000513319.jpg
3782,What type of bears are these?,bears are these,./val2014/COCO_val2014_000000318080.jpg
3783,What type of natural structure is off to the right?,natural structure,./val2014/COCO_val2014_000000436992.jpg
3784,Who is she?,she,./val2014/COCO_val2014_000000468784.jpg
3785,Which food item here is not high carb?,food item here,./val2014/COCO_val2014_000000520012.jpg
3786,What form of communication can be sent using the keyboard on this device?,this device,./val2014/COCO_val2014_000000104320.jpg
3787,What flavor of donuts are the ones shown here?,ones shown here,./val2014/COCO_val2014_000000066926.jpg
3788,What language are these signs in?,these signs,./val2014/COCO_val2014_000000457708.jpg
3789,Why might someone choose to own this animal?,this animal,./val2014/COCO_val2014_000000255244.jpg
3790,How many chromosomes do these creatures have?,these creatures,./val2014/COCO_val2014_000000034708.jpg
3791,What kind of meal is this?,meal is this,./val2014/COCO_val2014_000000500219.jpg
3792,The birds on the television derive their name from what country?,birds on the television,./val2014/COCO_val2014_000000099645.jpg
3793,What famous president wore a similar hat?,similar hat,./val2014/COCO_val2014_000000166344.jpg
3794,What activity is being done?,activity,./val2014/COCO_val2014_000000364853.jpg
3795,What activity is this?,this,./val2014/COCO_val2014_000000396863.jpg
3796,What is connected to the fire hydrant?,fire hydrant,./val2014/COCO_val2014_000000571865.jpg
3797,What brand makes the gaming system shown?,gaming system,./val2014/COCO_val2014_000000468954.jpg
3798,What could i use to wash my body?,my body,./val2014/COCO_val2014_000000110559.jpg
3799,What breed of cows are these?,cows are these,./val2014/COCO_val2014_000000571034.jpg
3800,What are these people doing?,these people,./val2014/COCO_val2014_000000007274.jpg
3801,What skateboard trick is the boy performing?,skateboard trick,./val2014/COCO_val2014_000000448365.jpg
3802,Are these elephants babies or adults?,these elephants,./val2014/COCO_val2014_000000263860.jpg
3803,What kind of dogs are these?,dogs are these,./val2014/COCO_val2014_000000125405.jpg
3804,Are the objects decorative or useful?,objects,./val2014/COCO_val2014_000000226256.jpg
3805,What breed of animal is this?,animal is this,./val2014/COCO_val2014_000000459064.jpg
3806,What country serves this most?,this,./val2014/COCO_val2014_000000345353.jpg
3807,How do you compete in this sport?,this sport,./val2014/COCO_val2014_000000526778.jpg
3808,What is the white object called that the man is holding on to?,white object,./val2014/COCO_val2014_000000205671.jpg
3809,Name the items of clothing round the man's neck?,items of clothing,./val2014/COCO_val2014_000000204943.jpg
3810,What brandname are the lip balms?,lip balms,./val2014/COCO_val2014_000000410375.jpg
3811,Why is this picture fuzzy?,this picture,./val2014/COCO_val2014_000000093611.jpg
3812,What landmark is in the photo?,landmark is in the photo,./val2014/COCO_val2014_000000018687.jpg
3813,What dog breed is pictured here?,pictured here,./val2014/COCO_val2014_000000245201.jpg
3814,Which type of ceramic is used for making the toilet shown in this photo?,toilet,./val2014/COCO_val2014_000000379158.jpg
3815,What is the train made of?,train,./val2014/COCO_val2014_000000071345.jpg
3816,What energy source does the appliance in the image run on?,appliance in the image,./val2014/COCO_val2014_000000479248.jpg
3817,What is the proper response when traveling in a vehicle and seeing a red traffic light?,red traffic light,./val2014/COCO_val2014_000000437423.jpg
3818,Why don't the other people have an umbrella?,other people,./val2014/COCO_val2014_000000020774.jpg
3819,Where would someone go to learn to type?,someone go to learn,./val2014/COCO_val2014_000000540912.jpg
3820,What type of pizza is this?,pizza is this,./val2014/COCO_val2014_000000034877.jpg
3821,What drink is this?,drink is this,./val2014/COCO_val2014_000000221893.jpg
3822,What type of clouds are depicted?,clouds,./val2014/COCO_val2014_000000055299.jpg
3823,Which part of the country could this be?,this,./val2014/COCO_val2014_000000098497.jpg
3824,What type of league is this?,this league,./val2014/COCO_val2014_000000507551.jpg
3825,Where is this picture taken?,this picture,./val2014/COCO_val2014_000000397211.jpg
3826,Who first invented the type of lighting fixture shown?,lighting fixture,./val2014/COCO_val2014_000000380348.jpg
3827,What kind of store is this?,store is this,./val2014/COCO_val2014_000000486987.jpg
3828,Would this food be eaten at the beginning or end of a meal?,this food,./val2014/COCO_val2014_000000459382.jpg
3829,What style of keyboard and mouse is this?,keyboard and mouse,./val2014/COCO_val2014_000000173532.jpg
3830,What should these men look out for to be safe?,these men,./val2014/COCO_val2014_000000278705.jpg
3831,What kind of cars are driving here?,cars are driving,./val2014/COCO_val2014_000000124102.jpg
3832,What do cars do when the street lights are this color?,this color,./val2014/COCO_val2014_000000102906.jpg
3833,Who invented the object the woman is holding?,object the woman,./val2014/COCO_val2014_000000340665.jpg
3834,How long does it take to make these cookies?,these cookies,./val2014/COCO_val2014_000000134935.jpg
3835,Who is she calling?,she,./val2014/COCO_val2014_000000052413.jpg
3836,What vegetables are on this plate?,this plate,./val2014/COCO_val2014_000000480000.jpg
3837,What type of plant is the one on the most right?,plant,./val2014/COCO_val2014_000000271576.jpg
3838,Whose face is on the coin?,the coin,./val2014/COCO_val2014_000000370999.jpg
3839,What type of fighter jet is this?,fighter jet,./val2014/COCO_val2014_000000443630.jpg
3840,What would you have to remove to make this lunch vegetarian?,this lunch,./val2014/COCO_val2014_000000131171.jpg
3841,What makes up the smoke stack on this cake?,this cake,./val2014/COCO_val2014_000000029346.jpg
3842,What type of place is this?,this,./val2014/COCO_val2014_000000267802.jpg
3843,What is the green leafy vegetable that looks like little bushes in this dish?,green leafy vegetable,./val2014/COCO_val2014_000000511572.jpg
3844,How high off the ground are these traffic lights?,these traffic lights,./val2014/COCO_val2014_000000304044.jpg
3845,Where would i see these?,these,./val2014/COCO_val2014_000000031446.jpg
3846,What chore could you complete in this room in a ddition to bathing?,this room,./val2014/COCO_val2014_000000239376.jpg
3847,Why does she have an umbrella?,umbrella,./val2014/COCO_val2014_000000266866.jpg
3848,Can you guess the breed of dog shown in this picture?,dog shown,./val2014/COCO_val2014_000000575957.jpg
3849,What institution are these children going to?,these children,./val2014/COCO_val2014_000000419235.jpg
3850,What is the temperature like here?,here,./val2014/COCO_val2014_000000158602.jpg
3851,What is the ethnicity?,the ethnicity,./val2014/COCO_val2014_000000496687.jpg
3852,Name the hair dryer brand name shown in this picture?,this picture,./val2014/COCO_val2014_000000418944.jpg
3853,What kind of business?,business,./val2014/COCO_val2014_000000416930.jpg
3854,What material is this sofa made of?,this sofa,./val2014/COCO_val2014_000000383107.jpg
3855,When was the company on this toothbrush founded?,this toothbrush,./val2014/COCO_val2014_000000252403.jpg
3856,The natural structure shown is made of what material?,natural structure,./val2014/COCO_val2014_000000440000.jpg
3857,What type of occasions are represented?,occasions,./val2014/COCO_val2014_000000418578.jpg
3858,Which country won the 2018 world cup?,the 2018 world cup,./val2014/COCO_val2014_000000457559.jpg
3859,What room is this?,this,./val2014/COCO_val2014_000000046775.jpg
3860,Is this a phone holster or a pda holster?,this,./val2014/COCO_val2014_000000214869.jpg
3861,Why would we assume that someone is looking for energy for their day?,someone,./val2014/COCO_val2014_000000469936.jpg
3862,What holiday are these people celebrating?,these people,./val2014/COCO_val2014_000000502959.jpg
3863,What is the height of that bus?,that bus,./val2014/COCO_val2014_000000216618.jpg
3864,What is the average size of this animal at birth?,this animal,./val2014/COCO_val2014_000000490643.jpg
3865,What famous news channel is being broadcast on the television?,news channel,./val2014/COCO_val2014_000000302603.jpg
3866,What's the standard ripe color for objects in the picture?,objects in the picture,./val2014/COCO_val2014_000000157192.jpg
3867,What type of bird is this?,bird is this,./val2014/COCO_val2014_000000374551.jpg
3868,What type of shirt does the tall man have on?,shirt,./val2014/COCO_val2014_000000578237.jpg
3869,What is the name of the snowboarding posture pictured here?,snowboarding posture,./val2014/COCO_val2014_000000285497.jpg
3870,Does this appear to be a commercial or personal boat?,this,./val2014/COCO_val2014_000000226631.jpg
3871,What material are the ramps in the photo made from?,the ramps,./val2014/COCO_val2014_000000252444.jpg
3872,What is this trick called?,this trick,./val2014/COCO_val2014_000000147653.jpg
3873,The pendant represents what?,pendant,./val2014/COCO_val2014_000000006393.jpg
3874,What kind of truck is in the photo?,truck in the photo,./val2014/COCO_val2014_000000572980.jpg
3875,The stuffed animal in this picture is named for which president?,stuffed animal,./val2014/COCO_val2014_000000081361.jpg
3876,What language is the sign on the bear in?,sign on the bear,./val2014/COCO_val2014_000000473919.jpg
3877,What might you put these on?,these,./val2014/COCO_val2014_000000143236.jpg
3878,What kind of flower is this?,flower is this,./val2014/COCO_val2014_000000547102.jpg
3879,What are the ingredients on top of this pizza classified as?,this pizza,./val2014/COCO_val2014_000000221659.jpg
3880,What does a handshake mean in greeting?,handshake,./val2014/COCO_val2014_000000241174.jpg
3881,What are the reigns on the horse used for?,reigns on the horse,./val2014/COCO_val2014_000000183675.jpg
3882,Where is this vehicle?,this vehicle,./val2014/COCO_val2014_000000457054.jpg
3883,What body part of the giraffe is the slimiest?,giraffe,./val2014/COCO_val2014_000000389453.jpg
3884,In what way is this chef cooking?,this chef,./val2014/COCO_val2014_000000487720.jpg
3885,Where did this man learn to play tennis?,this man,./val2014/COCO_val2014_000000414698.jpg
3886,Where would you find this animal?,this animal,./val2014/COCO_val2014_000000404444.jpg
3887,What is type of horse is brown and black?,horse,./val2014/COCO_val2014_000000431855.jpg
3888,What is the job of the man in black?,man in black,./val2014/COCO_val2014_000000470070.jpg
3889,Where was the pattern on this plate manufactured?,pattern on this plate,./val2014/COCO_val2014_000000253426.jpg
3890,What would one expect to see with to support a skier?,support a skier,./val2014/COCO_val2014_000000121788.jpg
3891,What country is a room like this probably located in?,room like this,./val2014/COCO_val2014_000000121586.jpg
3892,What type of phone is shown in the image?,phone,./val2014/COCO_val2014_000000271068.jpg
3893,What popular pbs television show might display items like these?,items like these,./val2014/COCO_val2014_000000096001.jpg
3894,What is the name of the conspiracy theory that involves these marks in the sky?,these marks,./val2014/COCO_val2014_000000504378.jpg
3895,Name the material from which this bat is made of?,this bat,./val2014/COCO_val2014_000000434700.jpg
3896,How much gas does this type of transportation usually require?,this type of transportation,./val2014/COCO_val2014_000000373521.jpg
3897,What kind of sandwich is pictured?,sandwich,./val2014/COCO_val2014_000000468972.jpg
3898,On what platform might she post this photo?,this photo,./val2014/COCO_val2014_000000000692.jpg
3899,What drink is in this persons hand?,this persons hand,./val2014/COCO_val2014_000000515540.jpg
3900,Why is this man dressed like this?,this man dressed,./val2014/COCO_val2014_000000504585.jpg
3901,How old is this baby?,this baby,./val2014/COCO_val2014_000000246863.jpg
3902,Where can you buy this pet?,this pet,./val2014/COCO_val2014_000000158127.jpg
3903,What part of africa do these animals live?,these animals,./val2014/COCO_val2014_000000179558.jpg
3904,What nationality is this food?,this food,./val2014/COCO_val2014_000000161807.jpg
3905,The championship game of this sport is more specifically known as what?,this sport,./val2014/COCO_val2014_000000067422.jpg
3906,What type of furniture is the girl leaning against?,furniture,./val2014/COCO_val2014_000000107339.jpg
3907,What is the mans occupation?,the mans occupation,./val2014/COCO_val2014_000000083065.jpg
3908,Where can you buy this pet?,this pet,./val2014/COCO_val2014_000000230501.jpg
3909,Where are the buses stopped?,buses,./val2014/COCO_val2014_000000058569.jpg
3910,What does stop mean?,stop,./val2014/COCO_val2014_000000192716.jpg
3911,What sort of things might be sold in this establishment?,this establishment,./val2014/COCO_val2014_000000466986.jpg
3912,What protein is on this pizza?,this pizza,./val2014/COCO_val2014_000000418471.jpg
3913,Which material is used to make this bat shown in this picture?,this bat,./val2014/COCO_val2014_000000356648.jpg
3914,What is this riding on?,this,./val2014/COCO_val2014_000000161758.jpg
3915,Name the painting material used to paint this vechicle in this picture?,vehicle,./val2014/COCO_val2014_000000463605.jpg
3916,This form of relaying time is also a type of technology known as what?,this form,./val2014/COCO_val2014_000000079657.jpg
3917,What is the animal name mentioned on the bus in image?,animal name,./val2014/COCO_val2014_000000450206.jpg
3918,What type of temperature is this?,this,./val2014/COCO_val2014_000000478099.jpg
3919,What food do these animals eat?,these animals,./val2014/COCO_val2014_000000124002.jpg
3920,What company created this gaming system?,this gaming system,./val2014/COCO_val2014_000000512974.jpg
3921,What are the health qualities of this food?,this food,./val2014/COCO_val2014_000000415823.jpg
3922,What model of motorbike is this?,motorbike is this,./val2014/COCO_val2014_000000406253.jpg
3923,The colors of the bus are which countries' colors?,colors of the bus,./val2014/COCO_val2014_000000229096.jpg
3924,What is the outside temperature?,outside temperature,./val2014/COCO_val2014_000000244822.jpg
3925,What is the weather like?,the weather,./val2014/COCO_val2014_000000354088.jpg
3926,Where are these puffins?,these puffins,./val2014/COCO_val2014_000000245153.jpg
3927,What is the brand name of the cell phone being used in this photo?,this photo,./val2014/COCO_val2014_000000183914.jpg
3928,What material is the shelf behind the woman made out of?,shelf behind the woman,./val2014/COCO_val2014_000000066172.jpg
3929,What weather conditions are required to participate in the sport shown in the photo?,sport shown,./val2014/COCO_val2014_000000210890.jpg
3930,The painted lettering under the bridge is called what?,painted lettering,./val2014/COCO_val2014_000000284552.jpg
3931,What sport is this item used in?,this item,./val2014/COCO_val2014_000000063399.jpg
3932,How is this meat made?,this meat,./val2014/COCO_val2014_000000254225.jpg
3933,What happens if he doesn't hit the ball after three tries?,ball,./val2014/COCO_val2014_000000192670.jpg
3934,Name the green leaf in this plate?,this plate,./val2014/COCO_val2014_000000117836.jpg
3935,What is the name for this style of clothing?,this style of clothing,./val2014/COCO_val2014_000000257656.jpg
3936,Name the model of aircraft shown in this picture?,aircraft,./val2014/COCO_val2014_000000109231.jpg
3937,How long is his tail mane?,tail mane,./val2014/COCO_val2014_000000290957.jpg
3938,Are they sitting on a plane or a bus?,they,./val2014/COCO_val2014_000000479008.jpg
3939,What is that jacket made of?,that jacket,./val2014/COCO_val2014_000000080117.jpg
3940,What event is this?,this,./val2014/COCO_val2014_000000031041.jpg
3941,What happened to the bat?,bat,./val2014/COCO_val2014_000000054007.jpg
3942,If this is a college student is the room messy or clean?,this,./val2014/COCO_val2014_000000432607.jpg
3943,What kind of tires are on that motorcycle?,tires,./val2014/COCO_val2014_000000378502.jpg
3944,What do these animals drink?,these animals,./val2014/COCO_val2014_000000292685.jpg
3945,Where are these donuts being made?,these donuts,./val2014/COCO_val2014_000000202201.jpg
3946,In what country is this animal found?,this animal,./val2014/COCO_val2014_000000356967.jpg
3947,What breed of dog is seen in this picture?,dog,./val2014/COCO_val2014_000000170278.jpg
3948,This plush toy was named after what us president?,plush toy,./val2014/COCO_val2014_000000163105.jpg
3949,Which brand of cycle is shown in this photo?,cycle in this photo,./val2014/COCO_val2014_000000575254.jpg
3950,What color are these devices usually painted?,these devices,./val2014/COCO_val2014_000000466263.jpg
3951,What type of water is this?,this water,./val2014/COCO_val2014_000000578984.jpg
3952,What is this made with?,this,./val2014/COCO_val2014_000000035210.jpg
3953,What is the purpose of the cage in the back?,cage in the back,./val2014/COCO_val2014_000000382443.jpg
3954,What is the man in red doing?,man in red,./val2014/COCO_val2014_000000365752.jpg
3955,What are these all together?,these,./val2014/COCO_val2014_000000260141.jpg
3956,Where would you find this?,this,./val2014/COCO_val2014_000000146601.jpg
3957,Can you guess which kind of glass is shown by the lady in this picture?,glass,./val2014/COCO_val2014_000000386187.jpg
3958,What is the liquid that fills the hanging bag?,hanging bag,./val2014/COCO_val2014_000000476939.jpg
3959,How does this train run?,this train,./val2014/COCO_val2014_000000028236.jpg
3960,What mountain are these hikers climbing up?,these hikers,./val2014/COCO_val2014_000000024157.jpg
3961,What is the outside temperature?,outside temperature,./val2014/COCO_val2014_000000508586.jpg
3962,What is the brown thing around his neck?,brown thing around,./val2014/COCO_val2014_000000161557.jpg
3963,Can you guess the place where this animal is seen?,this animal,./val2014/COCO_val2014_000000511654.jpg
3964,What is the object on the dogs head called?,object on the dogs head,./val2014/COCO_val2014_000000302260.jpg
3965,What part of the body is the food in the bowl good for?,food in the bowl,./val2014/COCO_val2014_000000229191.jpg
3966,In this sport the person meant to protect the goal area is called a what?,this sport,./val2014/COCO_val2014_000000188067.jpg
3967,The photo appears to have been taken from a window of what?,a window,./val2014/COCO_val2014_000000287559.jpg
3968,What do these animals diet consist of?,these animals,./val2014/COCO_val2014_000000409369.jpg
3969,What make and model is this plane?,this plane,./val2014/COCO_val2014_000000366031.jpg
3970,What city is famous for this type of sandwich?,this type of sandwich,./val2014/COCO_val2014_000000054517.jpg
3971,Which material is used for making the knife shown in this picture?,this picture,./val2014/COCO_val2014_000000221199.jpg
3972,What american holiday is this animal associated with?,this animal,./val2014/COCO_val2014_000000284623.jpg
3973,Where can i buy a tv like that on the internet?,tv like that,./val2014/COCO_val2014_000000166521.jpg
3974,What animal is being milked?,animal,./val2014/COCO_val2014_000000531512.jpg
3975,What nationality is the woman sitting on the stairs?,woman sitting,./val2014/COCO_val2014_000000373193.jpg
3976,How long do trees like this live?,trees like this,./val2014/COCO_val2014_000000202656.jpg
3977,What type of room is this?,room is this,./val2014/COCO_val2014_000000299067.jpg
3978,What is one ingredient that would go into this?,this,./val2014/COCO_val2014_000000381382.jpg
3979,What is the name of the cooking style used to produce the items on the table in this photo?,items on the table,./val2014/COCO_val2014_000000510548.jpg
3980,Which racing event is this?,this,./val2014/COCO_val2014_000000374487.jpg
3981,Which plate contains healthier food options?,plate,./val2014/COCO_val2014_000000478155.jpg
3982,Which animal pictured here is clearly male?,animal pictured here,./val2014/COCO_val2014_000000131453.jpg
3983,What vitamins do you get from this fruit?,this fruit,./val2014/COCO_val2014_000000006614.jpg
3984,What year did this invention first start appearing in the average person's home?,this invention,./val2014/COCO_val2014_000000082367.jpg
3985,What kind of bike is this?,bike is this,./val2014/COCO_val2014_000000359086.jpg
3986,What is the name of the device that is protecting people from the rain in this picture?,device,./val2014/COCO_val2014_000000557633.jpg
3987,What company makes this bike?,this bike,./val2014/COCO_val2014_000000159233.jpg
3988,What motion is this person making?,this person,./val2014/COCO_val2014_000000013637.jpg
3989,Which brand of aeroplane is shown in this picture?,aeroplane is shown,./val2014/COCO_val2014_000000416271.jpg
3990,Why would you ride on one of these vehicles?,these vehicles,./val2014/COCO_val2014_000000559113.jpg
3991,Where would this sign normally be located?,this sign,./val2014/COCO_val2014_000000042888.jpg
3992,What is the name of the art in the backround?,the art,./val2014/COCO_val2014_000000531735.jpg
3993,How old are the boys?,the boys,./val2014/COCO_val2014_000000173959.jpg
3994,Often referred to as the loo in british culture?,the loo,./val2014/COCO_val2014_000000141709.jpg
3995,Are they mowing or plating?,they,./val2014/COCO_val2014_000000287436.jpg
3996,Are zebras considered omnivores herbivores or carnivores?,zebras,./val2014/COCO_val2014_000000546164.jpg
3997,What animal toy is on the left?,animal toy,./val2014/COCO_val2014_000000256940.jpg
3998,What brand of television sits in this room?,television,./val2014/COCO_val2014_000000188434.jpg
3999,How is this cooked?,this,./val2014/COCO_val2014_000000294475.jpg
4000,What food does this animal eat?,this animal,./val2014/COCO_val2014_000000571944.jpg
4001,Name the ingredients used to make this dish?,this dish,./val2014/COCO_val2014_000000579405.jpg
4002,How long do people usually spend doing this activity?,this activity,./val2014/COCO_val2014_000000311964.jpg
4003,How long do these animals live?,these animals,./val2014/COCO_val2014_000000268885.jpg
4004,What kind of cake is the woman cutting into?,the woman cutting,./val2014/COCO_val2014_000000493728.jpg
4005,Who is the designer of the orange backpack?,orange backpack,./val2014/COCO_val2014_000000334125.jpg
4006,What has the woman in this photo just done?,woman in this photo,./val2014/COCO_val2014_000000305545.jpg
4007,What sporting equipment is he using?,sporting equipment,./val2014/COCO_val2014_000000127068.jpg
4008,What is the theme song of the military branch to which these men belong?,these men,./val2014/COCO_val2014_000000543531.jpg
4009,Is this photo in a city or village?,this photo,./val2014/COCO_val2014_000000400516.jpg
4010,How is the boat in the picture propelled?,boat in the picture,./val2014/COCO_val2014_000000210149.jpg
4011,Can you guess the place where this sport is played?,this sport,./val2014/COCO_val2014_000000411438.jpg
4012,What country is shown here?,shown here,./val2014/COCO_val2014_000000538828.jpg
4013,What other types of fruit might be used in this desert?,this desert,./val2014/COCO_val2014_000000021686.jpg
4014,Name the game played by this man in this picture?,this man in this picture,./val2014/COCO_val2014_000000296848.jpg
4015,What ceremony are these people participating in?,these people,./val2014/COCO_val2014_000000473219.jpg
4016,What country is this tour bus in?,this tour bus,./val2014/COCO_val2014_000000211674.jpg
4017,How quiet or noisy would one expect this location to be?,this location,./val2014/COCO_val2014_000000509811.jpg
4018,What is this mirror called on a car?,this mirror,./val2014/COCO_val2014_000000401061.jpg
4019,What is this kind of sink called?,this kind of sink,./val2014/COCO_val2014_000000058472.jpg
4020,Can you guess the material out of which the washbasin is made?,washbasin,./val2014/COCO_val2014_000000216320.jpg
4021,What already happened to this food item?,this food item,./val2014/COCO_val2014_000000066769.jpg
4022,What kinds of food grows on these?,these,./val2014/COCO_val2014_000000148707.jpg
4023,What type of dog is this?,dog is this,./val2014/COCO_val2014_000000169347.jpg
4024,Which brands of mobile phones are used in this picture?,mobile phones,./val2014/COCO_val2014_000000450959.jpg
4025,Is this a meal or snack?,this,./val2014/COCO_val2014_000000374111.jpg
4026,Why do we think there is a school nearby?,school nearby,./val2014/COCO_val2014_000000416159.jpg
4027,What type of food are these animals known for?,these animals,./val2014/COCO_val2014_000000346412.jpg
4028,Which vehicle is pulling the person for this activity?,vehicle,./val2014/COCO_val2014_000000368602.jpg
4029,What country would you guess these people are in?,these people,./val2014/COCO_val2014_000000386224.jpg
4030,What activity could be done in this room?,this room,./val2014/COCO_val2014_000000546934.jpg
4031,What does this device do?,this device,./val2014/COCO_val2014_000000058254.jpg
4032,What dangers do these men face not wearing helmets while riding motorcycles?,these men,./val2014/COCO_val2014_000000148526.jpg
4033,How old the person celebrating a birthday?,the person,./val2014/COCO_val2014_000000297444.jpg
4034,Name the place where this person is shown in this picture?,this person,./val2014/COCO_val2014_000000241889.jpg
4035,What kind of fruit is that?,fruit is that,./val2014/COCO_val2014_000000335148.jpg
4036,What occupation is the mans?,the mans,./val2014/COCO_val2014_000000185201.jpg
4037,What is this used for?,this,./val2014/COCO_val2014_000000302155.jpg
4038,Would you be wet or dry after using this room?,this room,./val2014/COCO_val2014_000000362127.jpg
4039,How heavy can these animals get?,these animals,./val2014/COCO_val2014_000000273156.jpg
4040,How fast can this type of train go?,this type of train,./val2014/COCO_val2014_000000431896.jpg
4041,What pattern is the bedcover?,bedcover,./val2014/COCO_val2014_000000170442.jpg
4042,What ethnicity are the people?,the people,./val2014/COCO_val2014_000000033006.jpg
4043,What might you do in this room?,this room,./val2014/COCO_val2014_000000091079.jpg
4044,Which president is this bear named for?,this bear,./val2014/COCO_val2014_000000072753.jpg
4045,What are the chairs made of?,chairs,./val2014/COCO_val2014_000000485994.jpg
4046,What river are the elephants standing in?,river,./val2014/COCO_val2014_000000219792.jpg
4047,What type of building is this?,building is this,./val2014/COCO_val2014_000000444888.jpg
4048,Is the man working or playing with the disc?,the disc,./val2014/COCO_val2014_000000072770.jpg
4049,What are these people dressed like they are?,these people dressed,./val2014/COCO_val2014_000000363188.jpg
4050,What is the purpose of the mechanical device in this picture?,mechanical device,./val2014/COCO_val2014_000000027585.jpg
4051,What kind of flowers are these?,flowers are these,./val2014/COCO_val2014_000000162841.jpg
4052,To which group of road users is this traffic sign intended?,this traffic sign,./val2014/COCO_val2014_000000222094.jpg
4053,Where can you buy the item being delivered?,item being delivered,./val2014/COCO_val2014_000000117222.jpg
4054,What is this animal doing?,this animal,./val2014/COCO_val2014_000000501047.jpg
4055,What are the ingredients of the muffins?,the muffins,./val2014/COCO_val2014_000000313337.jpg
4056,What is this dessert called?,this dessert,./val2014/COCO_val2014_000000493386.jpg
4057,What is the maximum number of people that can participate in this game?,this game,./val2014/COCO_val2014_000000273321.jpg
4058,Which type of wood is used for the kitchen cupboard shown in this picture?,kitchen cupboard shown in this picture,./val2014/COCO_val2014_000000421457.jpg
4059,Is this the desert or beach?,this,./val2014/COCO_val2014_000000109900.jpg
4060,Name the material used to make this umbrella shown in this picture?,this umbrella,./val2014/COCO_val2014_000000575287.jpg
4061,Why are more of these arctic mammals swimming for longer distances to find food?,these arctic mammals,./val2014/COCO_val2014_000000580390.jpg
4062,Who might sleep in this room?,this room,./val2014/COCO_val2014_000000172006.jpg
4063,What season are these gourds typically harvested in?,these gourds,./val2014/COCO_val2014_000000403951.jpg
4064,Why the sheep does't need food?,sheep,./val2014/COCO_val2014_000000468043.jpg
4065,What style of architecture is this building?,this building,./val2014/COCO_val2014_000000222458.jpg
4066,Why are they in the middle of the street?,they,./val2014/COCO_val2014_000000453724.jpg
4067,What is the shape of the hole the horse is staring out of?,hole,./val2014/COCO_val2014_000000085162.jpg
4068,Name the material used to make this cap shown in this picture?,this cap,./val2014/COCO_val2014_000000532381.jpg
4069,Is this bathroom at a house or hotel?,this bathroom,./val2014/COCO_val2014_000000294131.jpg
4070,What are these vehicles floating on?,these vehicles,./val2014/COCO_val2014_000000139740.jpg
4071,What country is famous for having these?,these,./val2014/COCO_val2014_000000277869.jpg
4072,What is the plane going to do?,plane,./val2014/COCO_val2014_000000461017.jpg
4073,What county is this?,this,./val2014/COCO_val2014_000000435823.jpg
4074,What time of the day is it?,the day,./val2014/COCO_val2014_000000105426.jpg
4075,What taste does the white topping usually have?,white topping,./val2014/COCO_val2014_000000252748.jpg
4076,What category of food is this?,this,./val2014/COCO_val2014_000000298691.jpg
4077,What is this man doing?,this man,./val2014/COCO_val2014_000000315037.jpg
4078,What restraurant is in the back?,back,./val2014/COCO_val2014_000000128704.jpg
4079,What is this used for?,this,./val2014/COCO_val2014_000000093297.jpg
4080,What kind of birds are those?,birds,./val2014/COCO_val2014_000000253607.jpg
4081,What is the other duties of this occupation?,this occupation,./val2014/COCO_val2014_000000318561.jpg
4082,What are the offspring of that animal called?,that animal,./val2014/COCO_val2014_000000124664.jpg
4083,What city is this in?,this,./val2014/COCO_val2014_000000178744.jpg
4084,This eyewear doesn't help readers but it does cut down on what?,This eyewear,./val2014/COCO_val2014_000000159900.jpg
4085,What room of the house would this vanity be located in?,this vanity,./val2014/COCO_val2014_000000001803.jpg
4086,Who is the namesake of this stuffed toys?,this stuffed toys,./val2014/COCO_val2014_000000564940.jpg
4087,How are these two laptops connected?,these two laptops,./val2014/COCO_val2014_000000232376.jpg
4088,Real or fake giraffe?,giraffe,./val2014/COCO_val2014_000000442661.jpg
4089,What fast food chain might sell entrees produced by this type of livestock?,this type of livestock,./val2014/COCO_val2014_000000389400.jpg
4090,What is the profession of the men in this photo?,men in this photo,./val2014/COCO_val2014_000000497960.jpg
4091,What type of wine could that be?,wine could that,./val2014/COCO_val2014_000000398604.jpg
4092,What would you find in this room?,this room,./val2014/COCO_val2014_000000275695.jpg
4093,Does this man look more like tom cruise or stephen merchant?,this man,./val2014/COCO_val2014_000000082551.jpg
4094,How does this animal nourish her young?,this animal,./val2014/COCO_val2014_000000138446.jpg
4095,What is the name of a female one of these animals?,these animals,./val2014/COCO_val2014_000000086615.jpg
4096,What sport is this?,this,./val2014/COCO_val2014_000000364557.jpg
4097,What happens when you cross paths with this color of cat?,this color of cat,./val2014/COCO_val2014_000000262626.jpg
4098,What season is it?,the season,./val2014/COCO_val2014_000000213432.jpg
4099,Which item shown here would beach goers have to refrain from using for the sun to produce extra melanin in their skin resulting in browning?,item shown here,./val2014/COCO_val2014_000000092134.jpg
4100,Would this typically transport people or grains?,this,./val2014/COCO_val2014_000000012666.jpg
4101,What type of dinner would you consider this to be?,this to be,./val2014/COCO_val2014_000000276127.jpg
4102,Where might an activity like these take place?,activity like these,./val2014/COCO_val2014_000000478550.jpg
4103,What climate is best for this type of plant?,this type of plant,./val2014/COCO_val2014_000000247764.jpg
4104,The association for the sport shown in this photo goes by the acronym asp what does asp stand for?,sport shown in this photo,./val2014/COCO_val2014_000000469755.jpg
4105,Is the cat male or female?,cat,./val2014/COCO_val2014_000000283904.jpg
4106,What are these horses doing?,these horses,./val2014/COCO_val2014_000000051309.jpg
4107,Why is the truck rusted?,truck,./val2014/COCO_val2014_000000188522.jpg
4108,What activity is the man in the canoe about to do?,man in the canoe,./val2014/COCO_val2014_000000481267.jpg
4109,What is this horse pulling behind it?,this horse,./val2014/COCO_val2014_000000210408.jpg
4110,What era is this furniture from?,this furniture,./val2014/COCO_val2014_000000546569.jpg
4111,What is the print called on this mans sweater?,this mans sweater,./val2014/COCO_val2014_000000498747.jpg
4112,What type of dog is this?,dog is this,./val2014/COCO_val2014_000000209289.jpg
4113,Why is leather a popular option for those that ride on this type of vehicle?,this type of vehicle,./val2014/COCO_val2014_000000140465.jpg
4114,What is the complimentary color to the bike?,bike,./val2014/COCO_val2014_000000060177.jpg
4115,What company manufactured this computer?,this computer,./val2014/COCO_val2014_000000055323.jpg
4116,What is covering the wooden table under the dishes?,wooden table,./val2014/COCO_val2014_000000106113.jpg
4117,What time of day is it?,time of day,./val2014/COCO_val2014_000000497674.jpg
4118,What network did the show in the picture first air on?,show in the picture,./val2014/COCO_val2014_000000455384.jpg
4119,What are the tool in the image used for?,tool in the image,./val2014/COCO_val2014_000000423058.jpg
4120,What is a famous chain that might serve this food?,this food,./val2014/COCO_val2014_000000308735.jpg
4121,What isn't edible?,isn't edible,./val2014/COCO_val2014_000000324979.jpg
4122,What kind of bird is this?,bird is this,./val2014/COCO_val2014_000000507739.jpg
4123,On what type of plant does the pictured fruit grow?,pictured fruit,./val2014/COCO_val2014_000000095062.jpg
4124,What activity can be done using the appliance on the wall?,appliance on the wall,./val2014/COCO_val2014_000000298396.jpg
4125,What kind of pottery?,pottery,./val2014/COCO_val2014_000000139181.jpg
4126,What sort of establishment serves drinks that may contain very small versions of these?,these,./val2014/COCO_val2014_000000347377.jpg
4127,What is the white appliance called?,white appliance,./val2014/COCO_val2014_000000346560.jpg
4128,What species of sheep is this person taking a photo with?,this person,./val2014/COCO_val2014_000000114710.jpg
4129,What is the bright light in the umbrella for?,bright light,./val2014/COCO_val2014_000000407943.jpg
4130,What is the player in pads catching?,player in pads,./val2014/COCO_val2014_000000154816.jpg
4131,What vitamins do these provide?,these,./val2014/COCO_val2014_000000335810.jpg
4132,Is this a meal or snack?,this,./val2014/COCO_val2014_000000155861.jpg
4133,What kind of juice?,juice,./val2014/COCO_val2014_000000039659.jpg
4134,Which type of metal is used to make this cycle where the dogs are sitting in this picture?,this cycle,./val2014/COCO_val2014_000000233660.jpg
4135,What precipitation is on the ground here?,precipitation on the ground,./val2014/COCO_val2014_000000074017.jpg
4136,How new is this room?,this room,./val2014/COCO_val2014_000000058329.jpg
4137,What kind of tower is this?,this tower,./val2014/COCO_val2014_000000024744.jpg
4138,What region would you find this type of bear?,this type of bear,./val2014/COCO_val2014_000000126123.jpg
4139,What kind of toy did the girl hit this?,this,./val2014/COCO_val2014_000000270474.jpg
4140,What era is this item made in?,this item,./val2014/COCO_val2014_000000297726.jpg
4141,Who officiates this sport?,this sport,./val2014/COCO_val2014_000000395291.jpg
4142,The fruit above the mans head is rich in one element?,fruit above,./val2014/COCO_val2014_000000482574.jpg
4143,What size is this bed?,this bed,./val2014/COCO_val2014_000000261504.jpg
4144,How would you cook this side dish?,this side dish,./val2014/COCO_val2014_000000015278.jpg
4145,What chocking mist come from these appliances?,these appliances,./val2014/COCO_val2014_000000137830.jpg
4146,What is this building use for?,this building,./val2014/COCO_val2014_000000574227.jpg
4147,The lamp is made from what material?,lamp,./val2014/COCO_val2014_000000523854.jpg
4148,What is the title of the boss of this object?,this object,./val2014/COCO_val2014_000000155736.jpg
4149,What meat do we get from these animals?,these animals,./val2014/COCO_val2014_000000143418.jpg
4150,Name the type dress material which is used to make this coat suits?,this coat suits,./val2014/COCO_val2014_000000148570.jpg
4151,How would you make the colourful decorations in this image?,colourful decorations in this image,./val2014/COCO_val2014_000000300994.jpg
4152,What is the purpose of this device?,this device,./val2014/COCO_val2014_000000357254.jpg
4153,How many cylinders does the silver motocycle have?,silver motocycle,./val2014/COCO_val2014_000000391011.jpg
4154,Is this for a competition or for fun?,this,./val2014/COCO_val2014_000000032735.jpg
4155,What percentage of us households own this type of animal?,this type of animal,./val2014/COCO_val2014_000000137507.jpg
4156,How many airplanes can take off from an airport at one time?,an airport,./val2014/COCO_val2014_000000042893.jpg
4157,What sport is he participating in?,he,./val2014/COCO_val2014_000000074166.jpg
4158,What does a car do at this color traffic light?,this color traffic light,./val2014/COCO_val2014_000000149376.jpg
4159,Is this a doubles or a singles match?,this,./val2014/COCO_val2014_000000540681.jpg
4160,What type of donuts are these?,donuts are these,./val2014/COCO_val2014_000000421745.jpg
4161,Which object in the picture would protect you from a rainstorm?,object in the picture,./val2014/COCO_val2014_000000327527.jpg
4162,Who is the top player of this sport in the world?,this sport,./val2014/COCO_val2014_000000442726.jpg
4163,What activites make the place croweded?,the place,./val2014/COCO_val2014_000000012670.jpg
4164,How many of the animals are male?,the animals,./val2014/COCO_val2014_000000153973.jpg
4165,What material is the fence made of in the photo?,the fence,./val2014/COCO_val2014_000000455157.jpg
4166,What red condiment is normally put on this food?,this food,./val2014/COCO_val2014_000000493243.jpg
4167,What is this person doing?,this person,./val2014/COCO_val2014_000000424548.jpg
4168,What age group plays this sport the most?,this sport,./val2014/COCO_val2014_000000181805.jpg
4169,What time of day is it?,time of day,./val2014/COCO_val2014_000000383339.jpg
4170,What is the purpose of the fin on the pink surfboard?,fin on the surfboard,./val2014/COCO_val2014_000000497466.jpg
4171,What kind of tree is this?,tree is this,./val2014/COCO_val2014_000000134034.jpg
4172,In what country is this building located?,this building,./val2014/COCO_val2014_000000485773.jpg
4173,Where would you find this type of conveyor belt?,this type of conveyor belt,./val2014/COCO_val2014_000000418761.jpg
4174,Why does the cat look scared?,the cat,./val2014/COCO_val2014_000000516194.jpg
4175,Who uses this white item?,this white item,./val2014/COCO_val2014_000000434693.jpg
4176,The people in the photo are holding very large what?,people in the photo,./val2014/COCO_val2014_000000099734.jpg
4177,What type of vehicle is this?,vehicle is this,./val2014/COCO_val2014_000000097679.jpg
4178,What meat do we get from these mammals?,these mammals,./val2014/COCO_val2014_000000043680.jpg
4179,What state has a capital city with the same name as this avenue?,this avenue,./val2014/COCO_val2014_000000010928.jpg
4180,How often should someone use this?,this,./val2014/COCO_val2014_000000365385.jpg
4181,What is the train crossing under?,train crossing,./val2014/COCO_val2014_000000539143.jpg
4182,What is in the cow's ears?,cow's ears,./val2014/COCO_val2014_000000037119.jpg
4183,Their vests are made of what material?,vests,./val2014/COCO_val2014_000000066959.jpg
4184,What kind of hat is this?,hat is this,./val2014/COCO_val2014_000000044508.jpg
4185,What is the slogan of this shoe brand?,this shoe brand,./val2014/COCO_val2014_000000563575.jpg
4186,What hairstyle is this?,this,./val2014/COCO_val2014_000000184827.jpg
4187,What type of flower is this?,this flower,./val2014/COCO_val2014_000000231325.jpg
4188,What type of laptop is this?,this laptop,./val2014/COCO_val2014_000000254169.jpg
4189,What is the weather like?,the weather,./val2014/COCO_val2014_000000478862.jpg
4190,What type of boeing passenger jet is pictured here?,boeing passenger jet,./val2014/COCO_val2014_000000333365.jpg
4191,What food does this animal eat?,this animal,./val2014/COCO_val2014_000000301429.jpg
4192,How many people are eating these pancakes?,these pancakes,./val2014/COCO_val2014_000000328838.jpg
4193,What industry does this involve?,this,./val2014/COCO_val2014_000000171500.jpg
4194,Where is this style of home popular in?,this style of home,./val2014/COCO_val2014_000000491755.jpg
4195,In what room would you find this?,this,./val2014/COCO_val2014_000000361621.jpg
4196,What large body of water is this called?,this,./val2014/COCO_val2014_000000156416.jpg
4197,What part of the body is this item used on?,this item,./val2014/COCO_val2014_000000309222.jpg
4198,How strong was the wind?,the wind,./val2014/COCO_val2014_000000237464.jpg
4199,What kind of bike in this showroom?,bike in this showroom,./val2014/COCO_val2014_000000462026.jpg
4200,Which road user has right of way?,road user,./val2014/COCO_val2014_000000154830.jpg
4201,The man is opening what?,man,./val2014/COCO_val2014_000000510329.jpg
4202,What is this bench made out of?,this bench,./val2014/COCO_val2014_000000320554.jpg
4203,What is the toilet made of?,the toilet,./val2014/COCO_val2014_000000485628.jpg
4204,What kind of chair is used for this area?,this area,./val2014/COCO_val2014_000000152751.jpg
4205,Which food items are unhealthy in this picture?,food items,./val2014/COCO_val2014_000000371873.jpg
4206,Where might we find these?,these,./val2014/COCO_val2014_000000417044.jpg
4207,How was this photograpic effect created?,this photograpic effect,./val2014/COCO_val2014_000000485447.jpg
4208,What is this sport called that uses an this type of ball?,this sport,./val2014/COCO_val2014_000000188296.jpg
4209,Where is this bus headed to?,this bus,./val2014/COCO_val2014_000000426917.jpg
4210,Is this good form or bad form for a conventional tennis backhand?,this form,./val2014/COCO_val2014_000000450885.jpg
4211,What are the tournaments for this sport called?,this sport,./val2014/COCO_val2014_000000239456.jpg
4212,How can you tell this isn't really an old photo?,this,./val2014/COCO_val2014_000000027897.jpg
4213,Is this person at the office at home or at a hospital?,this person,./val2014/COCO_val2014_000000337705.jpg
4214,What should these people be wearing?,these people,./val2014/COCO_val2014_000000396200.jpg
4215,Is the device there a laptop or a desktop computer?,device there,./val2014/COCO_val2014_000000305781.jpg
4216,What sport is this?,this,./val2014/COCO_val2014_000000195851.jpg
4217,What is the name of the type of lighting seen here?,type of lighting,./val2014/COCO_val2014_000000047828.jpg
4218,What is the bike made of?,the bike,./val2014/COCO_val2014_000000108679.jpg
4219,Is this animal's memory known to be good or poor?,this animal's memory,./val2014/COCO_val2014_000000084643.jpg
4220,What is this?,this,./val2014/COCO_val2014_000000038190.jpg
4221,What season of the year can this kind of even take place?,this kind of event,./val2014/COCO_val2014_000000377706.jpg
4222,Is that a fire or a river?,that,./val2014/COCO_val2014_000000148588.jpg
4223,What is running in the background?,the background,./val2014/COCO_val2014_000000446113.jpg
4224,What synthetic material are the stacked disposable food containly usually made fom?,stacked disposable food containers,./val2014/COCO_val2014_000000333556.jpg
4225,What shape is the sign?,the sign,./val2014/COCO_val2014_000000153207.jpg
4226,What is the name of this sport's famous english competition?,this sport's famous english competition,./val2014/COCO_val2014_000000343218.jpg
4227,Is it sunny or cloudy out in this picture?,this picture,./val2014/COCO_val2014_000000020553.jpg
4228,What kind of cat is this?,this cat,./val2014/COCO_val2014_000000324857.jpg
4229,What does this device do?,this device,./val2014/COCO_val2014_000000006040.jpg
4230,Based on the language and licence plates what country is this photo taken in?,this photo,./val2014/COCO_val2014_000000383112.jpg
4231,What common kitchen tool could be used to strip the skin off of these vegetables?,these vegetables,./val2014/COCO_val2014_000000406616.jpg
4232,What type of trees are in this picture?,trees in this picture,./val2014/COCO_val2014_000000377080.jpg
4233,What kind of horse is that?,horse is that,./val2014/COCO_val2014_000000227898.jpg
4234,Where do these fruits grow?,these fruits,./val2014/COCO_val2014_000000336360.jpg
4235,What kind of party is this?,this party,./val2014/COCO_val2014_000000226119.jpg
4236,What is the green fruit in this photo?,this photo,./val2014/COCO_val2014_000000473427.jpg
4237,Is this man a professional skiier or doing so just for fun?,this man,./val2014/COCO_val2014_000000505939.jpg
4238,Is that real grass in the picture or fake?,that real grass,./val2014/COCO_val2014_000000527783.jpg
4239,What style of design are the couch and love seat in this room patterned after?,the couch and love seat in this room,./val2014/COCO_val2014_000000236604.jpg
4240,Where would you expect this animal to defecate?,this animal,./val2014/COCO_val2014_000000086168.jpg
4241,Which sport is similar to this one but done alone?,this sport,./val2014/COCO_val2014_000000577033.jpg
4242,Which vegetable is grown underground?,vegetable,./val2014/COCO_val2014_000000466015.jpg
4243,What material are the umbrellas in this photo made of?,umbrellas in this photo,./val2014/COCO_val2014_000000137451.jpg
4244,What city is this?,this,./val2014/COCO_val2014_000000567944.jpg
4245,What is the name of the player in this picture?,player in this picture,./val2014/COCO_val2014_000000126229.jpg
4246,How many calories in this meal?,this meal,./val2014/COCO_val2014_000000549882.jpg
4247,What are these side food items called?,these side food items,./val2014/COCO_val2014_000000238498.jpg
4248,What's the weather like in this picture?,this picture,./val2014/COCO_val2014_000000534428.jpg
4249,What are these animals typically farmed for?,these animals,./val2014/COCO_val2014_000000333286.jpg
4250,How much water does the bowl of this toilet hold?,this toilet,./val2014/COCO_val2014_000000484415.jpg
4251,What ethnicty is this man?,this man,./val2014/COCO_val2014_000000205811.jpg
4252,What type of day is it?,day is it,./val2014/COCO_val2014_000000553942.jpg
4253,What ethnicty is the man?,the man,./val2014/COCO_val2014_000000127074.jpg
4254,What is average length of the tongue of this animal?,this animal,./val2014/COCO_val2014_000000493805.jpg
4255,What type of wood is used for making the bench shown in the picture?,bench shown,./val2014/COCO_val2014_000000010040.jpg
4256,What is the complimentary color to the left person's shirt?,left person's shirt,./val2014/COCO_val2014_000000541909.jpg
4257,What decade could this be?,this,./val2014/COCO_val2014_000000141634.jpg
4258,What time period was this taken during?,this,./val2014/COCO_val2014_000000292082.jpg
4259,Is this art or vandalism on the bus?,this art,./val2014/COCO_val2014_000000182398.jpg
4260,What is causing the steam to come out?,steam to come out,./val2014/COCO_val2014_000000058651.jpg
4261,How far can you travel on this?,this,./val2014/COCO_val2014_000000138527.jpg
4262,What time of day is it?,time of day,./val2014/COCO_val2014_000000535770.jpg
4263,What kind of sandwich is this?,sandwich is this,./val2014/COCO_val2014_000000323370.jpg
4264,What type of cheese is on the pizza?,on the pizza,./val2014/COCO_val2014_000000379502.jpg
4265,What color scale could these zebras be put in?,these zebras,./val2014/COCO_val2014_000000204821.jpg
4266,How many approximate calories is in this meal?,this meal,./val2014/COCO_val2014_000000103161.jpg
4267,In what sport are these athletes competing?,these athletes,./val2014/COCO_val2014_000000024755.jpg
4268,Who is performing?,performing,./val2014/COCO_val2014_000000484434.jpg
4269,What is this giraffe going to eat?,this giraffe,./val2014/COCO_val2014_000000110759.jpg
4270,What kind of tree is this?,this tree,./val2014/COCO_val2014_000000178994.jpg
4271,What is the name of the type of furniture the man is sitting on?,the type of furniture,./val2014/COCO_val2014_000000476925.jpg
4272,What base is the player on?,player on,./val2014/COCO_val2014_000000434219.jpg
4273,Is the chair for private or public use?,the chair,./val2014/COCO_val2014_000000491131.jpg
4274,Why motorcycle can no fall?,motorcycle,./val2014/COCO_val2014_000000346259.jpg
4275,If the blue object were a white ball what sport might these children be doing?,blue object,./val2014/COCO_val2014_000000565239.jpg
4276,What type of court is the person in the photo playing on?,court,./val2014/COCO_val2014_000000248112.jpg
4277,What are the natural enimies of these animals?,these animals,./val2014/COCO_val2014_000000242100.jpg
4278,What age group is the owner of these?,these,./val2014/COCO_val2014_000000193498.jpg
4279,Which green button disconnects a call?,green button,./val2014/COCO_val2014_000000030529.jpg
4280,What type of event is being held?,event,./val2014/COCO_val2014_000000288041.jpg
4281,What room of the house is this located in?,this,./val2014/COCO_val2014_000000027570.jpg
4282,What season is this?,this,./val2014/COCO_val2014_000000265001.jpg
4283,What type of plant is on the pizza?,plant is on the pizza,./val2014/COCO_val2014_000000136227.jpg
4284,What does the diet of this animal consist of?,this animal,./val2014/COCO_val2014_000000569703.jpg
4285,Where is this animal found?,this animal,./val2014/COCO_val2014_000000174457.jpg
4286,What are the walls of this building made of?,this building,./val2014/COCO_val2014_000000295055.jpg
4287,What is the handedness of the man in the photo?,man in the photo,./val2014/COCO_val2014_000000270815.jpg
4288,Where would i find these?,these,./val2014/COCO_val2014_000000534988.jpg
4289,What is this train carrying?,this train,./val2014/COCO_val2014_000000278747.jpg
4290,What brand of computer is this?,computer is this,./val2014/COCO_val2014_000000264385.jpg
4291,What is he holding?,he holding,./val2014/COCO_val2014_000000236025.jpg
4292,What is the name of this position?,this position,./val2014/COCO_val2014_000000176362.jpg
4293,How many passengers does this airplane carry?,this airplane,./val2014/COCO_val2014_000000105552.jpg
4294,Where is this happening?,this,./val2014/COCO_val2014_000000377060.jpg
4295,What company introduced the toy this man is playing with?,toy this man,./val2014/COCO_val2014_000000009378.jpg
4296,What food does the animal eat?,animal,./val2014/COCO_val2014_000000472924.jpg
4297,What meal is this a good place to eat?,this place,./val2014/COCO_val2014_000000464092.jpg
4298,Where are they surfing?,they surfing,./val2014/COCO_val2014_000000492608.jpg
4299,How many people does each of these typically carry?,these,./val2014/COCO_val2014_000000524108.jpg
4300,What is this person doing?,this person,./val2014/COCO_val2014_000000276215.jpg
4301,Is this legal or illegal?,this,./val2014/COCO_val2014_000000201207.jpg
4302,What kind of tree is above the building?,tree,./val2014/COCO_val2014_000000473153.jpg
4303,This animal was inhumanely hunted for what material which can be found in its skin?,This animal,./val2014/COCO_val2014_000000515247.jpg
4304,What is the beverage in the cup called?,beverage in the cup,./val2014/COCO_val2014_000000150703.jpg
4305,What minerals is in this vegatable?,this vegetable,./val2014/COCO_val2014_000000090707.jpg
4306,If this tie has not been tied what other easier alternative product is most likely used?,this tie,./val2014/COCO_val2014_000000208050.jpg
4307,What is the gestation period for the animal shown here?,animal shown here,./val2014/COCO_val2014_000000461774.jpg
4308,What is the mug made of in the photo?,the mug,./val2014/COCO_val2014_000000367528.jpg
4309,What type of phone is this man using?,this man,./val2014/COCO_val2014_000000300353.jpg
4310,What is the smoke coming out of these planes called?,these planes,./val2014/COCO_val2014_000000525322.jpg
4311,What are the headresses on these horses called?,headdresses on these horses,./val2014/COCO_val2014_000000416911.jpg
4312,How many engines does this plane have?,this plane,./val2014/COCO_val2014_000000480605.jpg
4313,What time of day is it?,time of day,./val2014/COCO_val2014_000000533464.jpg
4314,How many people are the field during a game with this sport?,this sport,./val2014/COCO_val2014_000000060886.jpg
4315,What time of day would this meal be eaten?,this meal,./val2014/COCO_val2014_000000214388.jpg
4316,What would you use to raise this object to change the tire?,this object,./val2014/COCO_val2014_000000382530.jpg
4317,What is this item used for?,this item,./val2014/COCO_val2014_000000405635.jpg
4318,What is an oven like this used for?,oven like this,./val2014/COCO_val2014_000000465463.jpg
4319,What language is on the street signs?,street signs,./val2014/COCO_val2014_000000467721.jpg
4320,What is the shape this sign is in?,this sign,./val2014/COCO_val2014_000000454232.jpg
4321,Can you guess the train model shown in this picture?,train model shown in this picture,./val2014/COCO_val2014_000000476813.jpg
4322,What part of the world would this meal be from?,this meal,./val2014/COCO_val2014_000000437412.jpg
4323,What breed of butterfly is that on the plate?,butterfly,./val2014/COCO_val2014_000000383341.jpg
4324,What is on this truck?,this truck,./val2014/COCO_val2014_000000123469.jpg
4325,Name the dish that can be prepared using this fruit shown in this picture?,this fruit,./val2014/COCO_val2014_000000506187.jpg
4326,What breed of cat is this?,cat is this,./val2014/COCO_val2014_000000094336.jpg
4327,How do you get that many trophies?,that many trophies,./val2014/COCO_val2014_000000191265.jpg
4328,What sort of trees are these?,trees are these,./val2014/COCO_val2014_000000507313.jpg
4329,What event is this called?,this,./val2014/COCO_val2014_000000364884.jpg
4330,What's the name of the large square pillows used on beds?,large square pillows,./val2014/COCO_val2014_000000560332.jpg
4331,What is this vase made of?,this vase,./val2014/COCO_val2014_000000498100.jpg
4332,Name the place shown in this picture where the bear is standing?,this picture,./val2014/COCO_val2014_000000553549.jpg
4333,Who rides this type of transportation?,this type of transportation,./val2014/COCO_val2014_000000070294.jpg
4334,Name the type of house where these windows are seen?,these windows,./val2014/COCO_val2014_000000398362.jpg
4335,What breed of dog is this?,dog is this,./val2014/COCO_val2014_000000132389.jpg
4336,Is this device for indoor or outdoor use?,this device,./val2014/COCO_val2014_000000191964.jpg
4337,For what ccountry are these planes flying?,these planes,./val2014/COCO_val2014_000000292171.jpg
4338,What wood are those cabinets made of?,those cabinets,./val2014/COCO_val2014_000000470113.jpg
4339,What is the name of this room if it were to be outside house instead of inside?,this room,./val2014/COCO_val2014_000000341011.jpg
4340,What city is this?,this,./val2014/COCO_val2014_000000552866.jpg
4341,Why is the man wearing a heavy crown jacket?,heavy crown jacket,./val2014/COCO_val2014_000000223327.jpg
4342,What could the emotions of these people be?,these people,./val2014/COCO_val2014_000000229000.jpg
4343,What can we find on this round disk?,this round disk,./val2014/COCO_val2014_000000544883.jpg
4344,What recipe can these be used in?,these,./val2014/COCO_val2014_000000554302.jpg
4345,What time of day is it?,time of day,./val2014/COCO_val2014_000000016180.jpg
4346,What type of camera lens took this photo?,this photo,./val2014/COCO_val2014_000000107939.jpg
4347,Name the place shown in this picture where the game is played?,place shown in this picture,./val2014/COCO_val2014_000000019446.jpg
4348,The two objects floating in the air in the picture can be filled with what gas such that the objects can continue to float upwards in the air?,objects floating,./val2014/COCO_val2014_000000177953.jpg
4349,During what season was this photo taken?,this photo,./val2014/COCO_val2014_000000072011.jpg
4350,Which brand of gas stove is seen in this photo?,this photo,./val2014/COCO_val2014_000000510992.jpg
4351,How many eggs does this animal usually lay at one time?,this animal,./val2014/COCO_val2014_000000043610.jpg
4352,What is in the bowl with the broccoli?,the bowl,./val2014/COCO_val2014_000000335427.jpg
4353,Name the material which is used to make the name board shown in this picture?,name board,./val2014/COCO_val2014_000000053229.jpg
4354,What does the sign in the photo mean?,the sign,./val2014/COCO_val2014_000000327155.jpg
4355,What is the weather like?,weather,./val2014/COCO_val2014_000000057424.jpg
4356,How old is this little tennis player?,this little tennis player,./val2014/COCO_val2014_000000049194.jpg
4357,What food does the animal eat?,the animal,./val2014/COCO_val2014_000000353149.jpg
4358,What model of computer is this?,computer is this,./val2014/COCO_val2014_000000001503.jpg
4359,What is the term for the man wearing black?,man wearing black,./val2014/COCO_val2014_000000575051.jpg
4360,What do people wear to jump out of this transportations safely?,this transportations,./val2014/COCO_val2014_000000041276.jpg
4361,Is the horse providing a practical service or a commercial service?,horse,./val2014/COCO_val2014_000000430788.jpg
4362,What is the safety gear that should be worn while on one of these?,these,./val2014/COCO_val2014_000000044718.jpg
4363,What holiday is this an example of?,this,./val2014/COCO_val2014_000000391722.jpg
4364,What size bed is that?,bed is that,./val2014/COCO_val2014_000000538925.jpg
4365,What are in the rooms?,the rooms,./val2014/COCO_val2014_000000486008.jpg
4366,What breeds of horses are commonly used as farm animals?,horses,./val2014/COCO_val2014_000000112085.jpg
4367,What is located off this exit?,this exit,./val2014/COCO_val2014_000000260433.jpg
4368,What else like these could you find only in kenya along with tigers?,these,./val2014/COCO_val2014_000000053907.jpg
4369,Why does the screen look that way?,screen,./val2014/COCO_val2014_000000115885.jpg
4370,What kind of airplane is this?,airplane is this,./val2014/COCO_val2014_000000298433.jpg
4371,Why are all these eleiphants huddled together?,these elephants,./val2014/COCO_val2014_000000118584.jpg
4372,What is the driver supposed to do?,driver,./val2014/COCO_val2014_000000199883.jpg
4373,What kind of food does this animal eat?,this animal,./val2014/COCO_val2014_000000173142.jpg
4374,How is this item cooked?,this item,./val2014/COCO_val2014_000000440123.jpg
4375,In which room of the house is this table likely to be located?,this table,./val2014/COCO_val2014_000000076518.jpg
4376,What direction is this person going in?,this person,./val2014/COCO_val2014_000000045433.jpg
4377,What hygiene task could i accomplish here?,here,./val2014/COCO_val2014_000000079446.jpg
4378,How many pieces of fruit are in this picture?,fruit are in this picture,./val2014/COCO_val2014_000000543696.jpg
4379,The writing on the bottom of this mirror states what?,this mirror,./val2014/COCO_val2014_000000103127.jpg
4380,Where are these animals found?,these animals,./val2014/COCO_val2014_000000136740.jpg
4381,What is the name of the substance used between tiles to make them watertight?,substance used between tiles,./val2014/COCO_val2014_000000284153.jpg
4382,What country does this food come from?,this food,./val2014/COCO_val2014_000000227526.jpg
4383,What are the green fruit?,green fruit,./val2014/COCO_val2014_000000364343.jpg
4384,What type of license does the operator of this vehicle likely have?,this vehicle,./val2014/COCO_val2014_000000447948.jpg
4385,What kind of transportation are people able to take from this place?,this place,./val2014/COCO_val2014_000000080104.jpg
4386,Which model type is this computer?,this computer,./val2014/COCO_val2014_000000517081.jpg
4387,What type of restaurant cn you usually find this type of food?,this type of food,./val2014/COCO_val2014_000000056244.jpg
4388,What is she drinking?,she drinking,./val2014/COCO_val2014_000000565227.jpg
4389,What type of desert is this?,this desert,./val2014/COCO_val2014_000000158635.jpg
4390,How many stomachs does this animal have?,this animal,./val2014/COCO_val2014_000000573455.jpg
4391,What time of day is it?,time of day is it,./val2014/COCO_val2014_000000058393.jpg
4392,How long does it take to make this food?,this food,./val2014/COCO_val2014_000000248341.jpg
4393,What type of setting would you usually find this bus?,this bus,./val2014/COCO_val2014_000000175151.jpg
4394,When would i eat this?,this,./val2014/COCO_val2014_000000110200.jpg
4395,What is the offspring of this creature called?,this creature,./val2014/COCO_val2014_000000171524.jpg
4396,What color green exactly are the tiles in this room?,tiles in this room,./val2014/COCO_val2014_000000084929.jpg
4397,Bring out the dead featured this vehicle?,this vehicle,./val2014/COCO_val2014_000000025551.jpg
4398,What kind of flooring was used in this bathroom?,this bathroom,./val2014/COCO_val2014_000000576080.jpg
4399,What do skaters do in the winter?,skaters,./val2014/COCO_val2014_000000313872.jpg
4400,How would you describe the shape of these urinals?,these urinals,./val2014/COCO_val2014_000000524954.jpg
4401,What is the life expectancy of this animal?,this animal,./val2014/COCO_val2014_000000512648.jpg
4402,At what time of day might you eat this kind of food?,this kind of food,./val2014/COCO_val2014_000000508748.jpg
4403,The red metal portion that overhangs the wheel is called a what?,red metal portion,./val2014/COCO_val2014_000000205573.jpg
4404,What is the giraffe drinking from?,giraffe drinking,./val2014/COCO_val2014_000000015085.jpg
4405,What is the purpose of keeping these animals?,these animals,./val2014/COCO_val2014_000000379104.jpg
4406,What colors would the sky be if this was sunrise?,this,./val2014/COCO_val2014_000000580720.jpg
4407,How many people can play tennis?,people,./val2014/COCO_val2014_000000090572.jpg
4408,What breed of bird is this?,bird is this,./val2014/COCO_val2014_000000330018.jpg
4409,What is this road comprised of?,this road,./val2014/COCO_val2014_000000238385.jpg
4410,What type of computer is shown?,computer,./val2014/COCO_val2014_000000043417.jpg
4411,Which country does this food originate from?,this food,./val2014/COCO_val2014_000000313538.jpg
4412,What is the common name of the fence in the image?,the fence,./val2014/COCO_val2014_000000057917.jpg
4413,What did this organism evolve from?,this organism,./val2014/COCO_val2014_000000430238.jpg
4414,What were these for?,these,./val2014/COCO_val2014_000000058772.jpg
4415,What do you call the girl riding the animal?,girl riding,./val2014/COCO_val2014_000000448657.jpg
4416,How many different shades of purple do you see?,shades of purple,./val2014/COCO_val2014_000000375760.jpg
4417,What is this animals main food source?,this animal,./val2014/COCO_val2014_000000361693.jpg
4418,What breed of horse is that?,horse is that,./val2014/COCO_val2014_000000255662.jpg
4419,What species of bird is this?,bird is this,./val2014/COCO_val2014_000000137619.jpg
4420,What kind of cupcakes are these?,these cupcakes,./val2014/COCO_val2014_000000390463.jpg
4421,When did this style of suitcase go out of fashion?,this style of suitcase,./val2014/COCO_val2014_000000049862.jpg
4422,What season is this?,this,./val2014/COCO_val2014_000000158887.jpg
4423,Is the cup glass or plastic?,cup,./val2014/COCO_val2014_000000249599.jpg
4424,Based on the appearance of the fruit estimate how ripe it is?,fruit,./val2014/COCO_val2014_000000315974.jpg
4425,What kind of computer monitor is the one in image?,computer monitor,./val2014/COCO_val2014_000000052282.jpg
4426,Who might play here?,here,./val2014/COCO_val2014_000000475906.jpg
4427,What kind of fruit is this tree growing?,this tree,./val2014/COCO_val2014_000000480780.jpg
4428,Name the sea shown in this picture where the ship is seen?,sea shown in this picture,./val2014/COCO_val2014_000000262651.jpg
4429,What is the molecular structure of the liquid the man was riding on?,the liquid,./val2014/COCO_val2014_000000212077.jpg
4430,What food is this?,this,./val2014/COCO_val2014_000000250901.jpg
4431,How many calories are in this dessert?,this dessert,./val2014/COCO_val2014_000000252629.jpg
4432,What are the small statues of?,small statues,./val2014/COCO_val2014_000000364307.jpg
4433,What does this vehicle do?,this vehicle,./val2014/COCO_val2014_000000287318.jpg
4434,What is the top speed of these animals?,these animals,./val2014/COCO_val2014_000000248297.jpg
4435,What type of bird is this?,bird is this,./val2014/COCO_val2014_000000436551.jpg
4436,How does the greenery in this area help the environment?,greenery,./val2014/COCO_val2014_000000078032.jpg
4437,How is the vehicle in the picture powered?,vehicle in the picture,./val2014/COCO_val2014_000000411958.jpg
4438,Which airplane is moving faster?,airplane,./val2014/COCO_val2014_000000511713.jpg
4439,What should this blue object cut?,this blue object,./val2014/COCO_val2014_000000463070.jpg
4440,What brand is this phone?,this phone,./val2014/COCO_val2014_000000112572.jpg
4441,What type of boat is floating on the river?,boat,./val2014/COCO_val2014_000000038179.jpg
4442,What animal known as 'mans best friend' is in the suitcase?,in the suitcase,./val2014/COCO_val2014_000000513125.jpg
4443,Where might this picture have been taken?,this picture,./val2014/COCO_val2014_000000026323.jpg
4444,Where would these be purchased?,these,./val2014/COCO_val2014_000000463970.jpg
4445,What toy is the dog playing with?,toy,./val2014/COCO_val2014_000000288579.jpg
4446,What is the gray and black machine used for?,gray and black machine,./val2014/COCO_val2014_000000095520.jpg
4447,How many calories per slice does this food contain?,this food,./val2014/COCO_val2014_000000429623.jpg
4448,What is the species of bird?,bird,./val2014/COCO_val2014_000000063480.jpg
4449,What are they riding on?,they,./val2014/COCO_val2014_000000376393.jpg
4450,What vitamins do you get from these fruits?,these fruits,./val2014/COCO_val2014_000000139734.jpg
4451,How is this dish prepared?,this dish,./val2014/COCO_val2014_000000570094.jpg
4452,What time of day is it?,time of day,./val2014/COCO_val2014_000000347693.jpg
4453,What is the pattern called that is printed on the umbrella?,pattern on the umbrella,./val2014/COCO_val2014_000000247285.jpg
4454,What sport is being played?,sport,./val2014/COCO_val2014_000000390585.jpg
4455,What breed of cattle are these?,cattle are these,./val2014/COCO_val2014_000000558253.jpg
4456,What the name of the board the person is carrying?,the board,./val2014/COCO_val2014_000000020179.jpg
4457,Who traditionally accesses this red item?,this red item,./val2014/COCO_val2014_000000487698.jpg
4458,What pattern is on the counter top?,counter top,./val2014/COCO_val2014_000000273859.jpg
4459,Why would one suspect this is not a buddhist temple w?,this,./val2014/COCO_val2014_000000163679.jpg
4460,What is the name for this creatures offspring?,this creatures offspring,./val2014/COCO_val2014_000000544590.jpg
4461,What material is the receptacle holding the flowers made from?,the receptacle,./val2014/COCO_val2014_000000462663.jpg
4462,What chemicals are coming out of the chimneys?,the chimneys,./val2014/COCO_val2014_000000211054.jpg
4463,How long is that surfboard?,that surfboard,./val2014/COCO_val2014_000000117127.jpg
4464,What type of building has this kind of bench?,this kind of bench,./val2014/COCO_val2014_000000220819.jpg
4465,What is a natural predator of the depicted animals?,depicted animals,./val2014/COCO_val2014_000000263014.jpg
4466,What season is this?,this,./val2014/COCO_val2014_000000089071.jpg
4467,Are you more likely to find people studying in this environment or more likely to find people headbanging and moshing in this type of environment?,this environment,./val2014/COCO_val2014_000000367095.jpg
4468,What time of day is it?,time of day,./val2014/COCO_val2014_000000210980.jpg
4469,How was this phone case made?,this phone case,./val2014/COCO_val2014_000000182647.jpg
4470,Which material is used for making the sofa set shown in this picture?,sofa set,./val2014/COCO_val2014_000000117112.jpg
4471,What style of painting is that?,painting is that,./val2014/COCO_val2014_000000100187.jpg
4472,What food does this animal eat?,this animal,./val2014/COCO_val2014_000000558671.jpg
4473,What is this play in tennis called?,this play,./val2014/COCO_val2014_000000370637.jpg
4474,What event are they planning for?,they planning for,./val2014/COCO_val2014_000000575156.jpg
4475,What is this monument made of?,this monument,./val2014/COCO_val2014_000000540789.jpg
4476,What type of bath is this?,this bath,./val2014/COCO_val2014_000000573993.jpg
4477,What type of activity are the items on the trailer used for?,items on the trailer,./val2014/COCO_val2014_000000041603.jpg
4478,Why are cats like this considered unlucky?,cats like this,./val2014/COCO_val2014_000000499937.jpg
4479,What style of architecture is the black building?,black building,./val2014/COCO_val2014_000000547597.jpg
4480,What position are these animals in?,these animals,./val2014/COCO_val2014_000000075216.jpg
4481,When was the round object in the photo originally created?,round object,./val2014/COCO_val2014_000000129544.jpg
4482,Which country is this sport big in?,this sport,./val2014/COCO_val2014_000000053420.jpg
4483,What is this room typically used most for?,this room,./val2014/COCO_val2014_000000206705.jpg
4484,What type of weather is this?,this,./val2014/COCO_val2014_000000280710.jpg
4485,Can you guess the place where this person is playing?,this person,./val2014/COCO_val2014_000000179642.jpg
4486,What does he eat?,he,./val2014/COCO_val2014_000000111376.jpg
4487,What is the make of the vehicle?,vehicle,./val2014/COCO_val2014_000000428769.jpg
4488,What difficulty is the ski run?,ski run,./val2014/COCO_val2014_000000099707.jpg
4489,Is it faster riding the bike or the motorcycle?,it,./val2014/COCO_val2014_000000038829.jpg
4490,What country's flag is flying?,flag,./val2014/COCO_val2014_000000105912.jpg
4491,Is this a snack or meal?,this,./val2014/COCO_val2014_000000560427.jpg
4492,What brand of clothing is the person in the image wearing?,person in the image,./val2014/COCO_val2014_000000183843.jpg
4493,What is the name of this apparatus?,this apparatus,./val2014/COCO_val2014_000000552065.jpg
4494,What has four wheels in this picture?,four wheels,./val2014/COCO_val2014_000000415360.jpg
4495,What ethnicty is this man?,this man,./val2014/COCO_val2014_000000375461.jpg
4496,What is this object used for?,this object,./val2014/COCO_val2014_000000404618.jpg
4497,What is that cutlery made of?,that cutlery,./val2014/COCO_val2014_000000352234.jpg
4498,What type of cat is this?,cat is this,./val2014/COCO_val2014_000000426714.jpg
4499,How do you pay for parking here?,parking here,./val2014/COCO_val2014_000000075173.jpg
4500,What material is the knife made of?,knife,./val2014/COCO_val2014_000000171201.jpg
4501,What type of bird eats this food?,this food,./val2014/COCO_val2014_000000284535.jpg
4502,How do you score in this game?,this game,./val2014/COCO_val2014_000000282037.jpg
4503,What culture does she resemble?,she,./val2014/COCO_val2014_000000454404.jpg
4504,What kind of craft is this?,craft is this,./val2014/COCO_val2014_000000262985.jpg
4505,What time of day is it?,time of day,./val2014/COCO_val2014_000000305622.jpg
4506,What is the function of the man in the back center of the picture?,man in the back center,./val2014/COCO_val2014_000000445019.jpg
4507,How many breeds of this animal do we have?,this animal,./val2014/COCO_val2014_000000515025.jpg
4508,What type of wood was used for the siding on this house?,this house,./val2014/COCO_val2014_000000259465.jpg
4509,These animals are natives of what two continents?,These animals,./val2014/COCO_val2014_000000566538.jpg
4510,What is in the air?,the air,./val2014/COCO_val2014_000000144058.jpg
4511,What will she use this for?,this,./val2014/COCO_val2014_000000579462.jpg
4512,What device are these tools connected to?,these tools,./val2014/COCO_val2014_000000132001.jpg
4513,Name the material used to make this suitcase shown in this picture?,this suitcase,./val2014/COCO_val2014_000000518163.jpg
4514,What kind of fabric product is produced from these animals?,these animals,./val2014/COCO_val2014_000000331816.jpg
4515,Name the material which is used to make this bat shown in this picture?,this bat,./val2014/COCO_val2014_000000094865.jpg
4516,What is the cat about to drink from?,cat,./val2014/COCO_val2014_000000200492.jpg
4517,What bakery item is shown?,bakery item,./val2014/COCO_val2014_000000064084.jpg
4518,Name the laptop model shown in this picture?,laptop model,./val2014/COCO_val2014_000000160330.jpg
4519,What kind of wine is he drinking?,wine,./val2014/COCO_val2014_000000529762.jpg
4520,What resturaunt is this dish from?,this dish,./val2014/COCO_val2014_000000461254.jpg
4521,What is the man wearing to protect his arm?,his arm,./val2014/COCO_val2014_000000062549.jpg
4522,What might people say in this situation?,this situation,./val2014/COCO_val2014_000000070739.jpg
4523,Where is this person located?,this person,./val2014/COCO_val2014_000000512985.jpg
4524,What kind of habitat is shown?,habitat,./val2014/COCO_val2014_000000556758.jpg
4525,What state does this picture come from?,this picture,./val2014/COCO_val2014_000000269922.jpg
4526,What is the dog doing?,dog,./val2014/COCO_val2014_000000392108.jpg
4527,What kind of weather is this?,this,./val2014/COCO_val2014_000000269682.jpg
4528,What style of photograph is this?,this photograph,./val2014/COCO_val2014_000000112298.jpg
4529,What is this room used for?,this room,./val2014/COCO_val2014_000000508514.jpg
4530,What is the purpose of the silver strips on these peoples' vests?,silver strips,./val2014/COCO_val2014_000000219928.jpg
4531,What is this machine on the building used for?,this machine,./val2014/COCO_val2014_000000220224.jpg
4532,What are those chairs made out of?,those chairs,./val2014/COCO_val2014_000000328403.jpg
4533,Which food shown here is often served in asian restaurants?,food shown here,./val2014/COCO_val2014_000000379767.jpg
4534,What type of function is happening here?,function is happening here,./val2014/COCO_val2014_000000429408.jpg
4535,What food does the animal eat?,the animal,./val2014/COCO_val2014_000000496081.jpg
4536,How many apps does he have on his phone?,apps,./val2014/COCO_val2014_000000480212.jpg
4537,What is cat litter filler made of?,cat litter filler,./val2014/COCO_val2014_000000363431.jpg
4538,What food does this animal eat?,this animal,./val2014/COCO_val2014_000000575911.jpg
4539,What do these animals eat?,these animals,./val2014/COCO_val2014_000000097362.jpg
4540,What can people do here?,people,./val2014/COCO_val2014_000000105786.jpg
4541,Why couldn't a child ride one of these by themself?,these,./val2014/COCO_val2014_000000120810.jpg
4542,Who is the current highest ranking male player of this sport?,this sport,./val2014/COCO_val2014_000000118447.jpg
4543,What type of elephant is this?,elephant is this,./val2014/COCO_val2014_000000172491.jpg
4544,What kitchen appliance is being used here?,kitchen appliance,./val2014/COCO_val2014_000000408989.jpg
4545,When would i want this?,this,./val2014/COCO_val2014_000000378655.jpg
4546,What does the sign mean?,the sign,./val2014/COCO_val2014_000000296388.jpg
4547,At what temperature should this food be cooked at?,this food,./val2014/COCO_val2014_000000579276.jpg
4548,What flavor is this?,this,./val2014/COCO_val2014_000000155732.jpg
4549,What type of cleaner is being used?,cleaner,./val2014/COCO_val2014_000000278966.jpg
4550,How do you make this treat?,this treat,./val2014/COCO_val2014_000000261940.jpg
4551,What event is this?,this,./val2014/COCO_val2014_000000089804.jpg
4552,How is this form of transportation powered?,this form of transportation,./val2014/COCO_val2014_000000013965.jpg
4553,What is the brick portion of this area referred to as?,brick portion,./val2014/COCO_val2014_000000548164.jpg
4554,What is the bowl made of?,the bowl,./val2014/COCO_val2014_000000420330.jpg
4555,What kind of gathering is this?,this,./val2014/COCO_val2014_000000152499.jpg
4556,What kind of cigarette is the woman smoking?,cigarette,./val2014/COCO_val2014_000000340804.jpg
4557,Who lost this teddy bear?,this teddy bear,./val2014/COCO_val2014_000000115361.jpg
4558,Where do you find these animals?,these animals,./val2014/COCO_val2014_000000577251.jpg
4559,What size are the beds in this photo?,beds in this photo,./val2014/COCO_val2014_000000103705.jpg
4560,Name the type of dress material the girl wearing in this picture?,dress material,./val2014/COCO_val2014_000000236766.jpg
4561,The tables in this room are made from what material?,this room,./val2014/COCO_val2014_000000347390.jpg
4562,What is the process for developing the kind of photo shown?,photo shown,./val2014/COCO_val2014_000000084530.jpg
4563,What kind of performance is happening?,performance,./val2014/COCO_val2014_000000400265.jpg
4564,The white portions of this cat are called what?,this cat,./val2014/COCO_val2014_000000304760.jpg
4565,What kind of dress material the boy is wearing in this picture?,dress material,./val2014/COCO_val2014_000000411559.jpg
4566,What kind of door is shown in this photo?,door,./val2014/COCO_val2014_000000578498.jpg
4567,What was the occasion this was made for?,this,./val2014/COCO_val2014_000000106736.jpg
4568,What do these things have in common?,these things,./val2014/COCO_val2014_000000390201.jpg
4569,Which place is this?,this,./val2014/COCO_val2014_000000102411.jpg
4570,What kind of skateboard is this?,this skateboard,./val2014/COCO_val2014_000000489924.jpg
4571,What meat comes from this animal?,this animal,./val2014/COCO_val2014_000000442979.jpg
4572,How many engines does the item in the photo have?,item in the photo,./val2014/COCO_val2014_000000500058.jpg
4573,What decade would you estimate this to have been taken in?,this,./val2014/COCO_val2014_000000463783.jpg
4574,Is it showing or raining?,it,./val2014/COCO_val2014_000000149014.jpg
4575,What team does he play for?,he play,./val2014/COCO_val2014_000000211163.jpg
4576,What gender are these cattle?,these cattle,./val2014/COCO_val2014_000000475423.jpg
4577,How many calories does this meal have?,this meal,./val2014/COCO_val2014_000000224557.jpg
4578,When was this sport invented?,this sport,./val2014/COCO_val2014_000000389295.jpg
4579,What is the name of the large constellation associated with this animal?,this animal,./val2014/COCO_val2014_000000026159.jpg
4580,Where could you wash your hands?,your hands,./val2014/COCO_val2014_000000240501.jpg
4581,What city is this in?,this,./val2014/COCO_val2014_000000535997.jpg
4582,What safety equipment is being used?,safety equipment,./val2014/COCO_val2014_000000018519.jpg
4583,What country is often credited with the invention of this type of food?,this type of food,./val2014/COCO_val2014_000000561004.jpg
4584,What vegetable is there?,vegetable,./val2014/COCO_val2014_000000225943.jpg
4585,Are these people indoors or outdoors?,these people,./val2014/COCO_val2014_000000010613.jpg
4586,What type of kitchen appliance is this?,this,./val2014/COCO_val2014_000000577552.jpg
4587,What is the name of the pavement that this vehicle lands on?,this vehicle lands,./val2014/COCO_val2014_000000033114.jpg
4588,What does this man fly for fun?,this man fly,./val2014/COCO_val2014_000000418893.jpg
4589,What is the sidewalk made out of?,sidewalk,./val2014/COCO_val2014_000000394904.jpg
4590,What dangers exist when consuming food in close proximity to a laptop?,food,./val2014/COCO_val2014_000000302643.jpg
4591,What are the ingredients used for preparing the dish shown before you?,dish shown before you,./val2014/COCO_val2014_000000175437.jpg
4592,What forms of transportation are there?,transportation are there,./val2014/COCO_val2014_000000041570.jpg
4593,How many of these run daily in the us?,these,./val2014/COCO_val2014_000000291067.jpg
4594,What is in the glass?,the glass,./val2014/COCO_val2014_000000551581.jpg
4595,How is this vehicle powered?,this vehicle,./val2014/COCO_val2014_000000230903.jpg
4596,Name the laptop model shown in this picture?,this picture,./val2014/COCO_val2014_000000356740.jpg
4597,The lady is holding something what medical conditions had this thing been linked too?,this thing,./val2014/COCO_val2014_000000010192.jpg
4598,The people pictured are focusing on what object in this picture?,object in this picture,./val2014/COCO_val2014_000000389108.jpg
4599,What pattern is the cover?,the cover,./val2014/COCO_val2014_000000003425.jpg
4600,What country are these dishes from?,these dishes,./val2014/COCO_val2014_000000006220.jpg
4601,Where would this be located in a house?,this,./val2014/COCO_val2014_000000009288.jpg
4602,Why is she smiling?,she smiling,./val2014/COCO_val2014_000000301991.jpg
4603,Which age group visit this kind of place?,this kind of place,./val2014/COCO_val2014_000000345849.jpg
4604,What is being served as a beverage?,beverage,./val2014/COCO_val2014_000000279864.jpg
4605,What is painted on the bench?,the bench,./val2014/COCO_val2014_000000453584.jpg
4606,In what city is the cross section of these particular streets?,these particular streets,./val2014/COCO_val2014_000000500826.jpg
4607,Who would ride the train?,train,./val2014/COCO_val2014_000000286021.jpg
4608,What is the woman doing?,the woman,./val2014/COCO_val2014_000000047511.jpg
4609,Which machine are those storage devices used in?,those storage devices,./val2014/COCO_val2014_000000469294.jpg
4610,What type of food might be served in a place like this?,place like this,./val2014/COCO_val2014_000000508950.jpg
4611,Where does this usually belong?,this,./val2014/COCO_val2014_000000099961.jpg
4612,What breed of dog is this?,dog is this,./val2014/COCO_val2014_000000553721.jpg
4613,What are they all doing together?,they all,./val2014/COCO_val2014_000000411303.jpg
4614,What game console is that man playing?,console,./val2014/COCO_val2014_000000039844.jpg
4615,Where might you see this?,this,./val2014/COCO_val2014_000000113975.jpg
4616,Where would you find this?,this,./val2014/COCO_val2014_000000348045.jpg
4617,What did they use what he was holding for?,he was holding,./val2014/COCO_val2014_000000356043.jpg
4618,What is the person on?,the person,./val2014/COCO_val2014_000000062363.jpg
4619,What is the object all of the note books are sitting on made of?,object,./val2014/COCO_val2014_000000247259.jpg
4620,Is that a panda or a cat?,that,./val2014/COCO_val2014_000000005577.jpg
4621,Is this a snack or meal?,this,./val2014/COCO_val2014_000000543224.jpg
4622,What sort of natural disaster is this land prone to?,this land,./val2014/COCO_val2014_000000158254.jpg
4623,What building is this?,building is this,./val2014/COCO_val2014_000000367087.jpg
4624,What type of sporting equipment is being worn?,sporting equipment,./val2014/COCO_val2014_000000346140.jpg
4625,What vocalization do these animals make?,these animals,./val2014/COCO_val2014_000000417846.jpg
4626,What style is this table set up in?,this table,./val2014/COCO_val2014_000000250164.jpg
4627,Do you know where they are going?,they,./val2014/COCO_val2014_000000026734.jpg
4628,What is the animals natural predator?,animals natural predator,./val2014/COCO_val2014_000000489475.jpg
4629,What sort of phone would you associate with this computer?,this computer,./val2014/COCO_val2014_000000229653.jpg
4630,What breed of dog is this?,dog is this,./val2014/COCO_val2014_000000173350.jpg
4631,What country is this activity most popular in?,this activity,./val2014/COCO_val2014_000000432421.jpg
4632,Where is this picture taken?,this picture,./val2014/COCO_val2014_000000155449.jpg
4633,What social media app is famous for using facial filters?,social media app,./val2014/COCO_val2014_000000311922.jpg
4634,What does this move have in common with what a waitress does?,this move,./val2014/COCO_val2014_000000147667.jpg
4635,What type of hit is being preformed?,hit,./val2014/COCO_val2014_000000315810.jpg
4636,What kind of bread is in this picture?,bread is in this picture,./val2014/COCO_val2014_000000067686.jpg
4637,What is he holding?,he holding,./val2014/COCO_val2014_000000382307.jpg
4638,Why is the coast guard in the water?,coast guard,./val2014/COCO_val2014_000000516727.jpg
4639,What paper is frequently used here?,here,./val2014/COCO_val2014_000000332532.jpg
4640,What is the nickname of this city?,this city,./val2014/COCO_val2014_000000376493.jpg
4641,What area of the united states would this animal be found in?,this animal,./val2014/COCO_val2014_000000209728.jpg
4642,What color filter was used on this photo to achieve an aged look?,this photo,./val2014/COCO_val2014_000000262262.jpg
4643,What breed of livestock are these animals?,these animals,./val2014/COCO_val2014_000000246064.jpg
4644,What breed of cat is this?,cat is this,./val2014/COCO_val2014_000000405306.jpg
4645,What age group plays this sport the most?,this sport,./val2014/COCO_val2014_000000005476.jpg
4646,What style of architecture is pictured?,architecture,./val2014/COCO_val2014_000000258702.jpg
4647,By what method can bananas be converted into a beverage?,bananas,./val2014/COCO_val2014_000000271471.jpg
4648,What season is it?,season,./val2014/COCO_val2014_000000389174.jpg
4649,What drink do humans get from this animal?,this animal,./val2014/COCO_val2014_000000414679.jpg
4650,What are the cans made of?,cans,./val2014/COCO_val2014_000000441432.jpg
4651,What is stopping the horse from following the cat?,horse from following,./val2014/COCO_val2014_000000485148.jpg
4652,If she is eating the pizza right side up estimate the calorie count of the pizza she is eating?,pizza she is eating,./val2014/COCO_val2014_000000059201.jpg
4653,In which city are the headquarters of the bank whose logo is shown in the image located?,headquarters of the bank,./val2014/COCO_val2014_000000233119.jpg
4654,What game system does the remote in the child's hand belong to?,remote in the child's hand,./val2014/COCO_val2014_000000234251.jpg
4655,What is the appropriate names for babies of this species?,this species,./val2014/COCO_val2014_000000323295.jpg
4656,What style of furniture is featured here?,featured here,./val2014/COCO_val2014_000000428041.jpg
4657,What city does this intersection belong in?,this intersection,./val2014/COCO_val2014_000000449546.jpg
4658,What sport is being played?,sport being played,./val2014/COCO_val2014_000000567494.jpg
4659,What time is he brushing his teeth?,he brushing his teeth,./val2014/COCO_val2014_000000507167.jpg
4660,What brand of mustard?,mustard,./val2014/COCO_val2014_000000402528.jpg
4661,What is the sink made of?,sink,./val2014/COCO_val2014_000000423769.jpg
4662,Who is playing this sport?,this sport,./val2014/COCO_val2014_000000415723.jpg
4663,What trimester is the woman in the photo currently in?,woman in the photo,./val2014/COCO_val2014_000000578545.jpg
4664,Is this an example of a lecture or a film?,this,./val2014/COCO_val2014_000000008021.jpg
4665,What does this bird eat?,this bird,./val2014/COCO_val2014_000000061836.jpg
4666,What is one sport that could be done in this environment?,this environment,./val2014/COCO_val2014_000000413852.jpg
4667,Where is this beverage created?,this beverage,./val2014/COCO_val2014_000000253171.jpg
4668,What can protect this driver in case of a crash?,this driver,./val2014/COCO_val2014_000000354132.jpg
4669,What type of vessel would remain in this environment?,this environment,./val2014/COCO_val2014_000000041924.jpg
4670,Is this fun or boring?,this,./val2014/COCO_val2014_000000322119.jpg
4671,What kind of bulbs are used in this light fixture?,this light fixture,./val2014/COCO_val2014_000000337264.jpg
4672,What kind of camera lens created this photo effect?,this photo effect,./val2014/COCO_val2014_000000407067.jpg
4673,What can you make with these?,these,./val2014/COCO_val2014_000000321089.jpg
4674,What indoor activity are the people doing?,indoor activity,./val2014/COCO_val2014_000000153455.jpg
4675,Can you guess the dress material weared by these persons in this picture?,these persons,./val2014/COCO_val2014_000000420347.jpg
4676,What style of clothing are these kids wearing?,these kids,./val2014/COCO_val2014_000000457877.jpg
4677,What is the habitat of these creatures?,these creatures,./val2014/COCO_val2014_000000388770.jpg
4678,Which company own this aeroplane?,this aeroplane,./val2014/COCO_val2014_000000192788.jpg
4679,What type of conversation is this?,this,./val2014/COCO_val2014_000000564572.jpg
4680,What breed of dog is this?,dog is this,./val2014/COCO_val2014_000000222317.jpg
4681,When might you want this?,this,./val2014/COCO_val2014_000000400333.jpg
4682,Who is the manufacturer of that motorcycle?,that motorcycle,./val2014/COCO_val2014_000000218476.jpg
4683,What is this main dish called?,this main dish,./val2014/COCO_val2014_000000570465.jpg
4684,What might these boats be used for?,these boats,./val2014/COCO_val2014_000000179869.jpg
4685,What types of fabric are used to make window curtains?,window curtains,./val2014/COCO_val2014_000000102947.jpg
4686,What are the breeds of the cows in this photo?,cows in this photo,./val2014/COCO_val2014_000000202093.jpg
4687,Which brand is the suitcase there?,suitcase,./val2014/COCO_val2014_000000085637.jpg
4688,What year will the vehicle?,vehicle,./val2014/COCO_val2014_000000278576.jpg
4689,What is the best way to calculate payment for this item?,this item,./val2014/COCO_val2014_000000196313.jpg
4690,What major city is this?,this,./val2014/COCO_val2014_000000251888.jpg
4691,What style of train is in the station?,train is in the station,./val2014/COCO_val2014_000000225093.jpg
4692,What is the name of this bird?,this bird,./val2014/COCO_val2014_000000167902.jpg
4693,Name one specific object the children in the photo are most likely looking at?,children in the photo,./val2014/COCO_val2014_000000015345.jpg
4694,What kind of gathering is this?,this gathering,./val2014/COCO_val2014_000000338417.jpg
4695,Does this type of bird travel alone or in a flock?,this type of bird,./val2014/COCO_val2014_000000055299.jpg
4696,What musician sang about this food item in paradise in 1978?,this food item,./val2014/COCO_val2014_000000333480.jpg
4697,What sport are the women playing?,the women,./val2014/COCO_val2014_000000400981.jpg
4698,What company makes this car?,this car,./val2014/COCO_val2014_000000092338.jpg
4699,What is the average life expectancy of the animal shown?,animal shown,./val2014/COCO_val2014_000000480345.jpg
4700,What effect on the ocean does this planetary body cause?,this planetary body,./val2014/COCO_val2014_000000155051.jpg
4701,What is the name for this type of toilet?,this type of toilet,./val2014/COCO_val2014_000000188421.jpg
4702,Where would you find these?,these,./val2014/COCO_val2014_000000364205.jpg
4703,Which athlete of this sport has a video game named after him?,this sport,./val2014/COCO_val2014_000000216863.jpg
4704,Who rides this type of vehicle?,this type of vehicle,./val2014/COCO_val2014_000000434867.jpg
4705,Where can i get the same cake topper?,cake topper,./val2014/COCO_val2014_000000332968.jpg
4706,What protective gear might one need for this activity?,this activity,./val2014/COCO_val2014_000000149375.jpg
4707,What is the architectural style of this window?,this window,./val2014/COCO_val2014_000000396461.jpg
4708,What is this person wearing?,this person,./val2014/COCO_val2014_000000412604.jpg
4709,How is this prepared?,this,./val2014/COCO_val2014_000000366499.jpg
4710,What is this skateboard move called?,this skateboard move,./val2014/COCO_val2014_000000295138.jpg
4711,What sport are these racers doing?,these racers,./val2014/COCO_val2014_000000137501.jpg
4712,What is on this sandwich?,this sandwich,./val2014/COCO_val2014_000000402115.jpg
4713,What is this sport called she is playing?,this sport,./val2014/COCO_val2014_000000352257.jpg
4714,Who is the official in this sport?,this sport,./val2014/COCO_val2014_000000295589.jpg
4715,In what country was this photo taken in?,this photo,./val2014/COCO_val2014_000000323528.jpg
4716,What was the fastest pitch in history?,fastest pitch,./val2014/COCO_val2014_000000398753.jpg
4717,Electric or gas stove?,stove,./val2014/COCO_val2014_000000088634.jpg
4718,How could the cat get here?,here,./val2014/COCO_val2014_000000546378.jpg
4719,What do you need for camping?,for camping,./val2014/COCO_val2014_000000544044.jpg
4720,When was the first airplane flight?,airplane flight,./val2014/COCO_val2014_000000187745.jpg
4721,What type of battery powers these devices?,these devices,./val2014/COCO_val2014_000000371948.jpg
4722,What room of the house is this?,this,./val2014/COCO_val2014_000000366141.jpg
4723,Where are cars of this brand made?,this brand,./val2014/COCO_val2014_000000542042.jpg
4724,How do we know that these are not polar bears?,these,./val2014/COCO_val2014_000000112573.jpg
4725,What are these people waiting for?,these people,./val2014/COCO_val2014_000000140963.jpg
4726,What is the man doing with his phone?,his phone,./val2014/COCO_val2014_000000458903.jpg
4727,Where could you buy this item?,this item,./val2014/COCO_val2014_000000387539.jpg
4728,What do people do here?,here,./val2014/COCO_val2014_000000016875.jpg
4729,What hobby might this depict?,this,./val2014/COCO_val2014_000000421069.jpg
4730,How is the tobacco plant affiliated with this picture?,tobacco plant,./val2014/COCO_val2014_000000211326.jpg
4731,What is used to make these bowls that color?,these bowls,./val2014/COCO_val2014_000000122047.jpg
4732,What are these type of vehicles used for?,these type of vehicles,./val2014/COCO_val2014_000000060610.jpg
4733,How old is this picture?,this picture,./val2014/COCO_val2014_000000386739.jpg
4734,What long equiptment is used to play this sport?,this sport,./val2014/COCO_val2014_000000005934.jpg
4735,What activity usually takes place in this room?,this room,./val2014/COCO_val2014_000000409855.jpg
4736,What color is the stop sign?,stop sign,./val2014/COCO_val2014_000000221882.jpg
4737,Why is allowing this pet behavior bad for the electronic?,this pet behavior,./val2014/COCO_val2014_000000060792.jpg
4738,When was this sport invented?,this sport,./val2014/COCO_val2014_000000279420.jpg
4739,What are they cutting?,they,./val2014/COCO_val2014_000000567877.jpg
4740,What is the scientific name of the animal on the chair?,animal on the chair,./val2014/COCO_val2014_000000315790.jpg
4741,What kind of coating was used on this bench?,this bench,./val2014/COCO_val2014_000000383026.jpg
4742,What brand is the women's sweater in the middle?,women's sweater,./val2014/COCO_val2014_000000041990.jpg
4743,What is the best climate for raising these animals?,these animals,./val2014/COCO_val2014_000000563381.jpg
4744,What is the term used to describe the picture style?,picture style,./val2014/COCO_val2014_000000548942.jpg
4745,What sport are the items below the pictures used for?,items below the pictures,./val2014/COCO_val2014_000000422212.jpg
4746,What food does the animal eat?,the animal,./val2014/COCO_val2014_000000155974.jpg
4747,When would someone sit here?,here,./val2014/COCO_val2014_000000035313.jpg
4748,What restaurant is this?,this,./val2014/COCO_val2014_000000330493.jpg
4749,Is this type of hot dog more famous in chicago or new york?,this type of hot dog,./val2014/COCO_val2014_000000534274.jpg
4750,What type of bus is parked here?,bus,./val2014/COCO_val2014_000000491881.jpg
4751,What are the plates made of?,plates,./val2014/COCO_val2014_000000381318.jpg
4752,What species of birds are in the tree?,birds in the tree,./val2014/COCO_val2014_000000037705.jpg
4753,What season is this?,season is this,./val2014/COCO_val2014_000000110231.jpg
4754,If the people in this picture licked their lips what would it taste like?,people in this picture,./val2014/COCO_val2014_000000467479.jpg
4755,When was this object first created?,this object,./val2014/COCO_val2014_000000549674.jpg
4756,What is the typical name for the numbered shirt the man is wearing?,numbered shirt,./val2014/COCO_val2014_000000389644.jpg
4757,Where does this animal live?,this animal,./val2014/COCO_val2014_000000324554.jpg
4758,What company is featured on this ad?,this ad,./val2014/COCO_val2014_000000256601.jpg
4759,What color is the taxi?,the taxi,./val2014/COCO_val2014_000000407150.jpg
4760,How tall is the tree that these fruit grow on?,these fruit,./val2014/COCO_val2014_000000383762.jpg
4761,Where in the middle east is this?,this,./val2014/COCO_val2014_000000373284.jpg
4762,What is the red sauce on the food item on the right?,red sauce,./val2014/COCO_val2014_000000351667.jpg
4763,What base is this player standing on?,this player standing,./val2014/COCO_val2014_000000143098.jpg
4764,What kind of train is this?,this train,./val2014/COCO_val2014_000000192332.jpg
4765,Who collects tickets on this ride?,this ride,./val2014/COCO_val2014_000000443038.jpg
4766,Can you guess the place where this sport is played?,this sport,./val2014/COCO_val2014_000000114375.jpg
4767,What kind of fruit is these?,these,./val2014/COCO_val2014_000000368096.jpg
4768,What is that blue table made out of?,that blue table,./val2014/COCO_val2014_000000514990.jpg
4769,How is this made?,this,./val2014/COCO_val2014_000000028343.jpg
4770,What is that plane doing?,that plane,./val2014/COCO_val2014_000000403820.jpg
4771,What fruit is pictured from south america?,fruit,./val2014/COCO_val2014_000000139260.jpg
4772,What do you put in this machine to operate it?,this machine,./val2014/COCO_val2014_000000123639.jpg
4773,Where are these fruits grown?,these fruits,./val2014/COCO_val2014_000000094563.jpg
4774,How many miles per gallon does that white car get?,that white car,./val2014/COCO_val2014_000000109012.jpg
4775,Where can you find these signs?,these signs,./val2014/COCO_val2014_000000038685.jpg
4776,Is this baby messy or dirty?,this baby,./val2014/COCO_val2014_000000420840.jpg
4777,What cities still have cable cars?,cable cars,./val2014/COCO_val2014_000000396496.jpg
4778,What is this plane doing?,this plane,./val2014/COCO_val2014_000000329562.jpg
4779,What age group plays this sport the most?,this sport,./val2014/COCO_val2014_000000120234.jpg
4780,Who can use this transportation type?,this transportation type,./val2014/COCO_val2014_000000555687.jpg
4781,What could be in there?,there,./val2014/COCO_val2014_000000066508.jpg
4782,What are these people drinking?,these people drinking,./val2014/COCO_val2014_000000515716.jpg
4783,In what room would you find this piece of furniture?,this piece of furniture,./val2014/COCO_val2014_000000078194.jpg
4784,What's in the middle of that sweet?,that sweet,./val2014/COCO_val2014_000000468866.jpg
4785,What kind of food is he selling?,food,./val2014/COCO_val2014_000000402922.jpg
4786,What is this plane about to do?,this plane,./val2014/COCO_val2014_000000336384.jpg
4787,What is the type of dog on the woman's lap?,dog on the lap,./val2014/COCO_val2014_000000329687.jpg
4788,What is this bench made of?,this bench,./val2014/COCO_val2014_000000456884.jpg
4789,What food is displayed in the window?,food,./val2014/COCO_val2014_000000474293.jpg
4790,What had caused the train to go brown?,train,./val2014/COCO_val2014_000000491106.jpg
4791,Can you guess the material used to make this boy shirt shown in this picture?,this boy shirt,./val2014/COCO_val2014_000000485985.jpg
4792,This restricts an animals movement?,this,./val2014/COCO_val2014_000000504516.jpg
4793,What do people do in this room?,this room,./val2014/COCO_val2014_000000326410.jpg
4794,What is it he is trying to catch?,it,./val2014/COCO_val2014_000000259097.jpg
4795,What airline is this?,this,./val2014/COCO_val2014_000000013348.jpg
4796,What war is this airplane associated with?,this airplane,./val2014/COCO_val2014_000000036528.jpg
4797,Does the fireplace pictured use wood or gas?,fireplace pictured,./val2014/COCO_val2014_000000577161.jpg
4798,What is the building made of?,building,./val2014/COCO_val2014_000000242523.jpg
4799,What kind of cat is this?,this cat,./val2014/COCO_val2014_000000505891.jpg
4800,What type of flower could that be?,that,./val2014/COCO_val2014_000000264489.jpg
4801,Who has the right of way here?,here,./val2014/COCO_val2014_000000183833.jpg
4802,What vegetable is this food made from?,this food,./val2014/COCO_val2014_000000281976.jpg
4803,Name the material used to prepare this board shown in this picture?,this board,./val2014/COCO_val2014_000000059743.jpg
4804,What kind of fruit is picture in this warehouse?,is picture in this warehouse,./val2014/COCO_val2014_000000090891.jpg
4805,What material is most common in the bathroom?,the bathroom,./val2014/COCO_val2014_000000088846.jpg
4806,What shape is the sign?,the sign,./val2014/COCO_val2014_000000268396.jpg
4807,How many people can this type of vehicle carry?,this type of vehicle,./val2014/COCO_val2014_000000449031.jpg
4808,What official public servants are known to favor these confections?,these confections,./val2014/COCO_val2014_000000367771.jpg
4809,Where is this clock located?,this clock,./val2014/COCO_val2014_000000335833.jpg
4810,Who invented the first board like this?,board like this,./val2014/COCO_val2014_000000005105.jpg
4811,How high can one of these fly?,these fly,./val2014/COCO_val2014_000000169936.jpg
4812,What vitamin do these fruit give?,these fruit,./val2014/COCO_val2014_000000264992.jpg
4813,What type of natural disaster is most likely to happen to this scene?,this scene,./val2014/COCO_val2014_000000224118.jpg
4814,What spices typically go on this side item?,this side item,./val2014/COCO_val2014_000000225603.jpg
4815,What is the main rival of the drink on the table?,drink on the table,./val2014/COCO_val2014_000000024112.jpg
4816,What is the writing on the train usually called?,writing on the train,./val2014/COCO_val2014_000000437284.jpg
4817,What types of crop could be this green?,this green,./val2014/COCO_val2014_000000379376.jpg
4818,When do i eat these?,these,./val2014/COCO_val2014_000000240783.jpg
4819,What is in the barrels?,the barrels,./val2014/COCO_val2014_000000159262.jpg
4820,What year was this type of lighting source invented?,this type of lighting,./val2014/COCO_val2014_000000512240.jpg
4821,When would you want this drink?,this drink,./val2014/COCO_val2014_000000439651.jpg
4822,Can you guess the place name where this sport is played?,this sport,./val2014/COCO_val2014_000000374051.jpg
4823,What type of drink is in the bottle?,the bottle,./val2014/COCO_val2014_000000385377.jpg
4824,What is the purpose of this room?,this room,./val2014/COCO_val2014_000000002388.jpg
4825,What makes the sky that color?,that color,./val2014/COCO_val2014_000000338105.jpg
4826,What kind of cat is this?,this cat,./val2014/COCO_val2014_000000390322.jpg
4827,Which objects shown are typically associated with small children?,objects shown,./val2014/COCO_val2014_000000459449.jpg
4828,Why is the rope here?,rope here,./val2014/COCO_val2014_000000153343.jpg
4829,Is the stove electric or gas?,stove,./val2014/COCO_val2014_000000093140.jpg
4830,Which league are these baseball players in?,these baseball players,./val2014/COCO_val2014_000000046859.jpg
4831,What sport is commonly paired with this food?,this food,./val2014/COCO_val2014_000000236996.jpg
4832,What is the game they are playing?,they are playing,./val2014/COCO_val2014_000000302498.jpg
4833,What is this vehicle used for?,this vehicle,./val2014/COCO_val2014_000000099553.jpg
4834,What time of day is it?,time of day,./val2014/COCO_val2014_000000036678.jpg
4835,What activity is this person participating in?,this person,./val2014/COCO_val2014_000000183387.jpg
4836,Where can't i park?,i park,./val2014/COCO_val2014_000000189226.jpg
4837,Who makes the shoes the tennis player is wearing?,shoes,./val2014/COCO_val2014_000000434486.jpg
4838,What country is this?,this,./val2014/COCO_val2014_000000037675.jpg
4839,What is the job of the dog in this photo?,dog in this photo,./val2014/COCO_val2014_000000138083.jpg
4840,Is this activity healthy or unhealthy?,this activity,./val2014/COCO_val2014_000000517889.jpg
4841,Kids have these on their birthday?,these,./val2014/COCO_val2014_000000004011.jpg
4842,Who does this belong to?,this,./val2014/COCO_val2014_000000482589.jpg
4843,If he misses what is it called?,it,./val2014/COCO_val2014_000000093725.jpg
4844,What orange topping is on the pizza?,orange topping,./val2014/COCO_val2014_000000164179.jpg
4845,What mineral is found in this fruit?,this fruit,./val2014/COCO_val2014_000000148549.jpg
4846,Who invented the first one of these?,these,./val2014/COCO_val2014_000000364743.jpg
4847,Where are these giraffes living?,these giraffes,./val2014/COCO_val2014_000000431557.jpg
4848,What time of year is it?,it,./val2014/COCO_val2014_000000542782.jpg
4849,How many passengers will this plane transport?,this plane,./val2014/COCO_val2014_000000046011.jpg
4850,What are the horse breeds that the people are riding?,horse breeds,./val2014/COCO_val2014_000000007281.jpg
4851,What activity are these tools used for?,these tools,./val2014/COCO_val2014_000000506137.jpg
4852,What prompted this municipality to install this sign?,this sign,./val2014/COCO_val2014_000000268770.jpg
4853,What kind of airplanes are those?,airplanes,./val2014/COCO_val2014_000000097790.jpg
4854,What is the machine in the image used for?,machine in the image,./val2014/COCO_val2014_000000304099.jpg
4855,Cool hand luke went to prison for defacing these?,these,./val2014/COCO_val2014_000000038186.jpg
4856,What type of cake might be found here?,cake,./val2014/COCO_val2014_000000540354.jpg
4857,This famous brand of shoe wear is called what?,brand of shoe wear,./val2014/COCO_val2014_000000136680.jpg
4858,Wht activity is about to take place?,activity,./val2014/COCO_val2014_000000469030.jpg
4859,Name the ceramic type used to make these flower vases shown in this picture?,these flower vases,./val2014/COCO_val2014_000000081512.jpg
4860,What is on the bread on the left?,bread on the left,./val2014/COCO_val2014_000000041507.jpg
4861,What do these animals consume to survive?,these animals,./val2014/COCO_val2014_000000454314.jpg
4862,What utensil is this?,this,./val2014/COCO_val2014_000000456816.jpg
4863,What is the complimentary color to the man's shirt?,man's shirt,./val2014/COCO_val2014_000000306135.jpg
4864,What might the card say?,the card,./val2014/COCO_val2014_000000049473.jpg
4865,Name the brand or model of the refrigerator shown in this picture?,this refrigerator,./val2014/COCO_val2014_000000118625.jpg
4866,What food do these animals eat?,these animals,./val2014/COCO_val2014_000000166259.jpg
4867,These are the domesticated variety of what kind of creature?,these,./val2014/COCO_val2014_000000142454.jpg
4868,What bathroom appliance is this kid sitting next to?,this kid,./val2014/COCO_val2014_000000391774.jpg
4869,What are the decals made of?,the decals,./val2014/COCO_val2014_000000441535.jpg
4870,How many lives does this thing have?,this thing,./val2014/COCO_val2014_000000109055.jpg
4871,What are they drinking?,they drinking,./val2014/COCO_val2014_000000170638.jpg
4872,What type of bear species is shown in the picture?,shown in the picture,./val2014/COCO_val2014_000000452263.jpg
4873,What breed of dog is this?,this dog,./val2014/COCO_val2014_000000328200.jpg
4874,Who is this cake for?,this cake,./val2014/COCO_val2014_000000276413.jpg
4875,What do giraffes like to eat?,giraffes,./val2014/COCO_val2014_000000401123.jpg
4876,Which one of these animals is native to north america?,these animals,./val2014/COCO_val2014_000000432732.jpg
4877,When might you dress like this?,like this,./val2014/COCO_val2014_000000091839.jpg
4878,What profession is permitted to sentence people to this location?,this location,./val2014/COCO_val2014_000000149197.jpg
4879,What item indicates that the speaker is not a culinary expert?,item,./val2014/COCO_val2014_000000119476.jpg
4880,What gaming system is being played?,gaming system,./val2014/COCO_val2014_000000293625.jpg
4881,How many calories are contained in this food?,this food,./val2014/COCO_val2014_000000448837.jpg
4882,This appliance is used for what?,This appliance,./val2014/COCO_val2014_000000445433.jpg
4883,What is the meter for?,the meter,./val2014/COCO_val2014_000000211675.jpg
4884,When did people start wearing those types of hat like the man in the plaid shirt?,those types of hat,./val2014/COCO_val2014_000000223739.jpg
4885,How is this item prepared?,this item,./val2014/COCO_val2014_000000295269.jpg
4886,What species of animal is this?,this animal,./val2014/COCO_val2014_000000051304.jpg
4887,These shirts are in store or at home?,These shirts,./val2014/COCO_val2014_000000252549.jpg
4888,What type of animal is this?,animal is this,./val2014/COCO_val2014_000000133061.jpg
4889,What are the candies on this cake?,candies on this cake,./val2014/COCO_val2014_000000558388.jpg
4890,What is the purpose of these vehicles?,these vehicles,./val2014/COCO_val2014_000000572303.jpg
4891,Why do we suspect this is a poor tanning day?,this,./val2014/COCO_val2014_000000505933.jpg
4892,Which room in a typical appartment is shown in this picture?,this picture,./val2014/COCO_val2014_000000248918.jpg
4893,In what sport do people use the items pictured here?,items pictured here,./val2014/COCO_val2014_000000516750.jpg
4894,Is this safe or dangerous?,this,./val2014/COCO_val2014_000000430546.jpg
4895,What antioxidants does this fruit contain?,this fruit,./val2014/COCO_val2014_000000229599.jpg
4896,What is this model train sitting on?,this model train,./val2014/COCO_val2014_000000157955.jpg
4897,What is the weather like?,the weather,./val2014/COCO_val2014_000000303409.jpg
4898,What gaming system are they playing?,gaming system,./val2014/COCO_val2014_000000033835.jpg
4899,Can you guess the material used to make the post shown in this picture?,post shown,./val2014/COCO_val2014_000000325690.jpg
4900,What time of day is it?,time of day,./val2014/COCO_val2014_000000471446.jpg
4901,What birds are these?,birds are these,./val2014/COCO_val2014_000000367876.jpg
4902,This animal is known for several acute senses including what?,this animal,./val2014/COCO_val2014_000000472530.jpg
4903,Which animal shown is closely associated with roof nests and holland?,animal shown,./val2014/COCO_val2014_000000223554.jpg
4904,On what type of fuel source do these vehicles run on?,these vehicles,./val2014/COCO_val2014_000000001799.jpg
4905,What might be their hobby?,their hobby,./val2014/COCO_val2014_000000276719.jpg
4906,Where would you find this mode of transportation?,this mode of transportation,./val2014/COCO_val2014_000000237060.jpg
4907,What tool are they using to shield themselves?,they,./val2014/COCO_val2014_000000574350.jpg
4908,What other animal has colouration like the animal on the left?,animal on the left,./val2014/COCO_val2014_000000432724.jpg
4909,Name the type of dress material the person is wearing in this picture?,dress material,./val2014/COCO_val2014_000000278890.jpg
4910,What brand of softdrink does this establishment serve?,this establishment,./val2014/COCO_val2014_000000363581.jpg
4911,Who officiates these games?,these games,./val2014/COCO_val2014_000000062355.jpg
4912,Should the graffiti on this truck be considered vandalism or art?,this truck,./val2014/COCO_val2014_000000317424.jpg
4913,What drink is being prepared?,drink,./val2014/COCO_val2014_000000119752.jpg
4914,What country is it likely this is?,this,./val2014/COCO_val2014_000000079589.jpg
4915,What activity is taking place?,activity,./val2014/COCO_val2014_000000430096.jpg
4916,What is the name of the fruit that is sliced?,fruit that is sliced,./val2014/COCO_val2014_000000435576.jpg
4917,What is the traditional name for this kind of structure?,this kind of structure,./val2014/COCO_val2014_000000474711.jpg
4918,What type of bowl is filled with water in this photo?,this photo,./val2014/COCO_val2014_000000120157.jpg
4919,What would you drink to go with this food?,this food,./val2014/COCO_val2014_000000205222.jpg
4920,What type of flooring is in the picture?,flooring in the picture,./val2014/COCO_val2014_000000457226.jpg
4921,Where would you find this sign?,this sign,./val2014/COCO_val2014_000000280413.jpg
4922,How long does this breed of dogs typically live?,this breed of dogs,./val2014/COCO_val2014_000000448181.jpg
4923,A group of these animals is called a what?,these animals,./val2014/COCO_val2014_000000185774.jpg
4924,What is the purpose of the sign post?,sign post,./val2014/COCO_val2014_000000429386.jpg
4925,What brand of soda is on the bottle?,bottle,./val2014/COCO_val2014_000000545114.jpg
4926,What kind of material is that shower made of?,shower,./val2014/COCO_val2014_000000106193.jpg
4927,What is generating the smoke from this airplane?,this airplane,./val2014/COCO_val2014_000000217783.jpg
4928,What company owns this bus?,this bus,./val2014/COCO_val2014_000000087356.jpg
4929,Which meal of the day is this?,this,./val2014/COCO_val2014_000000324008.jpg
4930,What type of cuisine is featured here?,featured here,./val2014/COCO_val2014_000000213809.jpg
4931,What sport is the child playing?,the child,./val2014/COCO_val2014_000000415016.jpg
4932,What company sells these sunglasses?,these sunglasses,./val2014/COCO_val2014_000000154222.jpg
4933,What sport could they do with these?,these,./val2014/COCO_val2014_000000483723.jpg
4934,What type of weather yields those clouds?,those clouds,./val2014/COCO_val2014_000000369533.jpg
4935,What kind of banana are these?,banana are these,./val2014/COCO_val2014_000000122851.jpg
4936,What type of desk is this?,desk is this,./val2014/COCO_val2014_000000507575.jpg
4937,Where can you purchase this animal?,this animal,./val2014/COCO_val2014_000000028874.jpg
4938,What is needed to drive this vehicle?,this vehicle,./val2014/COCO_val2014_000000145061.jpg
4939,What's the model of the motorcycle on the right?,motorcycle on the right,./val2014/COCO_val2014_000000115363.jpg
4940,What type of spread is being used on the bread?,spread,./val2014/COCO_val2014_000000160104.jpg
4941,What is this chair made from?,this chair,./val2014/COCO_val2014_000000067122.jpg
4942,What gender are these bears?,these bears,./val2014/COCO_val2014_000000246077.jpg
4943,What kind of fruit?,fruit,./val2014/COCO_val2014_000000310202.jpg
4944,What game are these people playing?,these people playing,./val2014/COCO_val2014_000000487925.jpg
4945,How many hours do these animals sleep daily?,these animals,./val2014/COCO_val2014_000000148272.jpg
4946,What kind of competition is this?,competition is this,./val2014/COCO_val2014_000000049731.jpg
4947,Why does the women use an umbrella?,umbrella,./val2014/COCO_val2014_000000321176.jpg
4948,What time of day is it?,time of day,./val2014/COCO_val2014_000000164779.jpg
4949,Is the element in the picture in a solid liquid or in a gas state?,element in the picture,./val2014/COCO_val2014_000000372249.jpg
4950,What type of place is this?,this place,./val2014/COCO_val2014_000000324189.jpg
4951,What type of transit is this?,this transit,./val2014/COCO_val2014_000000032777.jpg
4952,What objects can these hold?,these,./val2014/COCO_val2014_000000295564.jpg
4953,What is the persons title that stands behind the player up to bat?,person's title,./val2014/COCO_val2014_000000517938.jpg
4954,What kind of vehicles does this lot hold?,this lot,./val2014/COCO_val2014_000000223466.jpg
4955,What does this vehicle transport?,this vehicle,./val2014/COCO_val2014_000000150129.jpg
4956,Where are these people having dinner?,these people,./val2014/COCO_val2014_000000351887.jpg
4957,What kind of dog is this?,this dog,./val2014/COCO_val2014_000000113271.jpg
4958,The person with the paddle is doing what activity?,person with the paddle,./val2014/COCO_val2014_000000540932.jpg
4959,What do these animals eat?,these animals,./val2014/COCO_val2014_000000306383.jpg
4960,Which type of wood is used to make the table shown in this photo?,the table,./val2014/COCO_val2014_000000503938.jpg
4961,What has been planted in this field?,this field,./val2014/COCO_val2014_000000119964.jpg
4962,What meat do we get from this animal when grown?,this animal,./val2014/COCO_val2014_000000244167.jpg
4963,Can you guess the material used to prepare this bench?,this bench,./val2014/COCO_val2014_000000321476.jpg
4964,What is the ball made out of in this sport?,this sport,./val2014/COCO_val2014_000000365217.jpg
4965,How many eggs do the water fowl in this picture lay?,water fowl in this picture,./val2014/COCO_val2014_000000432796.jpg
4966,When would this meal be commonly eaten?,this meal,./val2014/COCO_val2014_000000377091.jpg
4967,What were they fixing?,they,./val2014/COCO_val2014_000000034820.jpg
4968,A flower worn where this man is putting his hands would be called a what?,this man,./val2014/COCO_val2014_000000420546.jpg
4969,What breed of dog is shown here?,dog shown here,./val2014/COCO_val2014_000000205854.jpg
4970,What is the common color theme?,color theme,./val2014/COCO_val2014_000000117337.jpg
4971,What kind of board is that?,board,./val2014/COCO_val2014_000000203214.jpg
4972,What is most likely the name of the type of body of water theses people are next to?,body of water,./val2014/COCO_val2014_000000158628.jpg
4973,Why is the rider leaning?,rider,./val2014/COCO_val2014_000000573072.jpg
4974,What church does that steeple belong to?,that steeple,./val2014/COCO_val2014_000000154854.jpg
4975,What harsh terrain is this plane over?,this plane,./val2014/COCO_val2014_000000424776.jpg
4976,What is needed to drive this vehicle?,this vehicle,./val2014/COCO_val2014_000000023774.jpg
4977,How many people use this mode of transportation daily in the world?,this mode of transportation,./val2014/COCO_val2014_000000456833.jpg
4978,What product is most used from this animal?,this animal,./val2014/COCO_val2014_000000424799.jpg
4979,What is this a historical viewing of?,this,./val2014/COCO_val2014_000000327225.jpg
4980,When would you want this?,this,./val2014/COCO_val2014_000000188447.jpg
4981,What is the name of the sport in the picture?,sport in the picture,./val2014/COCO_val2014_000000367905.jpg
4982,What is the kind of photo this woman in taking?,photo,./val2014/COCO_val2014_000000394199.jpg
4983,Which one of these devices has the lowest msrp?,these devices,./val2014/COCO_val2014_000000011099.jpg
4984,What brand is this mixer?,this mixer,./val2014/COCO_val2014_000000552610.jpg
4985,Which brand of car is shown in this photo?,this photo,./val2014/COCO_val2014_000000125539.jpg
4986,What is the blue item in the persons hand made of?,blue item,./val2014/COCO_val2014_000000169648.jpg
4987,Where would one find these animals?,these animals,./val2014/COCO_val2014_000000007566.jpg
4988,In this photo what nutritions is this dish rich in?,this dish,./val2014/COCO_val2014_000000099647.jpg
4989,When was this activity first invented?,this activity,./val2014/COCO_val2014_000000156727.jpg
4990,How was the side cooked?,the side,./val2014/COCO_val2014_000000523470.jpg
4991,What is the buddha statue made out of?,buddha statue,./val2014/COCO_val2014_000000565962.jpg
4992,How long has this train rail been in service?,this train rail,./val2014/COCO_val2014_000000084693.jpg
4993,What cause does this man support?,this man,./val2014/COCO_val2014_000000390048.jpg
4994,How many people can play this game?,this game,./val2014/COCO_val2014_000000213830.jpg
4995,Name the material used to make these helmets shown in this picture?,these helmets,./val2014/COCO_val2014_000000012047.jpg
4996,What type of weather is this?,this,./val2014/COCO_val2014_000000310035.jpg
4997,What should someone do when the light on these items is green?,these items,./val2014/COCO_val2014_000000425874.jpg
4998,What style of wallpaper is used on these walls?,these walls,./val2014/COCO_val2014_000000550784.jpg
4999,Where was this taken?,this,./val2014/COCO_val2014_000000556345.jpg
5000,What professional team has won the most championships in the sport being played here?,sport being played here,./val2014/COCO_val2014_000000412916.jpg
5001,In what kind of climate are animals like the one shown originated?,animals like the one,./val2014/COCO_val2014_000000111840.jpg
5002,Is this tennis player playing tennis or just being dramatic?,this tennis player,./val2014/COCO_val2014_000000126137.jpg
5003,Where would you find the animal in the background in the wild?,animal in the background,./val2014/COCO_val2014_000000070943.jpg
5004,What is this woman going to hit with the ball?,this woman,./val2014/COCO_val2014_000000190423.jpg
5005,What country created this food?,this food,./val2014/COCO_val2014_000000381060.jpg
5006,What type of bird is this?,bird is this,./val2014/COCO_val2014_000000035195.jpg
5007,How many offspring do these animals typically bare?,these animals,./val2014/COCO_val2014_000000026942.jpg
5008,What kind of food might this bird eat?,this bird,./val2014/COCO_val2014_000000111590.jpg
5009,What type of cuisine is this?,this,./val2014/COCO_val2014_000000368679.jpg
5010,What country is this bus from?,this bus,./val2014/COCO_val2014_000000391187.jpg
5011,What breed of dog is shown?,dog is shown,./val2014/COCO_val2014_000000524382.jpg
5012,Besides the name of a street this is also the name of a breed of what ranch animal?,this,./val2014/COCO_val2014_000000158952.jpg
5013,Name the material used to make these umbrella shown in this picture?,these umbrella,./val2014/COCO_val2014_000000193122.jpg
5014,What country did this animal originate from?,this animal,./val2014/COCO_val2014_000000109873.jpg
5015,In what kind of stadium is this sport played?,this sport,./val2014/COCO_val2014_000000432239.jpg
5016,Can you guess what type paper is used for printing this paper?,this paper,./val2014/COCO_val2014_000000507147.jpg
5017,What is the outfit this man is wearing called?,this outfit,./val2014/COCO_val2014_000000192168.jpg
5018,Where does the word shown here come from?,word,./val2014/COCO_val2014_000000016903.jpg
5019,What kind of building is this?,building is this,./val2014/COCO_val2014_000000567197.jpg
5020,What position is behind the batter?,position behind the batter,./val2014/COCO_val2014_000000339245.jpg
5021,What is this object mad out of?,this object,./val2014/COCO_val2014_000000539390.jpg
5022,What is made from potatoes?,potatoes,./val2014/COCO_val2014_000000034567.jpg
5023,Based on the photo estimate the age of the dog?,the dog,./val2014/COCO_val2014_000000279994.jpg
5024,What is the name of the flowering tree?,flowering tree,./val2014/COCO_val2014_000000108129.jpg
5025,Is this a snack or meal?,this,./val2014/COCO_val2014_000000381563.jpg
5026,What species of elephant is this?,elephant is this,./val2014/COCO_val2014_000000457217.jpg
5027,What breed of horse is this?,horse is this,./val2014/COCO_val2014_000000127576.jpg
5028,What is this kind of truck called?,this kind of truck,./val2014/COCO_val2014_000000474164.jpg
5029,What kind of bird is pictured here?,bird,./val2014/COCO_val2014_000000467593.jpg
5030,A person who only eats these is called what?,these,./val2014/COCO_val2014_000000384486.jpg
5031,Is this a mountain or foothill?,this,./val2014/COCO_val2014_000000162144.jpg
5032,What type of park is this?,this park,./val2014/COCO_val2014_000000531815.jpg
5033,The two colorful keyboard shaped objects are used for what?,colorful keyboard shaped objects,./val2014/COCO_val2014_000000051028.jpg
5034,What are these products a good source of?,these products,./val2014/COCO_val2014_000000225751.jpg
5035,If you ask someone to put their name on a piece of paper for your personal pleasure you are asking for their what?,their name,./val2014/COCO_val2014_000000116017.jpg
5036,What conditions are necessary for this sport?,this sport,./val2014/COCO_val2014_000000536933.jpg
5037,Which country might the liquid on the far left have originated in?,liquid on the far left,./val2014/COCO_val2014_000000124759.jpg
5038,Name the place shown in this picture?,this picture,./val2014/COCO_val2014_000000176226.jpg
5039,What types of food are these items?,these items,./val2014/COCO_val2014_000000209480.jpg
5040,What is the name of the hairstyle of the lady depicted in the picture?,hairstyle of the lady,./val2014/COCO_val2014_000000498462.jpg
5041,What piece of athletic equipment is in the athletes hand?,athletic equipment,./val2014/COCO_val2014_000000010123.jpg
5042,The pattern of this green shirt is called a what?,this green shirt,./val2014/COCO_val2014_000000491784.jpg
5043,Where would you find this animal in the wild?,this animal,./val2014/COCO_val2014_000000362941.jpg
5044,Can you guess what kind of material is used to make this cap?,this cap,./val2014/COCO_val2014_000000110587.jpg
5045,What fruit is typically added to the top of cereal?,fruit,./val2014/COCO_val2014_000000581829.jpg